chart,chart_week,year,title,artist,weekly_peak,place,place_category,mention_type,matched_text,latitude,longitude,note,approved,suggest,inductee,release,release_type,credited_as,musicbrainz
rock_hall,,2016,Conrad Tokyo,A Tribe Called Quest,,"Tokyo, Japan, Asia",City,Direct,tokyo,35.6895,139.6917,,,y,A Tribe Called Quest,We got it from Here… Thank You 4 Your service,Album,A Tribe Called Quest,https://musicbrainz.org/release-group/b445860f-edd9-4160-841c-fccf5533ecbd
rock_hall,,1974,What About Livingstone,ABBA,,"Livingstone, Zambia",City,Direct,livingstone,,,,,"n — David Livingstone, a person",ABBA,Waterloo,Album,ABBA,https://musicbrainz.org/release-group/1f78ea53-5e9c-46b6-8cd4-9d8a9c547a85
rock_hall,,1975,Tropical Loveland,ABBA,,"Loveland, Colorado",City,Direct,loveland,,,,,"n — Loveland here isn't Loveland, Colorado",ABBA,ABBA,Album,ABBA,https://musicbrainz.org/release-group/5ee43a5f-94eb-3f0c-a1ec-e0476251d95f
rock_hall,,1977,Happy Hawaii,ABBA,,"Hawaii, United States, North America",State/Region,Direct,hawaii,21.094,-157.498,,,y,ABBA,"Knowing Me, Knowing You",Single,ABBA,https://musicbrainz.org/release-group/0d27ae53-b4e6-3a55-83e2-475c29f69799
rock_hall,,1978,Sin City,AC/DC,,"Las Vegas, Nevada, United States, North America",City,Nickname,sin city,36.2277,-115.264,also in the dataset by The Flying Burrito Brothers,,y,AC/DC,Rock ’n’ Roll Damnation,Single,AC/DC,https://musicbrainz.org/release-group/ce931e79-89ed-4598-b768-bf8c08e0f6c3
rock_hall,,1983,Bedlam in Belgium,AC/DC,,"Belgium, Europe",Country,Direct,belgium,50.85045,4.34878,,,y,AC/DC,Flick of the Switch,Album,AC/DC,https://musicbrainz.org/release-group/91a288b8-8404-3d1e-991c-cdc837cf915d
rock_hall,,2000,Safe in New York City,AC/DC,,"New York, New York, United States, North America",City,Direct,new york city,40.6643,-73.9385,,,y,AC/DC,Safe in New York City,Single,AC/DC,https://musicbrainz.org/release-group/2f636051-646a-34bd-8a21-46598482dbac
rock_hall,,1979,Bone to Bone (Coney Island White Fish Boy),Aerosmith,,"Coney Island, New York, New York, United States, North America",Street/Landmark,Direct,coney island,40.5755,-73.9707,,,y,Aerosmith,Night in the Ruts,Album,Aerosmith,https://musicbrainz.org/release-group/5aad45b5-1b5c-3764-9386-dd3efcc6a16d
rock_hall,,1997,Miami Madness,Aerosmith,,"Miami, Florida, United States, North America",City,Direct,miami,25.7752,-80.2086,,,y,Aerosmith,Taste of India,Single,Aerosmith,https://musicbrainz.org/release-group/642438da-0c4f-3d16-b1ae-d79323e51879
rock_hall,,1997,Taste of India,Aerosmith,,"India, Asia",Country,Direct,india,28.62137,77.2148,,,y,Aerosmith,Taste of India,Single,Aerosmith,https://musicbrainz.org/release-group/642438da-0c4f-3d16-b1ae-d79323e51879
rock_hall,,1977,Georgia Boy,Al Green,,"Georgia, United States, North America",State/Region,Direct,georgia,33.04,-83.643,,,y,Al Green,The Belle Album,Album,Al Green,https://musicbrainz.org/release-group/4d8ba551-d676-32e4-a4a9-4fa5902dc6b0
rock_hall,,1968,Blue Moon of Kentucky,Al Kooper,,"Kentucky, United States, North America",State/Region,Direct,kentucky,37.668,-84.67,"also in the dataset by Bill Monroe, Elvis Presley",,y,Al Kooper,I Stand Alone,Album,Al Kooper,https://musicbrainz.org/release-group/fda3debc-2e93-312b-a36d-b1567b3fe8c5
rock_hall,,1968,"It Takes a Lot to Laugh, It Takes a Train to Cry",Stephen Stills and Al Kooper,,"A Train, New York, New York, United States, North America",Street/Landmark,Direct,a train,40.82404,-73.944769,,,"n — 'a train', not the A train subway line",Al Kooper,Super Session,Album,Stephen Stills & Al Kooper,https://musicbrainz.org/release-group/442ebfe8-15c3-3d6f-a9f3-bdf1167fa364
rock_hall,,1969,The Great American Marriage Nothing,Al Kooper,,"United States, North America",Country,Demonym,american,38.8951,-77.0364,,,y,Al Kooper,You Never Know Who Your Friends Are,Album,Al Kooper,https://musicbrainz.org/release-group/6da1b07a-a17a-3301-8905-529f944eda1d
rock_hall,,1971,"New York City (You're a Woman) (excerpt From ""New York City: 6am to Midnight"" - A Symphony in Progress)",Al Kooper,,"New York, New York, United States, North America",City,Direct,new york city,40.6643,-73.9385,also in the dataset by Zwol,,y,Al Kooper,New York City (You're a Woman),Album,Al Kooper,https://musicbrainz.org/release-group/4e25a5e9-0b4a-481c-b686-e8ffd6f7c82f
rock_hall,,1976,Hollywood Vampire,Al Kooper,,"Hollywood, California, United States, North America",Neighborhood/District,Direct,hollywood,34.0928,-118.3287,,,y,Al Kooper,Act Like Nothing’s Wrong,Album,Al Kooper,https://musicbrainz.org/release-group/e2f5fae3-0d65-3397-9344-e38591c2eb76
rock_hall,,1962,Travelin' to California,Albert King,,"California, United States, North America",State/Region,Direct,california,36.116,-119.682,,,y,Albert King,The Big Blues,Album,Albert King,https://musicbrainz.org/release-group/62cc8243-09a3-3b64-872f-7687317a6ae6
rock_hall,,1967,Kansas City,Albert King,,"Kansas City, Missouri, United States, North America",City,Direct,kansas city,39.1252,-94.5511,"also in the dataset by Hank Ballard And The Midnighters, James Brown And The Famous Flames, Little Richard, Rocky Olson, The New Basement Tapes, Trini Lopez, Wilbert Harrison",,y,Albert King,Born Under a Bad Sign,Album,Albert King,https://musicbrainz.org/release-group/022e4221-f872-39e2-bac5-d924c849a52d
rock_hall,,1969,Tupelo,"Albert King, Steve Cropper and Pops Staples",,"Tupelo, Mississippi, United States, North America",City,Direct,tupelo,34.2576,-88.7034,also in the dataset by Nick Cave,,y,Albert King,Jammed Together,Album,"Albert King, Steve Cropper & Pops Staples",https://musicbrainz.org/release-group/e57a671c-15fd-30a7-9ab0-e0bef7861632
rock_hall,,1971,Bay Area Blues,Albert King,,"San Francisco Bay Area, California, United States, North America",Continent/Region,Direct,bay area,37.8,-122.3,"new place — pin approximate, check it",,y,Albert King,Lovejoy,Album,Albert King,https://musicbrainz.org/release-group/fa5fdde0-a41c-34d0-b836-fc7b364e8e55
rock_hall,,1983,Floodin' in California,Albert King,,"California, United States, North America",State/Region,Direct,california,36.116,-119.682,,,y,Albert King,San Francisco '83,Album,Albert King,https://musicbrainz.org/release-group/36ba60f3-94ff-45b4-aefc-291221bb3ea3
rock_hall,,1990,Goin' to California,Albert King,,"California, United States, North America",State/Region,Direct,california,36.116,-119.682,,,y,Albert King,Let's Have a Natural Ball,Album,Albert King,https://musicbrainz.org/release-group/21c71032-d130-3153-9a12-5fbaefa971dc
rock_hall,,1971,Clay House Inn,Alexis Korner,,"Clay, Kentucky, United States, North America",City,Direct,clay,37.476389,-87.820278,UK chart but a little-used US place — check it isn't a British namesake,,n — clay the material,Alexis Korner,Alexis Korner,Album,Alexis Korner,https://musicbrainz.org/release-group/8b34f51e-1284-4939-9b51-32acc6e4bbfd
rock_hall,,1979,East St. Louis Blues,Alexis Korner,,"East St. Louis, Illinois, United States, North America",City,Direct,st louis,38.6245,-90.1509,"new place — pin from geonamescache, check it; place changed from 'St. Louis, Missouri, United States, North America'",,"y — East St. Louis, Illinois",Alexis Korner,Me,Album,Alexis Korner,https://musicbrainz.org/release-group/2e2cca51-88c5-32d4-8bb6-f7757f675bd1
rock_hall,,1979,Santa Fe Blues,Alexis Korner,,"Santa Fe, New Mexico, United States, North America",City,Direct,santa fe,35.666,-105.9737,,,y,Alexis Korner,Me,Album,Alexis Korner,https://musicbrainz.org/release-group/2e2cca51-88c5-32d4-8bb6-f7757f675bd1
rock_hall,,1984,Beirut,Alexis Korner,,"Beirut, Lebanon, Asia",City,Direct,beirut,33.8933,35.5016,"new place — pin from geonamescache, check it",,y,Alexis Korner,Juvenile Delinquent,Album,Alexis Korner,https://musicbrainz.org/release-group/d36e1c16-4c22-4e9d-ac43-85e513318807
rock_hall,,1994,New Orleans,Alexis Korner,,"New Orleans, Louisiana, United States, North America",City,Direct,new orleans,30.0686,-89.939,"also in the dataset by Bern Elliott and the Fenmen, Eddie Hodges, Gary U.S. Bonds, Gillan, Harley Quinne, Neil Diamond, The Staple Singers; earliest MusicBrainz release is 1994, after Alexis Korner died (1984) — probably a reissue; use the original release year",,y,Alexis Korner,The Lost Album,Album,Alexis Korner,https://musicbrainz.org/release-group/5ec91080-49b8-3c30-adb8-ebede37c9165
rock_hall,,1973,Big Apple Dreamin’ (Hippo),Alice Cooper,,"New York, New York, United States, North America",City,Nickname,big apple,40.6643,-73.9385,,,y,Alice Cooper,Muscle of Love,Album,Alice Cooper,https://musicbrainz.org/release-group/37b67a0c-941b-3054-8ca7-76f3124bedd3
rock_hall,,1978,Wish I Were Born in Beverly Hills,Alice Cooper,,"Beverly Hills, California, United States, North America",City,Direct,beverly hills,34.0792,-118.4024,,,y,Alice Cooper,From the Inside,Album,Alice Cooper,https://musicbrainz.org/release-group/8417b731-6626-376f-b76f-f1ccc5b1e413
rock_hall,,1982,For Britain Only,Alice Cooper,,"United Kingdom, Europe",Country,Direct,britain,51.5085,-0.1257,,,y,Alice Cooper,For Britain Only,Single,Alice Cooper,https://musicbrainz.org/release-group/edb65ee3-848d-4bdd-8d80-0cd36d6938c5
rock_hall,,1983,I Love America,Alice Cooper,,"United States, North America",Country,Direct,america,38.8951,-77.0364,also in the dataset by Patrick Juvet,,y,Alice Cooper,DaDa,Album,Alice Cooper,https://musicbrainz.org/release-group/cf29ea84-15df-33f4-a07f-93538a8d87ca
rock_hall,,1986,The Great American Success Story,Alice Cooper,,"United States, North America",Country,Demonym,american,38.8951,-77.0364,,,y,Alice Cooper,Constrictor,Album,Alice Cooper,https://musicbrainz.org/release-group/24c4fdde-4494-3837-a288-5b4fdbe966eb
rock_hall,,2003,Detroit City,Alice Cooper,,"Detroit, Michigan, United States, North America",City,Direct,detroit,42.383,-83.1022,"also in the dataset by Bobby Bare, Tom Jones",,y,Alice Cooper,The Eyes of Alice Cooper,Album,Alice Cooper,https://musicbrainz.org/release-group/ea019edf-4a33-34d6-8f68-c069ff14fd99
rock_hall,,2017,Genuine American Girl,Alice Cooper,,"United States, North America",Country,Demonym,american,38.8951,-77.0364,,,y,Alice Cooper,Paranormal,Album,Alice Cooper,https://musicbrainz.org/release-group/2ac14982-001d-42de-8ff3-dc49a46774c6
rock_hall,,2019,Detroit City 2020,Alice Cooper,,"Detroit, Michigan, United States, North America",City,Direct,detroit,42.383,-83.1022,,,y,Alice Cooper,The Breadcrumbs EP,EP,Alice Cooper,https://musicbrainz.org/release-group/305fec86-158a-47af-9566-b117ee05c252
rock_hall,,2021,Detroit City 2021,Alice Cooper,,"Detroit, Michigan, United States, North America",City,Direct,detroit,42.383,-83.1022,,,y,Alice Cooper,Detroit Stories,Album,Alice Cooper,https://musicbrainz.org/release-group/5bc48d32-eaa9-4eea-8238-38c4039e40ec
rock_hall,,1964,One Room Paradise,Aretha Franklin,,"Paradise, Kentucky, United States, North America",City,Direct,paradise,37.268056,-86.983611,,,"n — paradise as in heaven or bliss, not Paradise, Kentucky",Aretha Franklin,Runnin’ Out of Fools,Album,Aretha Franklin,https://musicbrainz.org/release-group/d4541106-8d24-4fb2-bbe4-1c98bf595a01
rock_hall,,1966,Swanee,Aretha Franklin,,"Suwannee River, Georgia/Florida, United States, North America",Water/Natural Feature,Direct,swanee,30.38,-83.16,also in the dataset by Al Jolson,,y,Aretha Franklin,Cry Like a Baby / Swanee,Single,Aretha Franklin,https://musicbrainz.org/release-group/11652982-be44-487a-9abd-73c3f9316abf
rock_hall,,1967,Her Little Heart Went to Loveland,Aretha Franklin,,"Loveland, Colorado",City,Direct,loveland,,,,,"n — Loveland here isn't Loveland, Colorado",Aretha Franklin,Take It Like You Give It,Album,Aretha Franklin,https://musicbrainz.org/release-group/d027dc23-9ed5-4836-a864-c4dc1a6ab0fb
rock_hall,,1972,First Snow in Kokomo,Aretha Franklin,,"Kokomo, Indiana, United States, North America",City,Direct,kokomo,40.4753,-86.1328,,,y,Aretha Franklin,"Young, Gifted and Black",Album,Aretha Franklin,https://musicbrainz.org/release-group/f62ec525-7158-37c1-8535-6eaac62435b3
rock_hall,,1973,Mister Spain,Aretha Franklin,,"Spain, Europe",Country,Direct,spain,40.4165,-3.7026,,,? — Mister Spain may be a nickname — check,Aretha Franklin,Hey Now Hey (The Other Side of the Sky),Album,Aretha Franklin,https://musicbrainz.org/release-group/a8cb39e9-da59-3c89-904a-3b8443ed3424
rock_hall,,1973,Sister From Texas,Aretha Franklin,,"Texas, United States, North America",State/Region,Direct,texas,31.054,-97.563,,,y,Aretha Franklin,Hey Now Hey (The Other Side of the Sky),Album,Aretha Franklin,https://musicbrainz.org/release-group/a8cb39e9-da59-3c89-904a-3b8443ed3424
rock_hall,,2014,Midnight Train to Georgia,Aretha Franklin,,"Georgia, United States, North America",State/Region,Direct,georgia,33.04,-83.643,also in the dataset by Gladys Knight and the Pips,,y,Aretha Franklin,Aretha Franklin Sings the Great Diva Classics,Album,Aretha Franklin,https://musicbrainz.org/release-group/6be61306-3361-4679-848b-7e3a37d8caa7
rock_hall,,2010,Arif Mardin,Arif Mardin ft. Raul Midón,,"Mardin, Turkey",City,Direct,mardin,,,,,"n — Arif Mardin, a person",Arif Mardin,All My Friends Are Here,Album,Arif Mardin feat. Raul Midón,https://musicbrainz.org/release-group/539cde1f-7214-4685-b674-7ef25808e4f3
rock_hall,,,Mississippi,B.B. King,,"Mississippi, United States, North America",State/Region,Direct,mississippi,32.741,-89.678,"also in the dataset by Bob Dylan, John Phillips, Pussycat; no release date on MusicBrainz — fill in year",,y,B.B. King,Mississippi,Single,B.B. King,https://musicbrainz.org/release-group/47af9cb7-cd56-38ca-adcd-5d492449d58a
rock_hall,,1979,"Oh, Atlanta",Bad Company,,"Atlanta, Georgia, United States, North America",City,Direct,atlanta,33.7629,-84.4227,,,y,Bad Company,Desolation Angels,Album,Bad Company,https://musicbrainz.org/release-group/573e6d7c-e9bb-3e0b-a416-c1b0458da475
rock_hall,,1982,Old Mexico,Bad Company,,"Mexico, North America",Country,Direct,mexico,19.4285,-99.1277,,,y,Bad Company,Rough Diamonds,Album,Bad Company,https://musicbrainz.org/release-group/f3f4eb6d-a62e-3a43-b8ce-57daa70bdc42
rock_hall,,1988,Rock of America,Bad Company,,"United States, North America",Country,Direct,america,38.8951,-77.0364,,,y,Bad Company,Dangerous Age,Album,Bad Company,https://musicbrainz.org/release-group/f6951824-db55-3c60-8218-d1cc66a3f3a2
rock_hall,,1995,Clearwater Highway,Bad Company,,"Clearwater, Florida, United States, North America",City,Direct,clearwater,27.9658,-82.8001,"new place — pin from geonamescache, check it",,"? — Clearwater Highway — probably not Clearwater, Florida",Bad Company,Company of Strangers,Album,Bad Company,https://musicbrainz.org/release-group/20c4d5dc-af22-35b9-9f40-7a93455cdc02
rock_hall,,1996,Downpour In Cairo,Bad Company,,"Cairo, Egypt, Africa",City,Direct,cairo,30.0626,31.2497,,,y,Bad Company,Stories Told & Untold,Album,Bad Company,https://musicbrainz.org/release-group/2f4a4371-d471-30b9-b6ec-167c4df5f84e
rock_hall,,1998,Q14: How Do You Feel About the Success of the Tibetan Freedom Concerts?,Beastie Boys,,"Tibet, Asia",Country,Demonym,tibetan,29.652,91.1721,,,"n — an interview answer, not a song",Beastie Boys,Interview Thing Lisbon!,EP,Beastie Boys,https://musicbrainz.org/release-group/2248778e-934e-4ca5-b537-22bea54d3d3c
rock_hall,,1998,Q15: How Did You Lerarn About the Situation in Tibet and Become Involved Into Trying to Help Them Gain Their Freedom?,Beastie Boys,,"Tibet, Asia",Country,Direct,tibet,29.652,91.1721,,,"n — an interview answer, not a song",Beastie Boys,Interview Thing Lisbon!,EP,Beastie Boys,https://musicbrainz.org/release-group/2248778e-934e-4ca5-b537-22bea54d3d3c
rock_hall,,1998,Q16: How Did Moving Back to New York and Recording This Album There Affect It as Opposed to Having Stayed in Los Angeles?,Beastie Boys,,"Los Angeles, California, United States, North America",City,Direct,los angeles,34.0194,-118.4108,,,"n — an interview answer, not a song",Beastie Boys,Interview Thing Lisbon!,EP,Beastie Boys,https://musicbrainz.org/release-group/2248778e-934e-4ca5-b537-22bea54d3d3c
rock_hall,,1998,Q16: How Did Moving Back to New York and Recording This Album There Affect It as Opposed to Having Stayed in Los Angeles?,Beastie Boys,,"New York, New York, United States, North America",City,Direct,new york,40.6643,-73.9385,,,"n — an interview answer, not a song",Beastie Boys,Interview Thing Lisbon!,EP,Beastie Boys,https://musicbrainz.org/release-group/2248778e-934e-4ca5-b537-22bea54d3d3c
rock_hall,,1969,Edison,Bee Gees,,"Edison, New Jersey",City,Direct,edison,,,,,n — Thomas Edison,Bee Gees,Odessa,Album,Bee Gees,https://musicbrainz.org/release-group/b926b337-c2e1-3198-abeb-9a484b78cec9
rock_hall,,1969,Odessa (City on the Black Sea),Bee Gees,,"Odessa, Ukraine, Europe",City,Direct,odessa,31.84568,-102.36764,"term list says 'Odessa, Texas'; matched the dataset's place of the same name — confirm it's the same place; also in the dataset by Caribou",,y,Bee Gees,Odessa,Album,Bee Gees,https://musicbrainz.org/release-group/b926b337-c2e1-3198-abeb-9a484b78cec9
rock_hall,,1971,Israel,Bee Gees,,"Israel, Asia",Country,Direct,israel,31.7683,35.2137,"also in the dataset by Miles Davis, Siouxsie and the Banshees",,y,Bee Gees,Trafalgar,Album,Bee Gees,https://musicbrainz.org/release-group/fe30770e-d417-3629-97ee-77d229c2d32f
rock_hall,,1971,Walking Back to Waterloo,Bee Gees,,"London Waterloo, Lambeth, London, England, United Kingdom, Europe",Street/Landmark,Direct,waterloo,51.5031,-0.1132,"place changed from 'Waterloo, Belgium, Europe'",,"? — probably Waterloo, London — check",Bee Gees,Trafalgar,Album,Bee Gees,https://musicbrainz.org/release-group/fe30770e-d417-3629-97ee-77d229c2d32f
rock_hall,,1972,Road to Alaska,Bee Gees,,"Alaska, United States, North America",State/Region,Direct,alaska,61.37,-152.404,,,y,Bee Gees,To Whom It May Concern,Album,Bee Gees,https://musicbrainz.org/release-group/3b820c20-b37d-3136-bbf6-80ecceed804b
rock_hall,,1973,Living in Chicago,Bee Gees,,"Chicago, Illinois, United States, North America",City,Direct,chicago,41.8376,-87.6818,,,y,Bee Gees,Life in a Tin Can,Album,Bee Gees,https://musicbrainz.org/release-group/dd60ed86-173d-3cb9-935b-0e0f3beb3d86
rock_hall,,1973,South Dakota Morning,Bee Gees,,"South Dakota, United States, North America",State/Region,Direct,south dakota,44.4,-100.3,"new place — pin approximate, check it",,y,Bee Gees,Life in a Tin Can,Album,Bee Gees,https://musicbrainz.org/release-group/dd60ed86-173d-3cb9-935b-0e0f3beb3d86
rock_hall,,1981,Paradise,Bee Gees,,"Paradise, Kentucky, United States, North America",City,Direct,paradise,37.268056,-86.983611,UK chart but a little-used US place — check it isn't a British namesake; also in the dataset by John Prine,,"n — paradise as in heaven or bliss, not Paradise, Kentucky",Bee Gees,Living Eyes,Album,Bee Gees,https://musicbrainz.org/release-group/a78d6432-8e7c-39cb-98be-45a447094ddf
rock_hall,,1989,Tokyo Nights,Bee Gees,,"Tokyo, Japan, Asia",City,Direct,tokyo,35.6895,139.6917,,,y,Bee Gees,One,Album,Bee Gees,https://musicbrainz.org/release-group/323a4658-b187-31f5-85e8-b3cb46635686
rock_hall,,1993,Blue Island,Bee Gees,,"Blue Island, Illinois",City,Direct,blue island,,,,,"n — Bee Gees' 'Blue Island' isn't Blue Island, Illinois",Bee Gees,Size Isn’t Everything,Album,Bee Gees,https://musicbrainz.org/release-group/e837e98f-a7d5-3e93-8bd6-401ed82f5604
rock_hall,,1997,Brits Medley,Bee Gees,,"Brits, South Africa",City,Direct,brits,,,,,n — BRIT Awards medley,Bee Gees,I Could Not Love You More,Single,Bee Gees,https://musicbrainz.org/release-group/b417cd27-d3e5-4ea6-97cb-94b004ed9813
rock_hall,,1980,The Whores of Paris,Bernie Taupin,,"Paris, France, Europe",City,Direct,paris,48.8534,2.3488,,,y,Bernie Taupin,He Who Rides the Tiger,Album,Bernie Taupin,https://musicbrainz.org/release-group/916510b1-3086-4ed3-9dc9-1c7031e73889
rock_hall,,1980,Venezuela,Bernie Taupin,,"Venezuela, South America",Country,Direct,venezuela,7,-65,"also in the dataset by Harry Belafonte, Les Baxter",,y,Bernie Taupin,He Who Rides the Tiger,Album,Bernie Taupin,https://musicbrainz.org/release-group/916510b1-3086-4ed3-9dc9-1c7031e73889
rock_hall,,1925,Nashville Women’s Blues,Bessie Smith,,"Nashville, Tennessee, United States, North America",City,Direct,nashville,36.1718,-86.785,,,y,Bessie Smith,Nashville Women’s Blues / I Ain’t Goin’ to Play Second Fiddle,Single,Bessie Smith,https://musicbrainz.org/release-group/8bb1896a-372c-4074-89da-17aa5edac24f
rock_hall,,1927,Muddy Water (A Mississippi Moan),Bessie Smith,,"Mississippi, United States, North America",State/Region,Direct,mississippi,32.741,-89.678,,,y,Bessie Smith,After You've Gone / Muddy Water (A Mississippi Moan),Single,Bessie Smith,https://musicbrainz.org/release-group/6f04cb4a-3692-4335-a566-b6f5bafba9f4
rock_hall,,2007,Jazzbo Brown From Memphis Town,Bessie Smith,,"Memphis, Tennessee, United States, North America",City,Direct,memphis,35.1035,-89.9785,"earliest MusicBrainz release is 2007, after Bessie Smith died (1937) — probably a reissue; use the original release year",,y,Bessie Smith,Young Woman's Blues,Album,Bessie Smith,https://musicbrainz.org/release-group/4b870e4c-43c4-4932-b646-0705c33c7e3c
rock_hall,,2016,Beale Street Mama,Bessie Smith,,"Beale Street, Memphis, Tennessee, United States, North America",Street/Landmark,Direct,beale street,35.139444,-90.051944,"earliest MusicBrainz release is 2016, after Bessie Smith died (1937) — probably a reissue; use the original release year",,y,Bessie Smith,The Absolutely Essential 3 CD Collection,Album,Bessie Smith,https://musicbrainz.org/release-group/2c4bdce2-86a1-4adf-810c-bac008e4e8a4
rock_hall,,2016,Chicago Bound Blues,Bessie Smith,,"Chicago, Illinois, United States, North America",City,Direct,chicago,41.8376,-87.6818,"earliest MusicBrainz release is 2016, after Bessie Smith died (1937) — probably a reissue; use the original release year",,y,Bessie Smith,The Absolutely Essential 3 CD Collection,Album,Bessie Smith,https://musicbrainz.org/release-group/2c4bdce2-86a1-4adf-810c-bac008e4e8a4
rock_hall,,2018,Dixie Flyer Blues,"Bessie Smith, Buster Bailey, Charlie Green, Fred Longshaw and James Wilson",,"American South, United States, North America",Continent/Region,Nickname,dixie,33,-86,"earliest MusicBrainz release is 2018, after Bessie Smith died (1937) — probably a reissue; use the original release year",,y,Bessie Smith,Me and My Gin,Album,"Bessie Smith, Buster Bailey, Charlie Green, Fred Longshaw & James Wilson",https://musicbrainz.org/release-group/ae359b7c-0852-4668-8b62-0318fad1f60d
rock_hall,,2018,Nashville Woman's Blues,"Bessie Smith, Fletcher Henderson, Charlie Green and Louis Armstrong",,"Nashville, Tennessee, United States, North America",City,Direct,nashville,36.1718,-86.785,"earliest MusicBrainz release is 2018, after Bessie Smith died (1937) — probably a reissue; use the original release year",,y,Bessie Smith; Louis Armstrong,Me and My Gin,Album,"Bessie Smith, Fletcher Henderson, Charlie Green & Louis Armstrong",https://musicbrainz.org/release-group/ae359b7c-0852-4668-8b62-0318fad1f60d
rock_hall,,,Kansas City Blues,Big Joe Turner,,"Kansas City, Missouri, United States, North America",City,Direct,kansas city,39.1252,-94.5511,no release date on MusicBrainz — fill in year,,y,Big Joe Turner,Turns On the Blues,Album,Big Joe Turner,https://musicbrainz.org/release-group/f1c12c85-0532-3391-9fea-42364ae8b3c7
rock_hall,,1956,St. Louis Blues,Big Joe Turner,,"St. Louis, Missouri, United States, North America",City,Direct,st louis,38.6357,-90.2446,also in the dataset by Bessie Smith and Louis Armstrong,,y,Big Joe Turner,The Boss of the Blues Sings Kansas City Jazz,Album,Big Joe Turner,https://musicbrainz.org/release-group/6b5f2df7-4753-3b00-9a8b-c5e095cb439b
rock_hall,,2001,Paris Blues,"T-Bone Walker, Big Joe Turner, Otis Spann, George ""Harmonica"" Smith, Paul Humphrey, Ernie Watts, Arthur Wright and Ron Brown",,"Paris, France, Europe",City,Direct,paris,48.8534,2.3488,,,y,Big Joe Turner,Super Black Blues,Album,"T‐Bone Walker, ‘Big’ Joe Turner, Otis Spann, George “Harmonica” Smith, Paul Humphrey, Ernie Watts, Arthur Wright & Ron Brown",https://musicbrainz.org/release-group/a4319507-5bf1-3398-a130-e4bff8c1014d
rock_hall,,2006,On My Way to Denver Blues,Big Joe Turner,,"Denver, Colorado, United States, North America",City,Direct,denver,39.7618,-104.8806,,,y,Big Joe Turner,Boss Man's Blues,Album,Big Joe Turner,https://musicbrainz.org/release-group/b684f547-bb3c-4e26-9a4e-01f1e3d06240
rock_hall,,1969,Funky Broadway,Big Mama Thornton,,"Broadway, New York, New York, United States, North America",Street/Landmark,Direct,broadway,40.759,-73.9845,"also in the dataset by Dyke And The Blazers, Wilson Pickett",,y,Big Mama Thornton,Stronger Than Dirt,Album,Big Mama Thornton,https://musicbrainz.org/release-group/eea12244-21a5-4277-841b-b8458c96f6cc
rock_hall,,,Florida Twist,Bill Haley And His Comets,,"Florida, United States, North America",State/Region,Direct,florida,27.766,-81.686,no release date on MusicBrainz — fill in year,,y,Bill Haley; Bill Haley's Comets,Presenting Bill Haley & His Comets,Album,Bill Haley & His Comets,https://musicbrainz.org/release-group/4a4292c8-c3f9-41cc-9287-b0d121f4c550
rock_hall,,1957,Carolina in the Morning,Bill Haley And His Comets,,"The Carolinas, United States, North America",State/Region,Direct,carolina,34.8,-79.5,,,y,Bill Haley; Bill Haley's Comets,Rockin’ the “Oldies”!,Album,Bill Haley and His Comets,https://musicbrainz.org/release-group/a12c695a-4db5-48be-84cc-4ac1873fb2ca
rock_hall,,1957,Is It True What They Say About Dixie?,Bill Haley And His Comets,,"American South, United States, North America",Continent/Region,Nickname,dixie,33,-86,,,y,Bill Haley; Bill Haley's Comets,Rockin’ the “Oldies”!,Album,Bill Haley and His Comets,https://musicbrainz.org/release-group/a12c695a-4db5-48be-84cc-4ac1873fb2ca
rock_hall,,1957,Moon Over Miami,Bill Haley And His Comets,,"Miami, Florida, United States, North America",City,Direct,miami,25.7752,-80.2086,,,y,Bill Haley; Bill Haley's Comets,Rockin’ the “Oldies”!,Album,Bill Haley and His Comets,https://musicbrainz.org/release-group/a12c695a-4db5-48be-84cc-4ac1873fb2ca
rock_hall,,1958,"Jamaica, D.J.",Bill Haley And His Comets,,"Jamaica, North America",Country,Direct,jamaica,17.997,-76.7936,,,y,Bill Haley; Bill Haley's Comets,Rockin’ Around the World,Album,Bill Haley and His Comets,https://musicbrainz.org/release-group/f0b0c8bb-a1ba-4a32-8895-c00bab51f881
rock_hall,,1959,In a Little Spanish Town,Bill Haley And His Comets,,"Spain, Europe",Country,Demonym,spanish,40.4165,-3.7026,also in the dataset by Bing Crosby,,y,Bill Haley; Bill Haley's Comets,Strictly Instrumental,Album,Bill Haley and His Comets,https://musicbrainz.org/release-group/a7ff57b3-c50c-466a-a5f9-61bd50358ad3
rock_hall,,1959,Puerto Rican Peddler,Bill Haley And His Comets,,"Puerto Rico, United States, North America",Country,Demonym,puerto rican,18.2208,-66.5901,,,y,Bill Haley; Bill Haley's Comets,Skokiaan (South African Song),Single,Bill Haley And His Comets,https://musicbrainz.org/release-group/7ab5a951-c82f-43b2-8b01-4710301ca68c
rock_hall,,1960,Kansas City,Bill Haley And His Comets,,"Kansas City, Missouri, United States, North America",City,Direct,kansas city,39.1252,-94.5511,"also in the dataset by Hank Ballard And The Midnighters, James Brown And The Famous Flames, Little Richard, Rocky Olson, The New Basement Tapes, Trini Lopez, Wilbert Harrison",,y,Bill Haley; Bill Haley's Comets,Bill Haley and His Comets,Album,Bill Haley and His Comets,https://musicbrainz.org/release-group/df0e4308-9ac6-4046-b2b6-48c2a7c25286
rock_hall,,1961,Spanish Twist,Bill Haley And His Comets,,"Spain, Europe",Country,Demonym,spanish,40.4165,-3.7026,,,y,Bill Haley; Bill Haley's Comets,Spanish Twist / My Kind Of Woman,Single,Bill Haley and His Comets,https://musicbrainz.org/release-group/90e167cd-ae69-41fc-8508-a0fb7c9d24d2
rock_hall,,1966,Baja California Sun (California Sun),Bill Haley And His Comets,,"Baja California, Mexico, North America",State/Region,Direct,california,30.8,-115.3,"new place — pin approximate, check it; place changed from 'California, United States, North America'",,"? — 'Baja California Sun' names Baja California, Mexico",Bill Haley; Bill Haley's Comets,Whisky A Go Go,Album,Bill Haley and His Comets,https://musicbrainz.org/release-group/82cb99a9-ad74-4b5b-a911-6aaff9a99ec1
rock_hall,,1966,Harlem A Go Go (Nocturno De Harlem),Bill Haley And His Comets,,"Harlem, New York, New York, United States, North America",Neighborhood/District,Direct,harlem,40.8116,-73.9465,,,y,Bill Haley; Bill Haley's Comets,Whisky A Go Go,Album,Bill Haley and His Comets,https://musicbrainz.org/release-group/82cb99a9-ad74-4b5b-a911-6aaff9a99ec1
rock_hall,,1966,Nueva Orleans (New Orleans),Bill Haley And His Comets,,"New Orleans, Louisiana, United States, North America",City,Direct,new orleans,30.0686,-89.939,,,y,Bill Haley; Bill Haley's Comets,Whisky A Go Go,Album,Bill Haley and His Comets,https://musicbrainz.org/release-group/82cb99a9-ad74-4b5b-a911-6aaff9a99ec1
rock_hall,,1941,Tennessee Blues,Bill Monroe and the Bluegrass Boys,,"Tennessee, United States, North America",State/Region,Direct,tennessee,35.747,-86.692,,,y,Bill Monroe,I Wonder If You Feel the Way I Do / Tennessee Blues,Single,Bill Monroe and the Bluegrass Boys,https://musicbrainz.org/release-group/f03ec2e0-5863-4bbc-af5a-b664dbfe99c0
rock_hall,,1946,Kentucky Waltz,Bill Monroe and the Bluegrass Boys,,"Kentucky, United States, North America",State/Region,Direct,kentucky,37.668,-84.67,,,y,Bill Monroe,Rocky Road Blues / Kentucky Waltz,Single,Bill Monroe and the Bluegrass Boys,https://musicbrainz.org/release-group/9a2df9ff-055f-40df-9b1d-ebe52a827b55
rock_hall,,1948,My Rose of Old Kentucky,Bill Monroe and His Blue Grass Boys,,"Kentucky, United States, North America",State/Region,Direct,kentucky,37.668,-84.67,,,y,Bill Monroe,My Rose of Old Kentucky / Sweetheart You Done Me Wrong,Single,Bill Monroe and His Blue Grass Boys,https://musicbrainz.org/release-group/f5280800-0a93-33d7-92d9-470255fc5182
rock_hall,,1949,I’m Going Back to Old Kentucky,Bill Monroe and the Bluegrass Boys,,"Kentucky, United States, North America",State/Region,Direct,kentucky,37.668,-84.67,,,y,Bill Monroe,I’m Going Back to Old Kentucky / Molly and Tenbrooks (The Race Horse Song),Single,Bill Monroe and the Bluegrass Boys,https://musicbrainz.org/release-group/75a2e550-cbc3-37a7-8f94-c1ea4f10adae
rock_hall,,1950,Alabama Waltz,Bill Monroe and His Blue Grass Boys,,"Alabama, United States, North America",State/Region,Direct,alabama,32.806,-86.791,,,y,Bill Monroe,Alabama Waltz / The Old Fiddler,Single,Bill Monroe & His Blue Grass Boys,https://musicbrainz.org/release-group/77f5fbf5-09ab-47dd-aa1d-431719d4eaf9
rock_hall,,1950,My Little Georgia Rose,Bill Monroe and His Blue Grass Boys,,"Georgia, United States, North America",State/Region,Direct,georgia,33.04,-83.643,,,y,Bill Monroe,New Mule Skinner Blues / My Little Georgia Rose,Single,Bill Monroe & His Blue Grass Boys,https://musicbrainz.org/release-group/dcf561d3-d69f-459b-9b16-d996b7c3fa7e
rock_hall,,1951,On the Old Kentucky Shore,Bill Monroe,,"Kentucky, United States, North America",State/Region,Direct,kentucky,37.668,-84.67,,,y,Bill Monroe,Poison Love / On the Old Kentucky Shore,Single,Bill Monroe,https://musicbrainz.org/release-group/b2bb037e-399e-41e1-995d-0c9153ab5a4a
rock_hall,,1953,Walking In Jerusalem Just Like John,Bill Monroe and His Blue Grass Quartet,,"Jerusalem, Israel, Asia",City,Direct,jerusalem,31.769,35.2163,,,y,Bill Monroe,Walking in Jerusalem Just Like John / You're Drifting Away,Single,Bill Monroe and His Blue Grass Quartet,https://musicbrainz.org/release-group/c8017ecd-f89b-49d7-9803-c9db63d0e1c9
rock_hall,,1958,Scotland,Bill Monroe,,"Scotland, United Kingdom, Europe",Country,Direct,scotland,55.9533,-3.1883,,,y,Bill Monroe,Scotland,Single,Bill Monroe,https://musicbrainz.org/release-group/a94d5400-815b-41fb-9c36-7776d9a52319
rock_hall,,1963,Banks Of The Ohio,Bill Monroe and Doc Watson,,"Ohio, United States, North America",State/Region,Direct,ohio,40.388,-82.764,also in the dataset by Olivia Newton-John,,y,Bill Monroe,Bill & Doc Sing Country Songs,Album,Bill Monroe & Doc Watson,https://musicbrainz.org/release-group/8fa86794-1166-496c-8d07-fdd327b1869a
rock_hall,,1963,Blue Ridge Mountain Blues,Bill Monroe and His Blue Grass Boys,,"Blue Ridge Mountains, United States, North America",Water/Natural Feature,Direct,blue ridge,37.5,-79.5,"new place — pin approximate, check it",,y,Bill Monroe,Bluegrass Special,Album,Bill Monroe and His Blue Grass Boys,https://musicbrainz.org/release-group/6224d9a9-0107-4d37-84a2-f4cde2fe1439
rock_hall,,1963,Columbus Stockade Blues,Bill Monroe and His Blue Grass Boys,,"Columbus, Georgia, United States, North America",City,Direct,columbus,32.461,-84.9877,"new place — pin from geonamescache, check it; place changed from 'Columbus, Ohio, United States, North America'",,y — the Columbus stockade is in Georgia,Bill Monroe,Bluegrass Special,Album,Bill Monroe and His Blue Grass Boys,https://musicbrainz.org/release-group/6224d9a9-0107-4d37-84a2-f4cde2fe1439
rock_hall,,1964,Peach Pickin’ Time in Georgia,Bill Monroe and the Blue Grass Boys,,"Georgia, United States, North America",State/Region,Direct,georgia,33.04,-83.643,,,y,Bill Monroe,Sings Country Songs,Album,Bill Monroe with the Blue Grass Boys,https://musicbrainz.org/release-group/fdd94bb6-ef6c-4da0-8f61-59f191c0d79e
rock_hall,,1964,Shenandoah Breakdown,Bill Monroe,,"Shenandoah River, Virginia, United States, North America",Water/Natural Feature,Direct,shenandoah,38.9,-78.2,"new place — pin approximate, check it; place changed from 'Shenandoah, Louisiana'",,"? — the Shenandoah River/Valley, Virginia, not Shenandoah, Louisiana",Bill Monroe,Mary at the Home Place / Shenandoah Breakdown,Single,Bill Monroe,https://musicbrainz.org/release-group/fea7b530-998f-4aff-9e76-ed00260e0b77
rock_hall,,1972,Texas Gallop,Bill Monroe,,"Texas, United States, North America",State/Region,Direct,texas,31.054,-97.563,,,y,Bill Monroe,Bill Monroe's Uncle Pen,Album,Bill Monroe,https://musicbrainz.org/release-group/c22fa530-c0f3-488d-bd51-08914411b980
rock_hall,,1976,Ashland Breakdown,Bill Monroe,,"Ashland, Kentucky, United States, North America",City,Direct,ashland,38.4784,-82.6379,"new place — pin from geonamescache, check it; place changed from 'Ashland, California'",,"? — Bill Monroe's Ashland is probably Ashland, Kentucky, not California",Bill Monroe,The Weary Traveler,Album,Bill Monroe,https://musicbrainz.org/release-group/97c3f3ca-46a4-4493-8c34-404af19cbecb
rock_hall,,1976,Jerusalem Ridge,Bill Monroe,,"Jerusalem Ridge, Rosine, Kentucky, United States, North America",Water/Natural Feature,Direct,jerusalem,37.452,-86.744,"new place — pin approximate, check it; place changed from 'Jerusalem, Israel, Asia'",,"? — Jerusalem Ridge is in Rosine, Kentucky",Bill Monroe,The Weary Traveler,Album,Bill Monroe,https://musicbrainz.org/release-group/97c3f3ca-46a4-4493-8c34-404af19cbecb
rock_hall,,1976,Thank God for Kentucky,Bill Monroe,,"Kentucky, United States, North America",State/Region,Direct,kentucky,37.668,-84.67,,,y,Bill Monroe,The Weary Traveler,Album,Bill Monroe,https://musicbrainz.org/release-group/97c3f3ca-46a4-4493-8c34-404af19cbecb
rock_hall,,1977,My Florida Sunshine,Bill Monroe,,"Florida, United States, North America",State/Region,Direct,florida,27.766,-81.686,,,y,Bill Monroe,Bluegrass Memories,Album,Bill Monroe,https://musicbrainz.org/release-group/a09a2260-eac2-4351-be8d-1590efa1d2e0
rock_hall,,1977,Pinewood Valley,Bill Monroe,,"Pinewood, Florida",City,Direct,pinewood,,,,,n — a generic Pinewood Valley,Bill Monroe,Bluegrass Memories,Album,Bill Monroe,https://musicbrainz.org/release-group/a09a2260-eac2-4351-be8d-1590efa1d2e0
rock_hall,,1977,Texas Blue Bonnet,Bill Monroe,,"Texas, United States, North America",State/Region,Direct,texas,31.054,-97.563,,,y,Bill Monroe,Bluegrass Memories,Album,Bill Monroe,https://musicbrainz.org/release-group/a09a2260-eac2-4351-be8d-1590efa1d2e0
rock_hall,,1980,My Dixie Home,Bill Monroe and His Blue Grass Boys,,"American South, United States, North America",Continent/Region,Nickname,dixie,33,-86,,,y,Bill Monroe,"Radio Shows, 1946-48",Album,Bill Monroe & His Blue Grass Boys,https://musicbrainz.org/release-group/4fa83be3-b835-4971-bed5-134f7de68ce5
rock_hall,,1981,Lady of the Blue Ridge,Bill Monroe,,"Blue Ridge Mountains, United States, North America",Water/Natural Feature,Direct,blue ridge,37.5,-79.5,"new place — pin approximate, check it",,y,Bill Monroe,Master of Bluegrass,Album,Bill Monroe,https://musicbrainz.org/release-group/f387f65b-a84b-46f7-897e-31ac93f9e309
rock_hall,,1984,My Louisiana Love,Bill Monroe,,"Louisiana, United States, North America",State/Region,Direct,louisiana,31.169,-91.867,,,y,Bill Monroe,Bill Monroe & Friends,Album,Bill Monroe,https://musicbrainz.org/release-group/a97f0c37-ead0-3ab5-b16f-455dcf3a1f19
rock_hall,,1988,Texas Lone Star,Bill Monroe and the Bluegrass Boys,,"Texas, United States, North America",State/Region,Direct,texas,31.054,-97.563,,,y,Bill Monroe,Southern Flavor,Album,Bill Monroe and the Bluegrass Boys,https://musicbrainz.org/release-group/2b179e38-30ef-4edd-84cf-d32d3fcbf801
rock_hall,,1991,Baptize Me In The Cumberland River,Bill Monroe and the Bluegrass Boys,,"Cumberland River, Kentucky/Tennessee, United States, North America",Water/Natural Feature,Direct,cumberland,36.17,-86.78,"new place — pin approximate, check it; place changed from 'Cumberland, Rhode Island'",,"? — Cumberland River, not Cumberland, Rhode Island",Bill Monroe,Cryin' Holy Unto The Lord,Album,Bill Monroe and the Bluegrass Boys,https://musicbrainz.org/release-group/6571b578-f11e-443d-aa83-b3148ddbd3b5
rock_hall,,1993,Kansas City Railroad Blues,Bill Monroe And The Blue Grass Boys,,"Kansas City, Missouri, United States, North America",City,Direct,kansas city,39.1252,-94.5511,,,y,Bill Monroe,Live Recordings 1956 -1969 (Off The Record Volume 1),Album,Bill Monroe And The Blue Grass Boys,https://musicbrainz.org/release-group/2e823ce9-0faf-4ab0-931e-556bcfef5b7b
rock_hall,,1999,Bringing in the Georgia Mail,James Monroe and Bill Monroe,,"Georgia, United States, North America",State/Region,Direct,georgia,33.04,-83.643,"earliest MusicBrainz release is 1999, after Bill Monroe died (1996) — probably a reissue; use the original release year",,y,Bill Monroe,Blue Grass Special Memories,Album,James Monroe & Bill Monroe,https://musicbrainz.org/release-group/7480fc24-6b2d-439f-9bc2-b68fb901681a
rock_hall,,1941,Georgia on My Mind,Billie Holiday,,"Georgia, United States, North America",State/Region,Direct,georgia,33.04,-83.643,"also in the dataset by Hoagy Carmichael, Michael Bolton, Ray Charles, The Righteous Brothers, Wes Montgomery, Willie Nelson",,y,Billie Holiday,Georgia on My Mind / Let's Do It (Let's Fall in Love),Single,Billie Holiday,https://musicbrainz.org/release-group/e52c05e1-e97a-4875-bc24-5a0a658fe5b2
rock_hall,,1954,Autumn in New York,Billie Holiday,,"New York, New York, United States, North America",City,Direct,new york,40.6643,-73.9385,also in the dataset by Frank Sinatra,,y,Billie Holiday,Billie Holiday,Album,Billie Holiday,https://musicbrainz.org/release-group/d0d87a1b-a643-4173-bc75-149fcc30da36
rock_hall,,1957,Moonlight in Vermont,Billie Holiday,,"Vermont, United States, North America",State/Region,Direct,vermont,44.08,-72.71,also in the dataset by Ella Fitzgerald and Louis Armstrong,,y,Billie Holiday,Body and Soul,Album,Billie Holiday,https://musicbrainz.org/release-group/85dcbd74-e8f6-31be-a2e3-1c322a5d1f7b
rock_hall,,1959,April in Paris,Billie Holiday,,"Paris, France, Europe",City,Direct,paris,48.8534,2.3488,also in the dataset by Count Basie,,y,Billie Holiday,All or Nothing at All,Album,Billie Holiday,https://musicbrainz.org/release-group/2cf5b1a1-423f-3ada-a445-eb78302a5c3d
rock_hall,,1959,When It’s Sleepy Time Down South,Billie Holiday and Ray Ellis and His Orchestra,,"American South, United States, North America",Continent/Region,Direct,down south,33,-86,also in the dataset by Dean Martin,,y,Billie Holiday,Last Recording,Album,Billie Holiday with Ray Ellis and His Orchestra,https://musicbrainz.org/release-group/b265d7c1-d4ad-3dd7-a295-1579ce3f4258
rock_hall,,1995,St. Louis Blues,Billie Holiday,,"St. Louis, Missouri, United States, North America",City,Direct,st louis,38.6357,-90.2446,"also in the dataset by Bessie Smith and Louis Armstrong; earliest MusicBrainz release is 1995, after Billie Holiday died (1959) — probably a reissue; use the original release year",,y,Billie Holiday,Love Me or Leave Me,Album,Billie Holiday,https://musicbrainz.org/release-group/7e87bfd6-5c4a-4fad-8490-bd20173c5830
rock_hall,,1973,Stop in Nevada,Billy Joel,,"Nevada, United States, North America",State/Region,Direct,nevada,38.313,-117.055,,,y,Billy Joel,Piano Man,Album,Billy Joel,https://musicbrainz.org/release-group/7866f536-a9c7-32eb-8eed-bb49132432fa
rock_hall,,1974,The Mexican Connection,Billy Joel,,"Mexico, North America",Country,Demonym,mexican,19.4285,-99.1277,,,y,Billy Joel,Streetlife Serenade,Album,Billy Joel,https://musicbrainz.org/release-group/89ff0095-2ef2-311f-80f2-48b16b85bf56
rock_hall,,1976,Miami 2017 (Seen the Lights Go Out on Broadway),Billy Joel,,"Broadway, New York, New York, United States, North America",Street/Landmark,Direct,broadway,40.759,-73.9845,,,y,Billy Joel,Turnstiles,Album,Billy Joel,https://musicbrainz.org/release-group/46a3a9dc-510e-3765-81dd-536ced41819a
rock_hall,,1976,Miami 2017 (Seen the Lights Go Out on Broadway),Billy Joel,,"Miami, Florida, United States, North America",City,Direct,miami,25.7752,-80.2086,,,y,Billy Joel,Turnstiles,Album,Billy Joel,https://musicbrainz.org/release-group/46a3a9dc-510e-3765-81dd-536ced41819a
rock_hall,,1976,"Summer, Highland Falls",Billy Joel,,"Highland Falls, New York, United States, North America",City,Direct,highland,41.369,-73.966,"new place — pin approximate, check it; place changed from 'Highland, Illinois, United States, North America'",,"y — Highland Falls, New York",Billy Joel,Turnstiles,Album,Billy Joel,https://musicbrainz.org/release-group/46a3a9dc-510e-3765-81dd-536ced41819a
rock_hall,,1978,Zanzibar,Billy Joel,,"Zanzibar, Tanzania, Africa",City,Direct,zanzibar,-6.16394,39.19793,,,y,Billy Joel,52nd Street,Album,Billy Joel,https://musicbrainz.org/release-group/54e6b4a1-7a6a-3ead-b032-0912cfd49a1e
rock_hall,,1989,When in Rome,Billy Joel,,"Rome, Italy, Europe",City,Direct,rome,41.8919,12.5113,,,y,Billy Joel,Storm Front,Album,Billy Joel,https://musicbrainz.org/release-group/2b749a86-14bf-3b42-bdcf-3cc44d9bd338
rock_hall,,1993,The Great Wall of China,Billy Joel,,"China, Asia",Country,Direct,china,39.9075,116.3972,,,n — the Great Wall of China row covers this title,Billy Joel,River of Dreams,Album,Billy Joel,https://musicbrainz.org/release-group/166ca278-c030-388d-85d7-f8f963796d7f
rock_hall,,1993,The Great Wall of China,Billy Joel,,"Great Wall of China, China, Asia",Street/Landmark,Direct,great wall,40.4319,116.5704,"new place — pin approximate, check it; place changed from 'Great Wall of China'",,y — place corrected,Billy Joel,River of Dreams,Album,Billy Joel,https://musicbrainz.org/release-group/166ca278-c030-388d-85d7-f8f963796d7f
rock_hall,,1984,Oh Jamaica,Billy Preston,,"Jamaica, North America",Country,Direct,jamaica,17.997,-76.7936,,,y,Billy Preston,On The Air,Album,Billy Preston,https://musicbrainz.org/release-group/d0df8622-7a3d-425c-a6b7-c768f21a64d9
rock_hall,,2001,Dr. Watts,Billy Preston,,"Watts, Los Angeles",Neighborhood/District,Direct,watts,,,,,"n — a person or unit named Watts, not Watts, Los Angeles",Billy Preston,Music From My Heart,Album,Billy Preston,https://musicbrainz.org/release-group/116bb850-70f6-4a7f-82da-a2fb0d198018
rock_hall,,1972,Laguna Sunrise,Black Sabbath,,"Laguna Beach, California, United States, North America",City,Direct,laguna,33.5423,-117.7831,"new place — pin from geonamescache, check it; place changed from 'Laguna, New Mexico, United States, North America'; term list says 'Laguna, California'; matched the dataset's place of the same name — confirm it's the same place",,"? — probably Laguna Beach, California",Black Sabbath,Tomorrow’s Dream,Single,Black Sabbath,https://musicbrainz.org/release-group/605abbf7-9ec4-4fd9-9a36-67e73e293828
rock_hall,,1990,Jerusalem,Black Sabbath,,"Jerusalem, Israel, Asia",City,Direct,jerusalem,31.769,35.2163,"also in the dataset by Belouis Some, Charlie Skarbek and Andy Davies, Fat Les 2000, Herb Alpert's Tijuana Brass, Keedie and England Cricket Team",,y,Black Sabbath,TYR,Album,Black Sabbath,https://musicbrainz.org/release-group/00f64d57-aeaf-3925-ac5e-072fdcb7c3f6
rock_hall,,1977,Bermuda Triangle Blues,Blondie,,"Bermuda, North America",Country,Direct,bermuda,32.2949,-64.783,,,y,Blondie,Plastic Letters,Album,Blondie,https://musicbrainz.org/release-group/538fc8f7-6557-3c94-b4fd-078437ace491
rock_hall,,1977,Detroit 442,Blondie,,"Detroit, Michigan, United States, North America",City,Direct,detroit,42.383,-83.1022,,,y,Blondie,Plastic Letters,Album,Blondie,https://musicbrainz.org/release-group/538fc8f7-6557-3c94-b4fd-078437ace491
rock_hall,,1982,English Boys,Blondie,,"England, United Kingdom, Europe",Country,Demonym,english,51.5074,-0.1278,,,y,Blondie,The Hunter,Album,Blondie,https://musicbrainz.org/release-group/b6e29eb7-f4c3-389d-bde3-447bc0271c09
rock_hall,,2011,China Shoes,Blondie,,"China, Asia",Country,Direct,china,39.9075,116.3972,,,? — china may mean porcelain here,Blondie,Panic of Girls,Album,Blondie,https://musicbrainz.org/release-group/613eaaf2-0d4d-4f45-a49e-9b5c64f27c1f
rock_hall,,1960,Spanish Guitar,Bo Diddley,,"Spain, Europe",Country,Demonym,spanish,40.4165,-3.7026,also in the dataset by Toni Braxton,,y,Bo Diddley,Have Guitar Will Travel,Album,Bo Diddley,https://musicbrainz.org/release-group/ac9ec195-745a-3e3a-bd5f-816942118c6d
rock_hall,,1961,Cheyenne,Bo Diddley,,"Cheyenne, Wyoming, United States, North America",City,Direct,cheyenne,41.14,-104.820278,,,? — Cheyenne may be a person here,Bo Diddley,Bo Diddley Is a Gunslinger,Album,Bo Diddley,https://musicbrainz.org/release-group/a450b6c7-2abe-379d-9680-1db92f053f73
rock_hall,,1961,"Hong Kong, Mississippi",Bo Diddley,,"Hong Kong, Asia",City,Direct,hong kong,22.3193,114.1694,matched on the bare name 'Hong Kong' — confirm it's this place,,"? — 'Hong Kong, Mississippi' — check whether it's a real place",Bo Diddley,Bo Diddley Is a Lover,Album,Bo Diddley,https://musicbrainz.org/release-group/618df694-d172-327a-8b6e-a695dff37ab0
rock_hall,,1961,"Hong Kong, Mississippi",Bo Diddley,,"Mississippi, United States, North America",State/Region,Direct,mississippi,32.741,-89.678,,,"? — 'Hong Kong, Mississippi' — check whether it's a real place",Bo Diddley,Bo Diddley Is a Lover,Album,Bo Diddley,https://musicbrainz.org/release-group/618df694-d172-327a-8b6e-a695dff37ab0
rock_hall,,1965,London Stomp,Bo Diddley,,"London, England, United Kingdom, Europe",City,Direct,london,51.5085,-0.1257,,,y,Bo Diddley,Hey! Good Lookin',Album,Bo Diddley,https://musicbrainz.org/release-group/4585b603-1370-4682-927f-87fcaad73d9e
rock_hall,,1966,Africa Speaks,Bo Diddley,,Africa,Continent/Region,Direct,africa,1.6508,17.6791,,,y,Bo Diddley,The Originator,Album,Bo Diddley,https://musicbrainz.org/release-group/c9c7c4be-bcaa-4879-9c98-c906d81ecb21
rock_hall,,1971,Lodi,Bo Diddley,,"Lodi, California, United States, North America",City,Direct,lodi,38.1216,-121.2908,"also in the dataset by Al Wilson, Creedence Clearwater Revival",,y,Bo Diddley,Another Dimension,Album,Bo Diddley,https://musicbrainz.org/release-group/28268b5e-53c5-475a-a68b-4134b42cfaf1
rock_hall,,1989,Wake Up America!,Bo Diddley,,"United States, North America",Country,Direct,america,38.8951,-77.0364,also in the dataset by Poppyheads,,y,Bo Diddley,Breakin' Through the B.S.,Album,Bo Diddley,https://musicbrainz.org/release-group/ef22cf3d-63e3-3626-b8d6-9b6515db0055
rock_hall,,2010,Yankee Doodle,Bo Diddley,,"United States, North America",Country,Demonym,yankee,38.8951,-77.0364,place changed from 'Northern United States'; also in the dataset by Vess L. Ossman,,y — as with 'Yankee Doodle' already in the dataset,Bo Diddley,Spring Weekend 1959,Album,Bo Diddley,https://musicbrainz.org/release-group/9696d61f-0946-4d27-b02d-71222c2fd17f
rock_hall,,1962,Talkin’ New York,Bob Dylan,,"New York, New York, United States, North America",City,Direct,new york,40.6643,-73.9385,,,y,Bob Dylan,Bob Dylan,Album,Bob Dylan,https://musicbrainz.org/release-group/6ac612a5-e815-3fed-b341-8b3faa351df4
rock_hall,,1964,Ballad of Hollis Brown,Bob Dylan,,"Hollis, Queens, New York, New York, United States, North America",City,Direct,hollis,40.71344,-73.76708,,,n — Hollis Brown is a person,Bob Dylan,The Times They Are A‐Changin’,Album,Bob Dylan,https://musicbrainz.org/release-group/846f8032-9a85-3f4f-b7f5-28c86573d044
rock_hall,,1964,Spanish Harlem Incident,Bob Dylan,,"East Harlem, New York, New York, United States, North America",Neighborhood/District,Direct,spanish harlem,40.7957,-73.9389,,,y,Bob Dylan,Another Side of Bob Dylan,Album,Bob Dylan,https://musicbrainz.org/release-group/b18ef710-0e47-3c10-ab0b-6631533549ee
rock_hall,,1965,"It Takes a Lot to Laugh, It Takes a Train to Cry",Bob Dylan,,"A Train, New York, New York, United States, North America",Street/Landmark,Direct,a train,40.82404,-73.944769,,,"n — 'a train', not the A train subway line",Bob Dylan,Highway 61 Revisited,Album,Bob Dylan,https://musicbrainz.org/release-group/fb48b1dc-412f-36aa-8820-1023c08c46c6
rock_hall,,1966,Stuck Inside of Mobile With the,Bob Dylan,,"Mobile, Alabama, United States, North America",City,Direct,mobile,30.69436,-88.04305,may be the same song as 'Stuck Inside of Mobile with the Memphis Blues Again' already in the dataset,,"n — same song as 'Stuck Inside of Mobile with the Memphis Blues Again', already in the dataset",Bob Dylan,Blonde on Blonde,Album,Bob Dylan,https://musicbrainz.org/release-group/329fb554-2a81-3d8a-8e22-ec2c66810019
rock_hall,,1969,Nashville Skyline Rag,Bob Dylan,,"Nashville, Tennessee, United States, North America",City,Direct,nashville,36.1718,-86.785,,,y,Bob Dylan,Nashville Skyline,Album,Bob Dylan,https://musicbrainz.org/release-group/2ca28746-8987-3015-b54c-75b3aa8ca1a1
rock_hall,,1971,Spanish Is the Loving Tongue,Bob Dylan,,"Spain, Europe",Country,Demonym,spanish,40.4165,-3.7026,,,y,Bob Dylan,Watching the River Flow / Spanish Is the Loving Tongue,Single,Bob Dylan,https://musicbrainz.org/release-group/7069b9ee-6384-3363-b10f-08f5d008365a
rock_hall,,1976,Romance in Durango,Bob Dylan,,"Durango, Mexico, North America",City,Direct,durango,24.0277,-104.6532,,,y,Bob Dylan,Desire,Album,Bob Dylan,https://musicbrainz.org/release-group/fc325dd3-73ed-36aa-9c77-6b65a958e3cf
rock_hall,,1988,Shenandoah,Bob Dylan,,"Shenandoah River, Virginia, United States, North America",Water/Natural Feature,Direct,shenandoah,38.9,-78.2,"new place — pin approximate, check it; place changed from 'Shenandoah, Louisiana'",,"? — the Shenandoah River/Valley, Virginia, not Shenandoah, Louisiana",Bob Dylan,Down in the Groove,Album,Bob Dylan,https://musicbrainz.org/release-group/ce8a72cf-10c7-3dea-b9e7-3dd260a9ed5c
rock_hall,,1994,Highway 61,Bob Dylan,,"Highway 61, United States, North America",Street/Landmark,Direct,highway 61,35.15,-90.06,"term list says 'Highway 61, USA'; matched the dataset's place of the same name — confirm it's the same place; may be the same song as 'Highway 61 Revisited' already in the dataset",,"n — same song as 'Highway 61 Revisited', already in the dataset",Bob Dylan,Woodstock '94,Single,Bob Dylan,https://musicbrainz.org/release-group/1757f3e8-39d8-4dc2-a8d1-49c6a372fd83
rock_hall,,2009,Christmas Island,Bob Dylan,,"Christmas Island, Asia",Country,Direct,christmas island,-10.4475,105.6904,also in the dataset by Dickie Valentine,,y,Bob Dylan,Christmas in the Heart,Album,Bob Dylan,https://musicbrainz.org/release-group/16d64d01-6d92-40b2-86ba-7f76c018ab9c
rock_hall,,2009,If You Ever Go to Houston,Bob Dylan,,"Houston, Texas, United States, North America",City,Direct,houston,29.7805,-95.3863,,,y,Bob Dylan,Together Through Life,Album,Bob Dylan,https://musicbrainz.org/release-group/2202f7cc-6ce1-3aea-85b0-163347528402
rock_hall,,2016,On a Little Street in Singapore,Bob Dylan,,"Singapore, Asia",Country,Direct,singapore,1.28967,103.85007,also in the dataset by The Manhattan Transfer,,y,Bob Dylan,Fallen Angels,Album,Bob Dylan,https://musicbrainz.org/release-group/3e9553c6-786a-4f85-8a2a-1b70cd166742
rock_hall,,2017,Caribbean Wind,Bob Dylan,,"Caribbean, North America",Continent/Region,Direct,caribbean,14.5,-75,,,y,Bob Dylan,Deep Dylan,Album,Bob Dylan,https://musicbrainz.org/release-group/bc84ce71-c050-4581-af70-4ee56789f647
rock_hall,,2020,Key West (Philosopher Pirate),Bob Dylan,,"Key West, Florida, United States, North America",City,Direct,key west,24.5652,-81.7758,,,y,Bob Dylan,Rough and Rowdy Ways,Album,Bob Dylan,https://musicbrainz.org/release-group/43b12592-d808-44de-a5df-ebd7c6b2b75c
rock_hall,,1975,Tiny Montgomery,Bob Dylan and The Band,,"Montgomery, Alabama, United States, North America",City,Direct,montgomery,32.36681,-86.29997,,,n — Tiny Montgomery is a person,Bob Dylan; The Band,The Basement Tapes,Album,Bob Dylan & The Band,https://musicbrainz.org/release-group/47873729-6db0-3431-99e7-0292e939dadf
rock_hall,,1971,African Herbsman,Bob Marley and the Wailers,,Africa,Continent/Region,Demonym,african,1.6508,17.6791,,,y,Bob Marley,Soul Revolution Part II Dub,Album,Bob Marley & The Wailers,https://musicbrainz.org/release-group/58c74d55-ca15-4eff-9636-8450d41a53c4
rock_hall,,1971,Kaya,Bob Marley and the Wailers,,"Kaya, Burkina Faso",City,Direct,kaya,,,,,n — kaya is slang for marijuana,Bob Marley,Soul Revolution Part II Dub,Album,Bob Marley & The Wailers,https://musicbrainz.org/release-group/58c74d55-ca15-4eff-9636-8450d41a53c4
rock_hall,,1971,Memphis,Bob Marley and the Wailers,,"Memphis, Tennessee, United States, North America",City,Direct,memphis,35.1035,-89.9785,"also in the dataset by Donnie Brooks, Joe Jackson, Johnny Rivers, Lonnie Mack",,y,Bob Marley,Soul Revolution Part II Dub,Album,Bob Marley & The Wailers,https://musicbrainz.org/release-group/58c74d55-ca15-4eff-9636-8450d41a53c4
rock_hall,,1976,Smile Jamaica - Part One,Bob Marley and the Wailers,,"Jamaica, North America",Country,Direct,jamaica,17.997,-76.7936,,,y,Bob Marley,Smile Jamaica,Single,Bob Marley & The Wailers,https://musicbrainz.org/release-group/312e96be-8580-4416-8cca-97fcecc1fa35
rock_hall,,1979,Zimbabwe,Bob Marley and the Wailers,,"Zimbabwe, Africa",Country,Direct,zimbabwe,-17.8252,31.0335,"new place — pin approximate, check it",,y,Bob Marley,Survival,Album,Bob Marley & The Wailers,https://musicbrainz.org/release-group/549f63a0-10ba-3350-92b6-6b176606aeaa
rock_hall,,1980,Pimper’s Paradise,Bob Marley and the Wailers,,"Paradise, Kentucky, United States, North America",City,Direct,paradise,37.268056,-86.983611,,,"n — paradise as in heaven or bliss, not Paradise, Kentucky",Bob Marley,Uprising,Album,Bob Marley & The Wailers,https://musicbrainz.org/release-group/6dd29c00-7539-319d-98e0-b2f07e861497
rock_hall,,1966,Florida Time,Bob Seger & The Last Heard,,"Florida, United States, North America",State/Region,Direct,florida,27.766,-81.686,,,y,Bob Seger,Sock It to Me Santa / Florida Time,Single,Bob Seger & The Last Heard,https://musicbrainz.org/release-group/bb30ea72-1544-43d1-8a58-b804bccba3e5
rock_hall,,1995,Manhattan,Bob Seger & the Silver Bullet Band,,"Manhattan, New York, New York, United States, North America",Neighborhood/District,Direct,manhattan,40.7831,-73.9712,also in the dataset by Bing Crosby,,y,Bob Seger,It’s a Mystery,Album,Bob Seger & the Silver Bullet Band,https://musicbrainz.org/release-group/00fac393-347b-30ab-bbb8-9c80b24dd97a
rock_hall,,2014,California Stars,Bob Seger,,"California, United States, North America",State/Region,Direct,california,36.116,-119.682,also in the dataset by Billy Bragg and Wilco,,y,Bob Seger,Ride Out,Album,Bob Seger,https://musicbrainz.org/release-group/12cac1c7-dc8d-42f6-a18c-342691ea16c8
rock_hall,,2014,Detroit Made,Bob Seger,,"Detroit, Michigan, United States, North America",City,Direct,detroit,42.383,-83.1022,,,y,Bob Seger,Ride Out,Album,Bob Seger,https://musicbrainz.org/release-group/12cac1c7-dc8d-42f6-a18c-342691ea16c8
rock_hall,,,The Boston Fancy,Bob Wills and His Texas Playboys,,"Boston, Massachusetts, United States, North America",City,Direct,boston,42.332,-71.0202,also in the dataset by Gisele MacKenzie; no release date on MusicBrainz — fill in year,,y,Bob Wills,The Boston Fancy / Don't Keep It a Secret,Single,Bob Wills & His Texas Playboys,https://musicbrainz.org/release-group/a5020c30-2189-406c-8a76-f07fa1545c0d
rock_hall,,1935,Good Old Oklahoma,Bob Wills and His Texas Playboys,,"Oklahoma, United States, North America",State/Region,Direct,oklahoma,35.565,-96.928,,,y,Bob Wills,Good Old Oklahoma / Mexicali Rose,Single,Bob Wills and His Texas Playboys,https://musicbrainz.org/release-group/4407c772-9af7-4b15-8c88-8675f128d5e6
rock_hall,,1935,Mexicali Rose,Bob Wills and His Texas Playboys,,"Mexicali, Mexico, North America",City,Direct,mexicali,32.62781,-115.45446,also in the dataset by Karl Denver,,y,Bob Wills,Good Old Oklahoma / Mexicali Rose,Single,Bob Wills and His Texas Playboys,https://musicbrainz.org/release-group/4407c772-9af7-4b15-8c88-8675f128d5e6
rock_hall,,1935,St. Louis Blues,Bob Wills and His Texas Playboys,,"St. Louis, Missouri, United States, North America",City,Direct,st louis,38.6357,-90.2446,also in the dataset by Bessie Smith and Louis Armstrong,,y,Bob Wills,St. Louis Blues / Four or Five Times,Single,Bob Wills & His Texas Playboys,https://musicbrainz.org/release-group/86a0f5c3-ada7-40cb-9e81-9e78bc352bd0
rock_hall,,1936,Oklahoma Rag,Bob Wills and His Texas Playboys,,"Oklahoma, United States, North America",State/Region,Direct,oklahoma,35.565,-96.928,,,y,Bob Wills,Old Fashioned Love / Oklahoma Rag,Single,Bob Wills and His Texas Playboys,https://musicbrainz.org/release-group/c9048e4d-9c10-44af-a67d-b4eeab348483
rock_hall,,1936,Spanish Two Step,Bob Wills and His Texas Playboys,,"Spain, Europe",Country,Demonym,spanish,40.4165,-3.7026,,,y,Bob Wills,Spanish Two-Step / Blue River,Single,Bob Wills and His Texas Playboys,https://musicbrainz.org/release-group/aea8237d-b11b-44b6-8dcb-dc9ffe789b4d
rock_hall,,1937,Back Home Again in Indiana,Bob Wills and His Texas Playboys,,"Indiana, United States, North America",State/Region,Direct,indiana,39.849,-86.258,,,y,Bob Wills,Back Home Again in Indiana / Swing Blues No. 2,Single,Bob Wills and His Texas Playboys,https://musicbrainz.org/release-group/f5df98ce-b2e2-4e1d-989e-cc1a7f34f620
rock_hall,,1937,I'm a Ding Dong Daddy (From Dumas),Bob Wills and His Texas Playboys,,"Dumas, Texas, United States, North America",City,Direct,dumas,35.8656,-101.9732,"new place — pin approximate, check it",,y,Bob Wills,Rosetta / I'm a Ding Dong Daddy (From Dumas),Single,Bob Wills and His Texas Playboys,https://musicbrainz.org/release-group/ecae6370-a126-40d4-9930-cca16cba78bc
rock_hall,,1937,New St. Louis Blues,Bob Wills and His Texas Playboys,,"St. Louis, Missouri, United States, North America",City,Direct,st louis,38.6357,-90.2446,,,y,Bob Wills,New St. Louis Blues / Oozlin' Daddy Blues,Single,Bob Wills and His Texas Playboys,https://musicbrainz.org/release-group/93495e35-c538-466e-be9e-9386fd525cc6
rock_hall,,1938,Everybody Does It In Hawaii,Bob Wills and His Texas Playboys,,"Hawaii, United States, North America",State/Region,Direct,hawaii,21.094,-157.498,,,y,Bob Wills,Black Rider / Everybody Does It In Hawaii,Single,Bob Wills and His Texas Playboys,https://musicbrainz.org/release-group/2d31be1f-b2f2-4306-809b-b1de9b3fee83
rock_hall,,1938,Tulsa Stomp,Bob Wills and His Texas Playboys,,"Tulsa, Oklahoma, United States, North America",City,Direct,tulsa,36.1279,-95.9023,,,y,Bob Wills,Tulsa Stomp / Little Red Head,Single,Bob Wills and His Texas Playboys,https://musicbrainz.org/release-group/4f769d64-4f31-4ed5-8f4b-28e804ac9d07
rock_hall,,1938,Way Down Upon the Swanee River,Bob Wills and His Texas Playboys,,"Suwannee River, Georgia/Florida, United States, North America",Water/Natural Feature,Direct,swanee river,30.38,-83.16,,,y,Bob Wills,Loveless Love / Way Down Upon the Swanee River,Single,Bob Wills and His Texas Playboys,https://musicbrainz.org/release-group/0bf5fc13-f581-466a-b428-59ae838462a0
rock_hall,,1939,Beaumont Rag,Bob Wills and His Texas Playboys,,"Beaumont, Texas, United States, North America",City,Direct,beaumont,30.0861,-94.1018,"new place — pin from geonamescache, check it",,y,Bob Wills,Beaumont Rag / The Waltz You Saved for Me,Single,Bob Wills and His Texas Playboys,https://musicbrainz.org/release-group/bbaa5f5e-9021-4136-8171-ae418aeebf48
rock_hall,,1939,Carolina in the Morning,Bob Wills and His Texas Playboys,,"The Carolinas, United States, North America",State/Region,Direct,carolina,34.8,-79.5,,,y,Bob Wills,Ida Red / Carolina in the Morning,Single,Bob Wills and His Texas Playboys,https://musicbrainz.org/release-group/3d2cb3fc-4e9e-43d9-b846-51c131101400
rock_hall,,1940,Medley of Spanish Waltzes,Bob Wills and His Texas Playboys,,"Spain, Europe",Country,Demonym,spanish,40.4165,-3.7026,,,y,Bob Wills,Blue Bonnet Rag / Medley of Spanish Waltzes,Single,Bob Wills and His Texas Playboys,https://musicbrainz.org/release-group/72af9eaa-0ff1-44ae-86eb-4fbcd5696664
rock_hall,,1944,You're From Texas,Bob Wills and His Texas Playboys,,"Texas, United States, North America",State/Region,Direct,texas,31.054,-97.563,,,y,Bob Wills,We Might as Well Forget It / You're From Texas,Single,Bob Wills and His Texas Playboys,https://musicbrainz.org/release-group/073e6c42-ed9f-4afc-84cb-2be19e611942
rock_hall,,1945,Stars and Stripes on Iwo Jima,Bob Wills and His Texas Playboys,,"Iwo Jima, Japan, Asia",Water/Natural Feature,Direct,iwo,24.7808,141.3172,"new place — pin approximate, check it; place changed from 'Iwo, Nigeria'",,"y — Iwo Jima, not Iwo, Nigeria",Bob Wills,Stars and Stripes on Iwo Jima / You Don’t Care What Happens to Me,Single,Bob Wills and His Texas Playboys,https://musicbrainz.org/release-group/c573c875-0bfd-4e65-bf71-2731e0e66704
rock_hall,,1945,Texas Playboy Rag,Bob Wills and His Texas Playboys,,"Texas, United States, North America",State/Region,Direct,texas,31.054,-97.563,,,n — named for the Texas Playboys band,Bob Wills,Texas Playboy Rag / Silver Dew on the Blue Grass Tonight,Single,Bob Wills and His Texas Playboys,https://musicbrainz.org/release-group/e2c60f30-3453-4804-a17a-6feba6a724bd
rock_hall,,1945,White Cross on Okinawa,Bob Wills and His Texas Playboys,,"Okinawa, Japan, Asia",City,Direct,okinawa,26.3358,127.8014,"new place — pin from geonamescache, check it",,y,Bob Wills,Empty Chair at the Christmas Table / White Cross on Okinawa,Single,Bob Wills and His Texas Playboys,https://musicbrainz.org/release-group/327b163c-9ea8-4750-b40c-942d6fc15084
rock_hall,,1946,New Spanish Two Step,Bob Wills and His Texas Playboys,,"Spain, Europe",Country,Demonym,spanish,40.4165,-3.7026,,,y,Bob Wills,New Spanish Two Step,Single,Bob Wills and His Texas Playboys,https://musicbrainz.org/release-group/d18269f7-cc1e-4014-811c-c406cbe4686f
rock_hall,,1947,Spanish Fandango,Bob Wills and His Texas Playboys,,"Spain, Europe",Country,Demonym,spanish,40.4165,-3.7026,,,y,Bob Wills,Spanish Fandango / Bubbles in My Beer,Single,Bob Wills and His Texas Playboys,https://musicbrainz.org/release-group/6321e00d-53af-36f4-9793-4799ab57ea1a
rock_hall,,1948,'Neath Hawaiian Palms,Bob Wills and His Texas Playboys,,"Hawaii, United States, North America",State/Region,Demonym,hawaiian,21.094,-157.498,,,y,Bob Wills,'Neath Hawaiian Palms / Thorn in My Heart,Single,Bob Wills and His Texas Playboys,https://musicbrainz.org/release-group/65082e2a-4572-4eee-8c0a-d8a76f748ffb
rock_hall,,1948,Blues for Dixie,Bob Wills With His Texas Playboys,,"American South, United States, North America",Continent/Region,Nickname,dixie,33,-86,,,y,Bob Wills,I Had a Little Mule / Blues for Dixie,Single,Bob Wills With His Texas Playboys,https://musicbrainz.org/release-group/d4dc414f-b3dd-4525-a2a5-10e00ce2919e
rock_hall,,1948,Can't Get Enough of Texas,Bob Wills and His Texas Playboys,,"Texas, United States, North America",State/Region,Direct,texas,31.054,-97.563,,,y,Bob Wills,Let Me Call You Sweetheart / Can't Get Enough of Texas,Single,Bob Wills and His Texas Playboys,https://musicbrainz.org/release-group/5cc77d2c-6ecb-45ca-befa-4b03bd597e90
rock_hall,,1948,"Hop, Skip and Jump Over Texas",Bob Wills and His Texas Playboys,,"Texas, United States, North America",State/Region,Direct,texas,31.054,-97.563,,,y,Bob Wills,"Cotton Patch Blues / Hop, Skip and Jump Over Texas",Single,Bob Wills and His Texas Playboys,https://musicbrainz.org/release-group/ef2c41db-a07e-4747-92b4-5bc5b0f17c78
rock_hall,,1948,New Texas Playboy Rag,Bob Wills and His Texas Playboys,,"Texas, United States, North America",State/Region,Direct,texas,31.054,-97.563,,,n — named for the Texas Playboys band,Bob Wills,New Texas Playboy Rag / Texarkana Baby,Single,Bob Wills and His Texas Playboys,https://musicbrainz.org/release-group/af7be5a0-9999-4795-9a91-7cf504bf3917
rock_hall,,1948,Texarkana Baby,Bob Wills and His Texas Playboys,,"Texarkana, Texas, United States, North America",City,Direct,texarkana,33.437222,-94.0675,"also in the dataset by Eddy Arnold, Rusty Draper",,y,Bob Wills,New Texas Playboy Rag / Texarkana Baby,Single,Bob Wills and His Texas Playboys,https://musicbrainz.org/release-group/af7be5a0-9999-4795-9a91-7cf504bf3917
rock_hall,,1949,My Little Rock Candy Baby,Bob Wills and His Texas Playboys,,"Little Rock, Arkansas, United States, North America",City,Direct,little rock,34.7254,-92.3586,,,n — 'little rock' here is rock 'n' roll or rock candy,Bob Wills,I Married the Rose of San Antone / My Little Rock Candy Baby,Single,Bob Wills and His Texas Playboys,https://musicbrainz.org/release-group/5fef7af2-fbf9-4601-b453-e1c777f00af7
rock_hall,,1949,Texas Drummer Boy,Bob Wills and His Texas Playboys,,"Texas, United States, North America",State/Region,Direct,texas,31.054,-97.563,,,y,Bob Wills,Texas Drummer Boy / I Want to Be Near You,Single,Bob Wills and His Texas Playboys,https://musicbrainz.org/release-group/d79e7190-a7a2-4d23-85a3-0583cad5f67c
rock_hall,,1952,Three Miles South of Cash in Arkansas,Bob Wills and His Texas Playboys and Carolina Cotton,,"Arkansas, United States, North America",State/Region,Direct,arkansas,34.7465,-92.2896,"new place — pin approximate, check it",,y,Bob Wills,I'm All Alone / Three Miles South of Cash in Arkansas,Single,Bob Wills and His Texas Playboys and Carolina Cotton,https://musicbrainz.org/release-group/af99f7a3-963c-4960-89df-99f83d3fe2c5
rock_hall,,1953,I Want to Go to Mexico,Bob Wills and His Texas Playboys,,"Mexico, North America",Country,Direct,mexico,19.4285,-99.1277,,,y,Bob Wills,A Broken Heart for a Souvenir / I Want to Go to Mexico,Single,Bob Wills and His Texas Playboys,https://musicbrainz.org/release-group/55d9d00c-a0a2-4878-b7c8-3472ef1323d0
rock_hall,,1954,Texas Blues,Bob Wills and His Texas Playboys,,"Texas, United States, North America",State/Region,Direct,texas,31.054,-97.563,,,y,Bob Wills,I Hit the Jackpot (When I Won You) / Texas Blues,Single,Bob Wills and His Texas Playboys,https://musicbrainz.org/release-group/c3cfc61b-4b1a-4887-99c6-f829778c30f0
rock_hall,,1955,Texas Fiddler,Bob Wills and His Texas Playboys,,"Texas, United States, North America",State/Region,Direct,texas,31.054,-97.563,,,y,Bob Wills,My Shoes Keep Walking Back to You / Texas Fiddler,Single,Bob Wills & His Texas Playboys,https://musicbrainz.org/release-group/7e8433a0-8028-420b-8aa8-64d2e342ab95
rock_hall,,1969,Deep in the Heart of Texas,Bob Wills and the Texas Playboys ft. Leon Rausch,,"Texas, United States, North America",State/Region,Direct,texas,31.054,-97.563,"also in the dataset by Alvino Rey, Bing Crosby, Duane Eddy, Gene Autry, Horace Heidt, The Merry Macs",,y,Bob Wills,Deep in the Heart of Texas / I Just Can’t Take It Anymore,Single,Bob Wills and the Texas Playboys featuring Leon Rausch,https://musicbrainz.org/release-group/295ee286-10d6-4c2c-a924-bc2ef152f2f9
rock_hall,,1974,Comin’ Down From Denver,Bob Wills and His Texas Playboys,,"Denver, Colorado, United States, North America",City,Direct,denver,39.7618,-104.8806,,,y,Bob Wills,For the Last Time,Album,Bob Wills and His Texas Playboys,https://musicbrainz.org/release-group/c06066c5-f153-3e81-82b8-5b4d889f60d5
rock_hall,,1974,Silver Lake Blues,Bob Wills and His Texas Playboys,,"Silver Lake, California, United States, North America",City,Direct,silver lake,34.087,-118.27,"new place — pin approximate, check it",,? — which Silver Lake? check,Bob Wills,For the Last Time,Album,Bob Wills and His Texas Playboys,https://musicbrainz.org/release-group/c06066c5-f153-3e81-82b8-5b4d889f60d5
rock_hall,,1974,When You Leave Amarillo (Turn Out the Lights),Bob Wills and His Texas Playboys,,"Amarillo, Texas, United States, North America",City,Direct,amarillo,35.222,-101.8313,,,y,Bob Wills,For the Last Time,Album,Bob Wills and His Texas Playboys,https://musicbrainz.org/release-group/c06066c5-f153-3e81-82b8-5b4d889f60d5
rock_hall,,1984,Across the Alley From the Alamo,Bob Wills and His Texas Playboys,,"The Alamo, San Antonio, Texas, United States, North America",Street/Landmark,Direct,the alamo,29.426,-98.4861,"also in the dataset by The Mills Brothers, The Three Suns; earliest MusicBrainz release is 1984, after Bob Wills died (1975) — probably a reissue; use the original release year",,y,Bob Wills,The Greatest Hits of Texas,EP,Bob Wills and His Texas Playboys,https://musicbrainz.org/release-group/0c30b22c-a6a9-46c3-b709-e1e1514c3248
rock_hall,,1969,Georgia,Bobby Bland,,"Georgia, United States, North America",State/Region,Direct,georgia,33.04,-83.643,"also in the dataset by Carolyn Dawn Johnson, Ludacris and Field Mob ft. Jamie Foxx",,y,Bobby Bland,Spotlighting the Man,Album,Bobby Bland,https://musicbrainz.org/release-group/f4712f69-b729-3126-9232-af2ca59849aa
rock_hall,,1962,A Nightingale Sang in Berkeley Square,Bobby Darin,,"Berkeley Square, London, England, United Kingdom, Europe",Street/Landmark,Direct,berkeley square,51.51,-0.1465,"also in the dataset by Glenn Miller, Vera Lynn",,y,Bobby Darin,Oh! Look at Me Now,Album,Bobby Darin,https://musicbrainz.org/release-group/3c669862-0f40-4115-aa74-314893733046
rock_hall,,1963,Abilene,Bobby Darin,,"Abilene, Texas, United States, North America",City,Direct,abilene,32.4545,-99.7381,also in the dataset by George Hamilton IV,,y,Bobby Darin,Golden Folk Hits,Album,Bobby Darin,https://musicbrainz.org/release-group/5de68a9e-c4ca-49e2-bcd3-7cdfa8eab6ff
rock_hall,,1963,On Broadway,Bobby Darin,,"Broadway, New York, New York, United States, North America",Street/Landmark,Direct,broadway,40.759,-73.9845,"also in the dataset by George Benson, The Drifters",,y,Bobby Darin,18 Yellow Roses & 11 Other Hits,Album,Bobby Darin,https://musicbrainz.org/release-group/cd2a32f4-df55-3367-ac4a-6b8e8235023e
rock_hall,,1964,Sunday in New York,Bobby Darin,,"New York, New York, United States, North America",City,Direct,new york,40.6643,-73.9385,,,y,Bobby Darin,From Hello Dolly to Goodbye Charlie,Album,Bobby Darin,https://musicbrainz.org/release-group/753720e1-f843-3193-ac1e-4725440e05c1
rock_hall,,1965,Venice Blue,Bobby Darin,,"Venice, Italy, Europe",City,Direct,venice,45.4408,12.3155,"place changed from 'Venice, Los Angeles, California, United States, North America'",,"y — Venice, Italy, not Venice Beach",Bobby Darin,Venice Blue,Album,Bobby Darin,https://musicbrainz.org/release-group/2b0614b9-f2e2-433e-a0df-51152725578a
rock_hall,,1972,Shipmates in Cheyenne,Bobby Darin,,"Cheyenne, Wyoming, United States, North America",City,Direct,cheyenne,41.14,-104.820278,,,y,Bobby Darin,Bobby Darin,Album,Bobby Darin,https://musicbrainz.org/release-group/fb914085-e966-44e7-8696-7fe8a15ab9c3
rock_hall,,1990,East of the Rockies,Bobby Darin and Johnny Mercer,,"Rocky Mountains, North America",Water/Natural Feature,Direct,the rockies,43.7,-110.6,,,y,Bobby Darin,Two of a Kind,Album,Bobby Darin & Johnny Mercer,https://musicbrainz.org/release-group/2172e80d-9751-3e3b-9421-dd70068bd2c5
rock_hall,,1990,Indiana,Bobby Darin and Johnny Mercer,,"Indiana, United States, North America",State/Region,Direct,indiana,39.849,-86.258,also in the dataset by Freddy Cannon,,y,Bobby Darin,Two of a Kind,Album,Bobby Darin & Johnny Mercer,https://musicbrainz.org/release-group/2172e80d-9751-3e3b-9421-dd70068bd2c5
rock_hall,,1990,Mississippi Mud,Bobby Darin and Johnny Mercer,,"Mississippi, United States, North America",State/Region,Direct,mississippi,32.741,-89.678,,,y,Bobby Darin,Two of a Kind,Album,Bobby Darin & Johnny Mercer,https://musicbrainz.org/release-group/2172e80d-9751-3e3b-9421-dd70068bd2c5
rock_hall,,2018,Young Joe Caldwell (a.k.a. Lucky Day),Bobby Darin,,"Caldwell, Idaho",City,Direct,caldwell,,,,,n — Joe Caldwell is a person,Bobby Darin,Go Ahead & Back Up: The Lost Motown Masters,Album,Bobby Darin,https://musicbrainz.org/release-group/43e4b849-0014-4e33-8d19-c8a6291573d3
rock_hall,,2021,Rock Island Line,Bobby Darin,,"Rock Island, Illinois, United States, North America",City,Direct,rock island,41.473,-90.5852,"also in the dataset by Johnny Cash, Leadbelly, Lonnie Donegan, Stan Freberg and His Sniffle Group",,y,Bobby Darin,The A Sides,Album,Bobby Darin,https://musicbrainz.org/release-group/b94a67f1-0fdf-4c98-8700-5fa5432b9631
rock_hall,,1967,Broadway Walk,Bobby Womack,,"Broadway, New York, New York, United States, North America",Street/Landmark,Direct,broadway,40.759,-73.9845,,,y,Bobby Womack,Broadway Walk / Somebody Special,Single,Bobby Womack,https://musicbrainz.org/release-group/fd6f0317-0ea8-4958-aff6-fbf44af39f33
rock_hall,,1968,Moonlight in Vermont,Bobby Womack,,"Vermont, United States, North America",State/Region,Direct,vermont,44.08,-72.71,also in the dataset by Ella Fitzgerald and Louis Armstrong,,y,Bobby Womack,Fly Me to the Moon,Album,Bobby Womack,https://musicbrainz.org/release-group/329e85a5-7058-3c05-a304-4164f1927821
rock_hall,,1970,Arkansas State Prison,Bobby Womack,,"Arkansas, United States, North America",State/Region,Direct,arkansas,34.7465,-92.2896,"new place — pin approximate, check it",,y,Bobby Womack,My Prescription,Album,Bobby Womack,https://musicbrainz.org/release-group/56ae99ac-186b-4b21-bcd4-0bbd6836142a
rock_hall,,1970,I Left My Heart in San Francisco,Bobby Womack,,"San Francisco, California, United States, North America",City,Direct,san francisco,37.78,-122.4193,also in the dataset by Tony Bennett,,y,Bobby Womack,My Prescription,Album,Bobby Womack,https://musicbrainz.org/release-group/56ae99ac-186b-4b21-bcd4-0bbd6836142a
rock_hall,,1984,American Dream,Bobby Womack,,"United States, North America",Country,Demonym,american,38.8951,-77.0364,"also in the dataset by Crosby, Stills, Nash & Young, Jakatta, LCD Soundsystem, Power of Dreams, Simon F",,y,Bobby Womack,The Poet II,Album,Bobby Womack,https://musicbrainz.org/release-group/e4b4c59d-00c3-3011-8596-72e316cfe83a
rock_hall,,1999,A Hundred Pounds of Clay,Bobby Womack,,"Clay, Kentucky, United States, North America",City,Direct,clay,37.476389,-87.820278,,,n — clay the material,Bobby Womack,Back to My Roots,Album,Bobby Womack,https://musicbrainz.org/release-group/ba9cb8c1-83a6-3674-881d-d7be1ad8db5b
rock_hall,,1985,Tokyo Road,Bon Jovi,,"Tokyo, Japan, Asia",City,Direct,tokyo,35.6895,139.6917,,,y,Bon Jovi,7800° Fahrenheit,Album,Bon Jovi,https://musicbrainz.org/release-group/63d759cc-eec6-3db5-933c-3f210627806a
rock_hall,,2016,Goodnight New York,Bon Jovi,,"New York, New York, United States, North America",City,Direct,new york,40.6643,-73.9385,,,y,Bon Jovi,This House Is Not for Sale,Album,Bon Jovi,https://musicbrainz.org/release-group/fd527e07-7928-4b28-89f2-965bdbfc04ae
rock_hall,,2020,American Reckoning,Bon Jovi,,"United States, North America",Country,Demonym,american,38.8951,-77.0364,,,y,Bon Jovi,2020,Album,Bon Jovi,https://musicbrainz.org/release-group/3c6fe7fd-0d0f-4e11-a217-8f0304f0b319
rock_hall,,2024,Living in Paradise,Bon Jovi,,"Paradise, Kentucky, United States, North America",City,Direct,paradise,37.268056,-86.983611,,,"n — paradise as in heaven or bliss, not Paradise, Kentucky",Bon Jovi,Forever,Album,Bon Jovi,https://musicbrainz.org/release-group/90cc8a89-a76c-44aa-9d5a-f163daa2710e
rock_hall,,2025,"Red, White and Jersey",Bon Jovi,,"New Jersey, United States, North America",State/Region,Nickname,jersey,40.298,-74.521,,,y,Bon Jovi,Hollow Man,Single,Bon Jovi,https://musicbrainz.org/release-group/2f0ed54d-8e20-41e2-b661-7923ea4457b3
rock_hall,,1973,Kokomo Blues,Bonnie Raitt,,"Kokomo, Indiana, United States, North America",City,Direct,kokomo,40.4753,-86.1328,,,y,Bonnie Raitt,Takin My Time,Album,Bonnie Raitt,https://musicbrainz.org/release-group/5fada260-5e4f-39da-b099-537ec3f2ea97
rock_hall,,1986,Who but a Fool (Thief Into Paradise),Bonnie Raitt,,"Paradise, Kentucky, United States, North America",City,Direct,paradise,37.268056,-86.983611,,,"n — paradise as in heaven or bliss, not Paradise, Kentucky",Bonnie Raitt,Nine Lives,Album,Bonnie Raitt,https://musicbrainz.org/release-group/c23ecb0a-6437-3fa7-ab40-d43b4edd16e5
rock_hall,,2012,Marriage Made in Hollywood,Bonnie Raitt,,"Hollywood, California, United States, North America",Neighborhood/District,Direct,hollywood,34.0928,-118.3287,,,y,Bonnie Raitt,Slipstream,Album,Bonnie Raitt,https://musicbrainz.org/release-group/89964229-4b64-4d8c-a556-b48b156a85e7
rock_hall,,1969,Cleveland Now,Booker T. & the M.G.'s,,"Cleveland, Ohio, United States, North America",City,Direct,cleveland,41.4781,-81.6795,,,y,Booker T. & the M.G.'s,Uptight,Album (soundtrack),Booker T. & the MG’s,https://musicbrainz.org/release-group/03023d08-b58e-40b3-b938-4349826bc50f
rock_hall,,1976,Beale Street Revival,Booker T. & the M.G.'s,,"Beale Street, Memphis, Tennessee, United States, North America",Street/Landmark,Direct,beale street,35.139444,-90.051944,,,y,Booker T. & the M.G.'s,Union Extended,Album,Booker T. & the MG’s,https://musicbrainz.org/release-group/7bdaa1d1-f1b6-4a0f-b346-9a28442cd387
rock_hall,,1976,National Jackson,Booker T. & the M.G.'s,,"Jackson, Mississippi, United States, North America",City,Direct,jackson,32.3158,-90.2128,,,n — a person named Jackson,Booker T. & the M.G.'s,Union Extended,Album,Booker T. & the MG’s,https://musicbrainz.org/release-group/7bdaa1d1-f1b6-4a0f-b346-9a28442cd387
rock_hall,,1977,Last Tango in Memphis,Booker T. & the M.G.'s,,"Memphis, Tennessee, United States, North America",City,Direct,memphis,35.1035,-89.9785,,,y,Booker T. & the M.G.'s,Universal Language,Album,Booker T. & the MG’s,https://musicbrainz.org/release-group/dd41d806-e77d-409e-bb1b-d0f755064463
rock_hall,,1994,Sarasota Sunset,Booker T. & the M.G.'s,,"Sarasota, Florida, United States, North America",City,Direct,sarasota,27.3364,-82.5306,"new place — pin from geonamescache, check it",,y,Booker T. & the M.G.'s,That’s the Way It Should Be,Album,Booker T. & the MG’s,https://musicbrainz.org/release-group/27ac0daa-77ee-3e78-9216-d1ce627afd1f
rock_hall,,1959,Rock-a-Bye Your Baby With a Dixie Melody,Brenda Lee,,"American South, United States, North America",Continent/Region,Nickname,dixie,33,-86,,,y,Brenda Lee,Grandma What Great Songs You Sang!,Album,Brenda Lee,https://musicbrainz.org/release-group/4845e0f0-8252-4266-a4f2-febb4684d257
rock_hall,,1959,St. Louis Blues,Brenda Lee,,"St. Louis, Missouri, United States, North America",City,Direct,st louis,38.6357,-90.2446,also in the dataset by Bessie Smith and Louis Armstrong,,y,Brenda Lee,Grandma What Great Songs You Sang!,Album,Brenda Lee,https://musicbrainz.org/release-group/4845e0f0-8252-4266-a4f2-febb4684d257
rock_hall,,1960,Jambalaya (On the Bayou),Brenda Lee,,"Louisiana Bayou, Louisiana, United States, North America",Continent/Region,Direct,the bayou,29.9,-91.3,"also in the dataset by Fats Domino, Hank Williams, Jo Stafford, The Blue Ridge Rangers, The Nitty Gritty Dirt Band",,y,Brenda Lee,Brenda Lee,Album,Brenda Lee,https://musicbrainz.org/release-group/932c68f8-19aa-4866-bd72-022299b1cce0
rock_hall,,1960,Walking to New Orleans,Brenda Lee,,"New Orleans, Louisiana, United States, North America",City,Direct,new orleans,30.0686,-89.939,also in the dataset by Fats Domino,,y,Brenda Lee,This Is... Brenda,Album,Brenda Lee,https://musicbrainz.org/release-group/79c016bc-e927-4942-9096-2e868eb2e38e
rock_hall,,1961,Georgia on My Mind,Brenda Lee,,"Georgia, United States, North America",State/Region,Direct,georgia,33.04,-83.643,"also in the dataset by Hoagy Carmichael, Michael Bolton, Ray Charles, The Righteous Brothers, Wes Montgomery, Willie Nelson",,y,Brenda Lee,Emotions,Album,Brenda Lee,https://musicbrainz.org/release-group/9e540115-097c-4f78-a270-98e39d3ef277
rock_hall,,1961,Kansas City,Brenda Lee,,"Kansas City, Missouri, United States, North America",City,Direct,kansas city,39.1252,-94.5511,"also in the dataset by Hank Ballard And The Midnighters, James Brown And The Famous Flames, Little Richard, Rocky Olson, The New Basement Tapes, Trini Lopez, Wilbert Harrison",,y,Brenda Lee,All the Way,Album,Brenda Lee,https://musicbrainz.org/release-group/533e9a48-50c5-48b9-bcb0-0e4dbf25103d
rock_hall,,1961,Swanee River Rock,Brenda Lee,,"Suwannee River, Georgia/Florida, United States, North America",Water/Natural Feature,Direct,swanee river,30.38,-83.16,also in the dataset by Ray Charles,,y,Brenda Lee,Emotions,Album,Brenda Lee,https://musicbrainz.org/release-group/9e540115-097c-4f78-a270-98e39d3ef277
rock_hall,,1963,I Left My Heart in San Francisco,Brenda Lee,,"San Francisco, California, United States, North America",City,Direct,san francisco,37.78,-122.4193,also in the dataset by Tony Bennett,,y,Brenda Lee,All Alone Am I,Album,Brenda Lee,https://musicbrainz.org/release-group/8ee350b7-ca5d-3a1f-88da-5329e17d4b37
rock_hall,,1976,Oklahoma Superstar,Brenda Lee,,"Oklahoma, United States, North America",State/Region,Direct,oklahoma,35.565,-96.928,,,y,Brenda Lee,L.A. Sessions,Album,Brenda Lee,https://musicbrainz.org/release-group/b272f512-092f-464f-b638-cdf0af37d203
rock_hall,,1981,"Only When I Laugh (From the Columbia Motion Picture ""Only When I Laugh"")",Brenda Lee,,"Columbia, South Carolina",City,Direct,columbia,,,,,n — Columbia only in a 'Columbia Motion Picture' tag,Brenda Lee,Only When I Laugh,Album,Brenda Lee,https://musicbrainz.org/release-group/ca1cb5f0-e133-44e1-84fd-9a91c205cdd2
rock_hall,,1973,Mary Queen of Arkansas,Bruce Springsteen,,"Arkansas, United States, North America",State/Region,Direct,arkansas,34.7465,-92.2896,"new place — pin approximate, check it",,y,Bruce Springsteen,"Greetings From Asbury Park, N.J.",Album,Bruce Springsteen,https://musicbrainz.org/release-group/c497fc44-ddaf-3cce-a9b4-bfec958a0f3c
rock_hall,,1975,"Sandy (4th July, Asbury Park)",Bruce Springsteen,,"Asbury Park, New Jersey, United States, North America",City,Direct,asbury park,40.22039,-74.01208,,,y,Bruce Springsteen,"4th of July, Asbury Park (Sandy)",Single,Bruce Springsteen,https://musicbrainz.org/release-group/39b4ed43-1425-46f3-8b1b-3cc703eda075
rock_hall,,1980,Jackson Cage,Bruce Springsteen,,"Jackson, Mississippi, United States, North America",City,Direct,jackson,32.3158,-90.2128,,,? — Jackson Cage — a metaphor? check,Bruce Springsteen,The River,Album,Bruce Springsteen,https://musicbrainz.org/release-group/8a6f6ede-b60a-3cad-b3b9-cfb57e9e1dbd
rock_hall,,1995,Galveston Bay,Bruce Springsteen,,"Galveston, Texas, United States, North America",City,Direct,galveston,29.1833,-94.9698,also in the dataset by Lonnie Hill,,y,Bruce Springsteen,The Ghost of Tom Joad,Album,Bruce Springsteen,https://musicbrainz.org/release-group/46ab3187-496d-3565-900e-57d89bacd22c
rock_hall,,1995,Youngstown,Bruce Springsteen,,"Youngstown, Ohio, United States, North America",City,Direct,youngstown,41.0998,-80.6495,"new place — pin from geonamescache, check it",,y,Bruce Springsteen,The Ghost of Tom Joad,Album,Bruce Springsteen,https://musicbrainz.org/release-group/46ab3187-496d-3565-900e-57d89bacd22c
rock_hall,,2002,Paradise,Bruce Springsteen,,"Paradise, Kentucky, United States, North America",City,Direct,paradise,37.268056,-86.983611,also in the dataset by John Prine,,"n — paradise as in heaven or bliss, not Paradise, Kentucky",Bruce Springsteen,The Rising,Album,Bruce Springsteen,https://musicbrainz.org/release-group/d19453c0-cd72-3468-b110-0f898c111e5e
rock_hall,,2005,Reno,Bruce Springsteen,,"Reno, Nevada, United States, North America",City,Direct,reno,39.52963,-119.8138,,,y,Bruce Springsteen,Devils & Dust,Album,Bruce Springsteen,https://musicbrainz.org/release-group/d5f992ab-6238-3b28-bf2b-7b16d913c9f6
rock_hall,,2006,American Land,Bruce Springsteen,,"United States, North America",Country,Demonym,american,38.8951,-77.0364,,,y,Bruce Springsteen,American Land,Single,Bruce Springsteen,https://musicbrainz.org/release-group/3ef677d1-723b-4c9c-96a9-f03bf4772aa3
rock_hall,,2006,My Oklahoma Home,Bruce Springsteen,,"Oklahoma, United States, North America",State/Region,Direct,oklahoma,35.565,-96.928,,,y,Bruce Springsteen,We Shall Overcome: The Seeger Sessions,Album,Bruce Springsteen,https://musicbrainz.org/release-group/602387fa-a76f-3895-9039-1c812c6cb28c
rock_hall,,2006,Shenandoah,Bruce Springsteen,,"Shenandoah River, Virginia, United States, North America",Water/Natural Feature,Direct,shenandoah,38.9,-78.2,"new place — pin approximate, check it; place changed from 'Shenandoah, Louisiana'",,"? — the Shenandoah River/Valley, Virginia, not Shenandoah, Louisiana",Bruce Springsteen,We Shall Overcome: The Seeger Sessions,Album,Bruce Springsteen,https://musicbrainz.org/release-group/602387fa-a76f-3895-9039-1c812c6cb28c
rock_hall,,2008,A Night With the Jersey Devil,Bruce Springsteen,,"New Jersey, United States, North America",State/Region,Nickname,jersey,40.298,-74.521,,,y,Bruce Springsteen,A Night with the Jersey Devil,Single,Bruce Springsteen,https://musicbrainz.org/release-group/03e70f66-f3a2-4815-94d5-286e1e695411
rock_hall,,2019,Somewhere North of Nashville,Bruce Springsteen,,"Nashville, Tennessee, United States, North America",City,Direct,nashville,36.1718,-86.785,,,y,Bruce Springsteen,Western Stars,Album,Bruce Springsteen,https://musicbrainz.org/release-group/c0ae827c-bb5b-4c98-ab3a-1d9573c110ac
rock_hall,,2019,Tucson Train,Bruce Springsteen,,"Tucson, Arizona, United States, North America",City,Direct,tucson,32.1543,-110.8711,,,y,Bruce Springsteen,Tucson Train,Single,Bruce Springsteen,https://musicbrainz.org/release-group/b78933b9-f6c6-47ad-a8ef-7e2cefa0b7e6
rock_hall,,2020,Chinatown,Bleachers ft. Bruce Springsteen,,"Chinatown, New York, New York, United States",Neighborhood/District,Direct,chinatown,,,,,n — Chinatown — excluded by earlier decision (can't pin to one city),Bruce Springsteen,Chinatown,Single,Bleachers feat. Bruce Springsteen,https://musicbrainz.org/release-group/ea40e127-dbd5-44bf-b370-2e45ff242bf9
rock_hall,,2026,A Rainy Night in Soho,Bruce Springsteen,,"Soho, London, England, United Kingdom, Europe",Neighborhood/District,Direct,soho,51.5137,-0.1341,matched on the bare name 'SoHo' — confirm it's this place; also in the dataset by The Pogues,,y,Bruce Springsteen,A Rainy Night in Soho,Single,Bruce Springsteen,https://musicbrainz.org/release-group/c95a36c7-2fae-43a7-a8bb-eafbb0895430
rock_hall,,1972,Ain't Nothing but a New Orleans Boogie on That Same Harpsichord,Memphis Slim ft. Buddy Guy and Junior Wells,,"New Orleans, Louisiana, United States, North America",City,Direct,new orleans,30.0686,-89.939,,,y,Buddy Guy,Southside Reunion,Album,Memphis Slim featuring Buddy Guy & Junior Wells,https://musicbrainz.org/release-group/aa94d784-714e-3f3f-9044-428c87936a9b
rock_hall,,1972,Ain't Nothing but a Texas Boogie on a Harpsichord,Memphis Slim ft. Buddy Guy and Junior Wells,,"Texas, United States, North America",State/Region,Direct,texas,31.054,-97.563,,,y,Buddy Guy,Southside Reunion,Album,Memphis Slim featuring Buddy Guy & Junior Wells,https://musicbrainz.org/release-group/aa94d784-714e-3f3f-9044-428c87936a9b
rock_hall,,1972,Hello San Francisco,Buddy Guy,,"San Francisco, California, United States, North America",City,Direct,san francisco,37.78,-122.4193,,,y,Buddy Guy,Hold That Plane!,Album,Buddy Guy,https://musicbrainz.org/release-group/ef0c72a6-c1b0-3448-8f46-cea84b38f5de
rock_hall,,1981,My Home Is in the Delta,Buddy Guy and Junior Wells,,"Mississippi Delta, Mississippi, United States, North America",Continent/Region,Direct,the delta,33.75,-90.7,"new place — pin approximate, check it",,y,Buddy Guy,Going Back to Acoustic,Album,Buddy Guy & Junior Wells,https://musicbrainz.org/release-group/70120c47-1692-4d7e-b49f-a7151b22f784
rock_hall,,1991,My Home's in the Delta,Buddy Guy and Junior Wells,,Mississippi Delta,Continent/Region,Direct,the delta,,,,,n — same song as Buddy Guy and Junior Wells's 'My Home Is in the Delta',Buddy Guy,Alone & Acoustic,Album,Buddy Guy & Junior Wells,https://musicbrainz.org/release-group/f3e47af3-2785-31dd-8419-ee5c4b11c983
rock_hall,,2012,Chicago,Umphrey's McGee ft. Buddy Guy and The Chicago Horns,,"Chicago, Illinois, United States, North America",City,Direct,chicago,41.8376,-87.6818,"also in the dataset by Elton John and Kiki Dee, Frank Sinatra, Graham Nash, Michael Jackson, Sufjan Stevens",,y,Buddy Guy,Chicago,Single,Umphrey’s McGee feat. Buddy Guy & The Chicago Horns,https://musicbrainz.org/release-group/7c47960d-feca-4887-9ee0-aba65eef0142
rock_hall,,2013,Meet Me in Chicago,Buddy Guy,,"Chicago, Illinois, United States, North America",City,Direct,chicago,41.8376,-87.6818,,,y,Buddy Guy,Rhythm & Blues,Album,Buddy Guy,https://musicbrainz.org/release-group/234098ee-1537-430c-8f36-5d8bbcdcba17
rock_hall,,2015,Thick Like Mississippi Mud,Buddy Guy,,"Mississippi, United States, North America",State/Region,Direct,mississippi,32.741,-89.678,,,y,Buddy Guy,Born to Play Guitar,Album,Buddy Guy,https://musicbrainz.org/release-group/8ae9718f-5fa8-4da8-ae6a-e6da9597c8e0
rock_hall,,,Memphis,Carl Perkins,,"Memphis, Tennessee, United States, North America",City,Direct,memphis,35.1035,-89.9785,"also in the dataset by Donnie Brooks, Joe Jackson, Johnny Rivers, Lonnie Mack; no release date on MusicBrainz — fill in year",,y,Carl Perkins,Bird Dog,Album,Carl Perkins,https://musicbrainz.org/release-group/5cceea5f-4213-46c4-9241-d420d2aaaf2e
rock_hall,,1957,Tennessee,Carl Perkins,,"Tennessee, United States, North America",State/Region,Direct,tennessee,35.747,-86.692,"also in the dataset by Arrested Development, Jan & Dean",,y,Carl Perkins,Dance Album of… Carl Perkins,Album,Carl Perkins,https://musicbrainz.org/release-group/6e7405e6-b9ce-3350-a4c2-8fc1f1fc2a79
rock_hall,,1958,Where the Rio de Rosa Flows,Carl Perkins,,"Rio de Janeiro, Brazil, South America",City,Direct,rio,-22.9064,-43.1822,,,n — a made-up river,Carl Perkins,Whole Lotta Shakin’,Album,Carl Perkins,https://musicbrainz.org/release-group/ca9cdb64-95fb-4f67-b2b8-a0c46ed71a93
rock_hall,,1962,Hollywood City,Carl Perkins,,"Hollywood, California, United States, North America",Neighborhood/District,Direct,hollywood,34.0928,-118.3287,,,y,Carl Perkins,Hollywood City,Single,Carl Perkins,https://musicbrainz.org/release-group/976ca7df-f474-41ef-a7a1-f721bc440cd8
rock_hall,,1967,Back to Tennessee,Carl Perkins,,"Tennessee, United States, North America",State/Region,Direct,tennessee,35.747,-86.692,,,y,Carl Perkins,My Old Home Town / Back to Tennessee,Single,Carl Perkins,https://musicbrainz.org/release-group/3afafab5-2eb3-4b2c-8cb1-2035f25bd8d3
rock_hall,,1967,Detroit City,Carl Perkins,,"Detroit, Michigan, United States, North America",City,Direct,detroit,42.383,-83.1022,"also in the dataset by Bobby Bare, Tom Jones",,y,Carl Perkins,Country Boy’s Dream,Album,Carl Perkins,https://musicbrainz.org/release-group/896ffe19-5f99-4638-902a-240ff234a4ab
rock_hall,,1967,Stateside,Carl Perkins,,"United States, North America",Country,Direct,stateside,38.8951,-77.0364,also in the dataset by PinkPantheress and Zara Larsson,,y,Carl Perkins,Country Boy’s Dream,Album,Carl Perkins,https://musicbrainz.org/release-group/896ffe19-5f99-4638-902a-240ff234a4ab
rock_hall,,1969,"Champaigh, Illinois",Carl Perkins,,"Champaign, Illinois, United States, North America",City,Direct,illinois,40.1164,-88.2434,"new place — pin from geonamescache, check it; place changed from 'Illinois, United States, North America'",,"y — Champaign, Illinois (misspelled in the title)",Carl Perkins,Carl Perkins on Top,Album,Carl Perkins,https://musicbrainz.org/release-group/8ee05bdd-8e5b-4194-9eee-b9ee989909ac
rock_hall,,1973,Goin’ to Memphis,Carl Perkins,,"Memphis, Tennessee, United States, North America",City,Direct,memphis,35.1035,-89.9785,,,y,Carl Perkins,My Kind of Country,Album,Carl Perkins,https://musicbrainz.org/release-group/3c8d76fd-5fcd-45c6-8fd0-fed5287824aa
rock_hall,,1977,Georgia Court Room,Carl Perkins,,"Georgia, United States, North America",State/Region,Direct,georgia,33.04,-83.643,,,y,Carl Perkins,Standing in the Need of Love / Georgia Court Room,Single,Carl Perkins,https://musicbrainz.org/release-group/b8f116ae-64da-4c3f-bb1d-6ec904de7f00
rock_hall,,1984,Memphis Tennessee,Carl Perkins,,"Memphis, Tennessee, United States, North America",City,Direct,memphis + tennessee,35.1035,-89.9785,"also in the dataset by Chuck Berry, Dave Berry and the Cruisers",,y,Carl Perkins,The Man * The Legend,Album,Carl Perkins,https://musicbrainz.org/release-group/ff6712ba-102b-3e7a-83c6-6a020843ea50
rock_hall,,1984,Rock Island Line,Carl Perkins,,"Rock Island, Illinois, United States, North America",City,Direct,rock island,41.473,-90.5852,"also in the dataset by Johnny Cash, Leadbelly, Lonnie Donegan, Stan Freberg and His Sniffle Group",,y,Carl Perkins,The Man * The Legend,Album,Carl Perkins,https://musicbrainz.org/release-group/ff6712ba-102b-3e7a-83c6-6a020843ea50
rock_hall,,1985,Texas Women,Carl Perkins,,"Texas, United States, North America",State/Region,Direct,texas,31.054,-97.563,,,y,Carl Perkins,Carl Perkins,Album,Carl Perkins,https://musicbrainz.org/release-group/374ad111-2fcc-4a1e-90e0-774da59322a8
rock_hall,,1992,Wild Texas Wind,Carl Perkins,,"Texas, United States, North America",State/Region,Direct,texas,31.054,-97.563,,,y,Carl Perkins,"Friends, Family & Legends",Album,Carl Perkins,https://musicbrainz.org/release-group/c736a892-a144-49a1-af2a-8abdf1ad6e94
rock_hall,,2001,Texas Blue Jeans,Carl Perkins,,"Texas, United States, North America",State/Region,Direct,texas,31.054,-97.563,,,y,Carl Perkins,Rock Right Now With the Guitar Man,Album,Carl Perkins,https://musicbrainz.org/release-group/88a7a0d6-75ab-42ff-babc-3fcc45840794
rock_hall,,2025,Memphis in the Meantime,Carl Perkins,,"Memphis, Tennessee, United States, North America",City,Direct,memphis,35.1035,-89.9785,also in the dataset by John Hiatt,,y,Carl Perkins,Some Things Never Change,Album,Carl Perkins,https://musicbrainz.org/release-group/dc992c89-71e5-419e-a175-bee7d7ac5099
rock_hall,,1996,A Mile Out of Memphis,Carl Perkins and Paul Simon,,"Memphis, Tennessee, United States, North America",City,Direct,memphis,35.1035,-89.9785,,,y,Carl Perkins; Paul Simon,Go Cat Go!,Album,Carl Perkins & Paul Simon,https://musicbrainz.org/release-group/eff12690-d447-3901-90ce-80a46a563d75
rock_hall,,1992,Night Train to Memphis,Carl Perkins and Scotty Moore,,"Memphis, Tennessee, United States, North America",City,Direct,memphis,35.1035,-89.9785,,,y,Carl Perkins; Scotty Moore,706 ReUnion: A Sentimental Journey,Album,Carl Perkins & Scotty Moore,https://musicbrainz.org/release-group/2a45d32a-209c-4652-a5b2-40beec5dd1d4
rock_hall,,1996,Wild Texas Wind,Carl Perkins and Willie Nelson,,"Texas, United States, North America",State/Region,Direct,texas,31.054,-97.563,,,n — same song as the Carl Perkins row (1992),Carl Perkins; Willie Nelson,Go Cat Go!,Album,Carl Perkins & Willie Nelson,https://musicbrainz.org/release-group/eff12690-d447-3901-90ce-80a46a563d75
rock_hall,,1981,Not a Day Goes By (From the Broadway Show 'Merrily We Roll Along'),Carly Simon,,"Broadway, New York, New York, United States, North America",Street/Landmark,Direct,broadway,40.759,-73.9845,,,n — Broadway only in a 'from the Broadway show' tag,Carly Simon,Torch,Album,Carly Simon,https://musicbrainz.org/release-group/5c6fc8a8-32d1-3ba8-872b-7391e6eaddfc
rock_hall,,1985,The Wives Are in Connecticut,Carly Simon,,"Connecticut, United States, North America",State/Region,Direct,connecticut,41.6,-72.7,,,y,Carly Simon,Spoiled Girl,Album,Carly Simon,https://musicbrainz.org/release-group/74717ee7-06bf-3d32-8cf3-cbad5b23ac13
rock_hall,,1993,Romulus Hunt (The Nightmare),Carly Simon,,"Romulus, Michigan, United States, North America",City,Direct,romulus,42.22226,-83.3966,,,"n — Romulus, a person",Carly Simon,Romulus Hunt: A Family Opera,Album,Carly Simon,https://musicbrainz.org/release-group/47fec92e-c48e-3369-a6c0-0db1810a5b2d
rock_hall,,2007,Jamaica Farewell,Carly Simon,,"Jamaica, North America",Country,Direct,jamaica,17.997,-76.7936,also in the dataset by Harry Belafonte,,y,Carly Simon,Into White,Album,Carly Simon,https://musicbrainz.org/release-group/7af6c088-b3c1-3887-905b-7c1b9b3ab2e7
rock_hall,,2007,Scarborough Fair,Carly Simon,,"Scarborough, England, United Kingdom, Europe",City,Direct,scarborough,54.2797,-0.4044,"also in the dataset by Martin Carthy, Sergio Mendes & Brasil '66, Simon & Garfunkel",,y,Carly Simon,Into White,Album,Carly Simon,https://musicbrainz.org/release-group/7af6c088-b3c1-3887-905b-7c1b9b3ab2e7
rock_hall,,1994,New York State of Mind,Carol Kaye,,"New York, New York, United States, North America",City,Direct,new york,40.6643,-73.9385,also in the dataset by Billy Joel,,y,Carol Kaye,The First Lady on Bass,Album,Carol Kaye,https://musicbrainz.org/release-group/a8c0c5cc-22f4-3a42-8db2-39669e1d744c
rock_hall,,1971,Back to California,Carole King,,"California, United States, North America",State/Region,Direct,california,36.116,-119.682,,,y,Carole King,Music,Album,Carole King,https://musicbrainz.org/release-group/5a3422fc-06a9-38f2-b96f-b7ab4f09cd44
rock_hall,,2011,Christmas Paradise,Carole King,,"Paradise, Kentucky, United States, North America",City,Direct,paradise,37.268056,-86.983611,,,"n — paradise as in heaven or bliss, not Paradise, Kentucky",Carole King,A Holiday Carole,Album,Carole King,https://musicbrainz.org/release-group/c1f3d23b-4c7c-43de-8fa8-fcafaa1d5f78
rock_hall,,1967,Ceylon City,Cat Stevens,,"Sri Lanka, Asia",Country,Direct,ceylon,6.9271,79.8612,"new place — pin approximate, check it",,y,Cat Stevens,New Masters,Album,Cat Stevens,https://musicbrainz.org/release-group/72b37fb6-07c1-31fc-a2fe-6c8cc13845ff
rock_hall,,1967,Portobello Road,Cat Stevens,,"Portobello Road, Notting Hill, London, England, United Kingdom, Europe",Street/Landmark,Direct,portobello road,51.5152,-0.2054,"new place — pin approximate, check it; place changed from 'Portobello Road, London'",,y — place corrected,Cat Stevens,Matthew & Son,Album,Cat Stevens,https://musicbrainz.org/release-group/8b28421a-4e07-3565-9698-675356f1986c
rock_hall,,1977,Sweet Jamaica,Cat Stevens,,"Jamaica, North America",Country,Direct,jamaica,17.997,-76.7936,,,y,Cat Stevens,Izitso,Album,Cat Stevens,https://musicbrainz.org/release-group/080388d5-b8d6-3953-a31b-799a6a5a6aee
rock_hall,,1978,New York Times,Cat Stevens,,"New York, New York, United States, North America",City,Direct,new york,40.6643,-73.9385,,,? — Cat Stevens's 'New York Times' — the city or the newspaper? check,Cat Stevens,Back to Earth,Album,Cat Stevens,https://musicbrainz.org/release-group/6dcc956a-44b0-3839-bf6f-4261e332b3fb
rock_hall,,2020,"Father and Son (live at the Troubadour, Los Angeles, USA",Yusuf and Cat Stevens,,"Los Angeles, California, United States, North America",City,Direct,los angeles,34.0194,-118.4108,,,n — Los Angeles only in a live-recording note,Cat Stevens,Tea for the Tillerman,Single,Yusuf / Cat Stevens,https://musicbrainz.org/release-group/6e7e56cd-816c-42d2-803a-4929fc58cb94
rock_hall,,2020,"Father and Son (live at the Troubadour, Los Angeles, USA",Yusuf and Cat Stevens,,"United States, North America",Country,Direct,usa,38.8951,-77.0364,contains another place in this title — pre-marked n; set y only if both places are the point of the title,n,n — the inner place in this title has its own row,Cat Stevens,Tea for the Tillerman,Single,Yusuf / Cat Stevens,https://musicbrainz.org/release-group/6e7e56cd-816c-42d2-803a-4929fc58cb94
rock_hall,,1958,Luna sobre Matanzas,Celia Cruz ft. Sonora Matancera,,"Matanzas, Cuba, North America",City,Direct,matanzas,23.0439,-81.5828,"new place — pin from geonamescache, check it",,y,Celia Cruz,La reina del ritmo cubano,Album,Celia Cruz feat. Sonora Matancera,https://musicbrainz.org/release-group/275fc5b2-ea82-384a-8a7d-8e1aee71c2c8
rock_hall,,1958,Me voy a Pinar del Río,Celia Cruz ft. Sonora Matancera,,"Pinar del Rio, Cuba, North America",City,Direct,del rio,22.4175,-83.6981,"new place — pin approximate, check it; place changed from 'Del Rio, Texas'",,"y — Pinar del Rio, Cuba",Celia Cruz,La reina del ritmo cubano,Album,Celia Cruz feat. Sonora Matancera,https://musicbrainz.org/release-group/275fc5b2-ea82-384a-8a7d-8e1aee71c2c8
rock_hall,,1964,Cuba Bella,Celia Cruz and La Sonora Matancera,,"Cuba, North America",Country,Direct,cuba,23.133,-82.383,,,y,Celia Cruz,Sabor y ritmo de pueblos,Album,Celia Cruz & La Sonora Matancera,https://musicbrainz.org/release-group/8be8d86c-4e2e-49fc-98d6-257a69dfb795
rock_hall,,1966,No hay manteca,Celia Cruz,,"Manteca, California",City,Direct,manteca,,,,,n — manteca means lard,Celia Cruz,Son con guaguancó,Album,Celia Cruz,https://musicbrainz.org/release-group/bb79e7b9-6bea-4df5-b3b1-27d02269fa79
rock_hall,,1966,Salve pa’ti’,Celia Cruz and Tito Puente,,"Pati, Indonesia",City,Direct,pati,,,,,n — 'pa' ti' means 'for you',Celia Cruz,Cuba y Puerto Rico son…,Album,Celia Cruz & Tito Puente,https://musicbrainz.org/release-group/e16554d1-1f7a-3d46-bbaf-19448559bfac
rock_hall,,1968,A Santa Bárbara,Celia Cruz,,"Santa Barbara, California",City,Direct,santa barbara,,,,,n — a saint,Celia Cruz,La excitante,Album,Celia Cruz,https://musicbrainz.org/release-group/a70fc6aa-255c-4c65-bcd1-2462ecdb723f
rock_hall,,1968,Cuando salí de Cuba,Celia Cruz,,"Cuba, North America",Country,Direct,cuba,23.133,-82.383,,,y,Celia Cruz,Serenata guajira,Album,Celia Cruz,https://musicbrainz.org/release-group/e851dbd5-4dfa-486b-a862-b1ad648ee9f3
rock_hall,,1970,Sahara,Celia Cruz and Tito Puente,,"Sahara Desert, Africa",Water/Natural Feature,Direct,sahara,25,-13,,,y,Celia Cruz,Alma con alma: The Heart & Soul of Celia Cruz and Tito Puente,Album,Celia Cruz & Tito Puente,https://musicbrainz.org/release-group/c1e39cff-84fd-4090-9fb5-f1133daa8ee9
rock_hall,,1985,Ay mi Cuba,Celia Cruz and Tito Puente,,"Cuba, North America",Country,Direct,cuba,23.133,-82.383,,,y,Celia Cruz,"Homenaje a Beny Moré, vol. 3",Album,Celia Cruz & Tito Puente,https://musicbrainz.org/release-group/c975d73f-9a6b-4f8c-9f40-a888fbd39610
rock_hall,,1992,Que suenen las palmas,Celia Cruz,,"Palmas, Brazil",City,Direct,palmas,,,,,n — palmas means clapping,Celia Cruz,Azúcar negra,Album,Celia Cruz,https://musicbrainz.org/release-group/e42c7fd7-03cd-30d8-93f6-c9850daeb2c1
rock_hall,,1993,El Paso Del Mulo,Celia Cruz ft. Johnny Pacheco,,"El Paso, Texas, United States, North America",City,Direct,el paso,31.8484,-106.427,,,n — 'el paso' means 'the step' here,Celia Cruz,¡Azúcar!,Album,Celia Cruz feat. Johnny Pacheco,https://musicbrainz.org/release-group/90fdf856-d147-4e62-8bd4-4234f3f15ac3
rock_hall,,1993,La Ceiba Y La Siguaraya,Celia Cruz,,"La Ceiba, Honduras",City,Direct,la ceiba,,,,,"n — trees, not La Ceiba",Celia Cruz,¡Azúcar!,Album,Celia Cruz,https://musicbrainz.org/release-group/90fdf856-d147-4e62-8bd4-4234f3f15ac3
rock_hall,,1994,Cuando Cuba se acabe de liberar,Celia Cruz,,"Cuba, North America",Country,Direct,cuba,23.133,-82.383,,,y,Celia Cruz,Irrepetible,Album,Celia Cruz,https://musicbrainz.org/release-group/ecdd3cee-f2bc-3900-a28b-980d37bc27a1
rock_hall,,1999,De Cuba a México,Celia Cruz,,"Cuba, North America",Country,Direct,cuba,23.133,-82.383,,,y,Celia Cruz,La reina de salsa,Album,Celia Cruz,https://musicbrainz.org/release-group/ae868ba1-d3e3-4a0d-91a8-815d6639c86c
rock_hall,,1999,De Cuba a México,Celia Cruz,,"Mexico, North America",Country,Direct,mexico,19.4285,-99.1277,,,y,Celia Cruz,La reina de salsa,Album,Celia Cruz,https://musicbrainz.org/release-group/ae868ba1-d3e3-4a0d-91a8-815d6639c86c
rock_hall,,2003,La Cuba mía,"Celia Cruz, Miliki y Willy Chirino",,"Cuba, North America",Country,Direct,cuba,23.133,-82.383,,,y,Celia Cruz,La Cuba mía,Album (soundtrack),"Celia Cruz, Miliki y Willy Chirino",https://musicbrainz.org/release-group/b4f31d6d-142c-311e-9348-e76d2f99c60b
rock_hall,,2013,Agallú a San Miguel,Celia Cruz and Orquesta Suaritos,,"San Miguel, California, United States, North America",City,Direct,san miguel,35.751389,-120.695278,"term list says 'San Miguel, El Salvador'; matched the dataset's place of the same name — confirm it's the same place",,n — a saint,Celia Cruz,La mazucamba,Album,Celia Cruz & Orquesta Suaritos,https://musicbrainz.org/release-group/55e437b4-851f-4c02-9d85-d9caf23e7f3d
rock_hall,,1975,Fool’s Paradise,Rufus ft. Chaka Khan,,"Paradise, Kentucky, United States, North America",City,Direct,paradise,37.268056,-86.983611,,,"n — paradise as in heaven or bliss, not Paradise, Kentucky",Chaka Khan,Rufus featuring Chaka Khan,Album,Rufus featuring Chaka Khan,https://musicbrainz.org/release-group/aa16ac32-6d6f-3673-a50f-82c03edfffdc
rock_hall,,1977,Egyptian Song,Rufus ft. Chaka Khan,,"Egypt, Africa",Country,Demonym,egyptian,30.0626,31.2497,,,y,Chaka Khan,Ask Rufus,Album,Rufus featuring Chaka Khan,https://musicbrainz.org/release-group/cb6327b8-4ef5-3ca2-bbe2-260473c457cd
rock_hall,,1981,And the Melody Still Lingers On (Night in Tunisia),Chaka Khan,,"Tunisia, Africa",Country,Direct,tunisia,36.8188,10.1658,,,y,Chaka Khan,"I Know You, I Live You",Single,Chaka Khan,https://musicbrainz.org/release-group/7cbe10a2-361d-49b7-912e-e2e18a4e2a29
rock_hall,,1982,East of Suez (Come on Sailor),Chaka Khan,,"Suez, Egypt, Africa",City,Direct,suez,29.9737,32.5263,"new place — pin from geonamescache, check it",,y,Chaka Khan,Chaka Khan,Album,Chaka Khan,https://musicbrainz.org/release-group/fa4b3cb1-af8e-3e81-9ab2-b4fa3a55c33e
rock_hall,,1984,Chinatown,Chaka Khan,,"Chinatown, New York, New York, United States",Neighborhood/District,Direct,chinatown,,,,,n — Chinatown — excluded by earlier decision (can't pin to one city),Chaka Khan,I Feel for You,Single,Chaka Khan,https://musicbrainz.org/release-group/0808d155-a75f-4b6b-9d21-0497dad8466f
rock_hall,,1949,New Orleans Blues,Charles Brown With Johnny Moore's Three Blazers,,"New Orleans, Louisiana, United States, North America",City,Direct,new orleans,30.0686,-89.939,,,y,Charles Brown,New Orleans Blues/Groovy Movie Blues,Single,Charles Brown With Johnny Moore’s Three Blazers,https://musicbrainz.org/release-group/fb5746ba-6a8d-441f-b6c1-6046edea8555
rock_hall,,1986,(Get Your Kicks on) Route 66,Charles Brown,,"U.S. Route 66, United States, North America",Street/Landmark,Direct,route 66,35.2,-101.8,"also in the dataset by Depeche Mode, Nat King Cole, The Manhattan Transfer",,y,Charles Brown,One More for the Road,Album,Charles Brown,https://musicbrainz.org/release-group/2ee9ff28-d3a9-3b8b-a107-6992641347d8
rock_hall,,1990,Fool's Paradise,Charles Brown,,"Paradise, Kentucky, United States, North America",City,Direct,paradise,37.268056,-86.983611,,,"n — paradise as in heaven or bliss, not Paradise, Kentucky",Charles Brown,All My Life,Album,Charles Brown,https://musicbrainz.org/release-group/b2291e0b-7783-3bb7-a486-9bad040caed9
rock_hall,,1929,Mississippi Boweavil Blues,Charley Patton,,"Mississippi, United States, North America",State/Region,Direct,mississippi,32.741,-89.678,,,y,Charley Patton,Screamin' and Hollerin' the Blues / Mississippi Boweavil Blues,Single,Charley Patton,https://musicbrainz.org/release-group/dacc9944-9638-4dc3-a9c9-5fb649d95dbe
rock_hall,,1930,Going to Move to Alabama,Charley Patton,,"Alabama, United States, North America",State/Region,Direct,alabama,32.806,-86.791,,,y,Charley Patton,Moon Going Down / Going to Move to Alabama,Single,Charley Patton,https://musicbrainz.org/release-group/81987f26-824d-4453-9dfd-38d0617853d2
rock_hall,,1934,Jersey Bull Blues,Charley Patton,,"New Jersey, United States, North America",State/Region,Nickname,jersey,40.298,-74.521,,,"n — a Jersey bull, the cattle breed",Charley Patton,Jersey Bull Blues / Love My Stuff,Single,Charley Patton,https://musicbrainz.org/release-group/d11b46e1-2000-46b6-90a8-0012a8564235
rock_hall,,2009,On the Alamo,Charlie Christian,,"The Alamo, San Antonio, Texas, United States, North America",Street/Landmark,Direct,the alamo,29.426,-98.4861,"also in the dataset by Jo Stafford; earliest MusicBrainz release is 2009, after Charlie Christian died (1942) — probably a reissue; use the original release year",,y,Charlie Christian,The Daddy of 'Em All,Album,Charlie Christian,https://musicbrainz.org/release-group/7868c01e-daa2-4bdc-b0a7-896d36d108c2
rock_hall,,1978,California Man,Cheap Trick,,"California, United States, North America",State/Region,Direct,california,36.116,-119.682,also in the dataset by The Move,,y,Cheap Trick,California Man,Single,Cheap Trick,https://musicbrainz.org/release-group/d2fdd7b0-8f87-4076-ad44-5d6a1e8e140d
rock_hall,,2009,California Girl,Cheap Trick,,"California, United States, North America",State/Region,Direct,california,36.116,-119.682,"also in the dataset by Eddie Floyd, Tompall and The Glaser Brothers",,y,Cheap Trick,The Latest,Album,Cheap Trick,https://musicbrainz.org/release-group/3bef72cb-bd5f-46c8-a2f6-8234da13ba97
rock_hall,,2009,Sick Man of Europe,Cheap Trick,,Europe,Continent/Region,Direct,europe,54.526,15.2551,,,y,Cheap Trick,The Latest,Album,Cheap Trick,https://musicbrainz.org/release-group/3bef72cb-bd5f-46c8-a2f6-8234da13ba97
rock_hall,,1966,The Girl From Ipanema,Cher,,"Ipanema, Rio de Janeiro, Brazil, South America",Neighborhood/District,Direct,ipanema,-22.9838,-43.2045,also in the dataset by Stan Getz and Astrud Gilberto,,y,Cher,The Sonny Side of Chér,Album,Cher,https://musicbrainz.org/release-group/7b3f1d03-5c44-376d-88ef-0ade697dbc6f
rock_hall,,1972,Never Been To Spain,Cher,,"Spain, Europe",Country,Direct,spain,40.4165,-3.7026,also in the dataset by Three Dog Night,,y,Cher,Foxy Lady,Album,Cher,https://musicbrainz.org/release-group/341d9bf6-402e-38bf-8081-00b11d8cf651
rock_hall,,1973,It Never Rains in Southern California,Sonny & Cher,,"California, United States, North America",State/Region,Direct,california,36.116,-119.682,"also in the dataset by Albert Hammond, Tony! Toni! Tone!",,y,Cher,Mama Was a Rock and Roll Singer Papa Used to Write All Her Songs,Album,Sonny & Cher,https://musicbrainz.org/release-group/57f305c8-75cd-4cb0-a6e5-f4f0213c453c
rock_hall,,1973,Jolson Medley: Sonny Boy/My Mammy/Rock-A-Bye Your Baby With A Dixie Melody,Cher,,"American South, United States, North America",Continent/Region,Nickname,dixie,33,-86,,,n — a Jolson medley,Cher,Bittersweet White Light,Album,Cher,https://musicbrainz.org/release-group/49d0dc86-999d-49a1-9e91-e8906fe075a2
rock_hall,,1974,Dixie Girl,Cher,,"American South, United States, North America",Continent/Region,Nickname,dixie,33,-86,,,y,Cher,Dark Lady,Album,Cher,https://musicbrainz.org/release-group/c991f81c-255f-367f-a6e8-e71f3b90a943
rock_hall,,1977,Dixie,Cher,,"American South, United States, North America",Continent/Region,Nickname,dixie,33,-86,,,y,Cher,Cherished,Album,Cher,https://musicbrainz.org/release-group/195164ee-5f70-4dcf-86fd-5e47bc1a9728
rock_hall,,1995,Paradise Is Here,Cher,,"Paradise, Kentucky, United States, North America",City,Direct,paradise,37.268056,-86.983611,,,"n — paradise as in heaven or bliss, not Paradise, Kentucky",Cher,It’s a Man’s World,Album,Cher,https://musicbrainz.org/release-group/15c11f10-5b63-3b08-b00a-a2cffb3f8e0b
rock_hall,,2000,Our Lady of San Francisco,Cher,,"San Francisco, California, United States, North America",City,Direct,san francisco,37.78,-122.4193,,,y,Cher,not.com.mercial,Album,Cher,https://musicbrainz.org/release-group/ee74ab5f-006a-3604-b903-24879638d2e5
rock_hall,,2013,Mexico,Cher,,"Mexico, North America",Country,Direct,mexico,19.4285,-99.1277,"also in the dataset by Bob Moore, James Taylor, Long John Baldry",,y,Cher,Chastity,Album (soundtrack),Cher,https://musicbrainz.org/release-group/bad77c3f-b0d7-4f99-a8dd-5ec50c10d59b
rock_hall,,2018,Waterloo,Cher,,"Waterloo, Belgium, Europe",Street/Landmark,Direct,waterloo,50.7147,4.399,"also in the dataset by ABBA, Doctor and the Medics and Roy Wood, Stonewall Jackson",,y,Cher,Dancing Queen,Album,Cher,https://musicbrainz.org/release-group/675ef6e7-a9e3-4996-9c02-8ed2a48ac13e
rock_hall,,,Brazil,Chet Atkins,,"Brazil, South America",Country,Direct,brazil,-15.7939,-47.8828,"also in the dataset by Baby Doll, Crispy and Company, Declan McKenna, Jimmy Dorsey, The Ritchie Family, Xavier Cugat; no release date on MusicBrainz — fill in year",,y,Chet Atkins,22 Legendary Duets,Album,Chet Atkins,https://musicbrainz.org/release-group/d3f8cb67-c85a-4b03-bc2d-5fd5c5d7f79e
rock_hall,,,Scarborough Fair/Canticle,Chet Atkins,,"Scarborough, England, United Kingdom, Europe",City,Direct,scarborough,54.2797,-0.4044,no release date on MusicBrainz — fill in year,,y,Chet Atkins,22 Legendary Duets,Album,Chet Atkins,https://musicbrainz.org/release-group/d3f8cb67-c85a-4b03-bc2d-5fd5c5d7f79e
rock_hall,,1953,Memphis Blues,Chet Atkins,,"Memphis, Tennessee, United States, North America",City,Direct,memphis,35.1035,-89.9785,"also in the dataset by Jim Europe's 369th Infantry Hellfighters Band, Victor Military Band",,y,Chet Atkins,Stringin’ Along with Chet,Album,Chet Atkins,https://musicbrainz.org/release-group/19c6280c-acdd-3dfc-b19e-326202c9b74f
rock_hall,,1953,St. Louis Blues,Chet Atkins,,"St. Louis, Missouri, United States, North America",City,Direct,st louis,38.6357,-90.2446,also in the dataset by Bessie Smith and Louis Armstrong,,y,Chet Atkins,Chet Atkins’ Gallopin’ Guitar,Album,Chet Atkins,https://musicbrainz.org/release-group/6c9a9801-0dee-3953-b625-a9e630052c97
rock_hall,,1954,(Back Home Again in) Indiana,Chet Atkins,,"Indiana, United States, North America",State/Region,Direct,indiana,39.849,-86.258,also in the dataset by Freddy Cannon,,y,Chet Atkins,A Session With Chet Atkins,Album,Chet Atkins,https://musicbrainz.org/release-group/258ebfd2-7120-4b95-b5cc-0cc2a2588917
rock_hall,,1954,Alabama Jubilee,Chet Atkins,,"Alabama, United States, North America",State/Region,Direct,alabama,32.806,-86.791,also in the dataset by Ferko String Band,,y,Chet Atkins,A Session With Chet Atkins,Album,Chet Atkins,https://musicbrainz.org/release-group/258ebfd2-7120-4b95-b5cc-0cc2a2588917
rock_hall,,1956,Little Rock Getaway,Chet Atkins,,"Little Rock, Arkansas, United States, North America",City,Direct,little rock,34.7254,-92.3586,also in the dataset by Les Paul,,y,Chet Atkins,Chet Atkins in 3 Dimensions,Album,Chet Atkins,https://musicbrainz.org/release-group/1b85cc39-6e0c-4db6-bd6f-f4b654e9b255
rock_hall,,1956,New Spanish Two-Step,Chet Atkins and Hank Snow,,"Spain, Europe",Country,Demonym,spanish,40.4165,-3.7026,,,y,Chet Atkins,New Spanish Two-Step / Reminiscing,Single,Chet Atkins and Hank Snow,https://musicbrainz.org/release-group/3d044695-ebc4-4d25-94c6-3f8f485037b3
rock_hall,,1957,Swedish Rhapsody,Chet Atkins,,"Sweden, Europe",Country,Demonym,swedish,59.3294,18.0687,"also in the dataset by Mantovani, Ray Martin",,y,Chet Atkins,Finger-Style Guitar,Album,Chet Atkins,https://musicbrainz.org/release-group/14e0364c-c663-4e78-9004-d5fc0f400320
rock_hall,,1958,April in Portugal,Chet Atkins,,"Portugal, Europe",Country,Direct,portugal,38.7251,-9.1498,"also in the dataset by Freddy Martin, Les Baxter, Richard Hayman, Vic Damone",,y,Chet Atkins,Chet Atkins at Home,Album,Chet Atkins,https://musicbrainz.org/release-group/288ae754-3a21-42d5-ba1c-d689397716fe
rock_hall,,1958,Nagasaki,Chet Atkins,,"Nagasaki, Japan, Asia",City,Direct,nagasaki,32.75,129.88333,also in the dataset by The Mills Brothers,,y,Chet Atkins,Chet Atkins at Home,Album,Chet Atkins,https://musicbrainz.org/release-group/288ae754-3a21-42d5-ba1c-d689397716fe
rock_hall,,1958,Yankee Doodle Dixie,Chet Atkins,,"American South, United States, North America",Continent/Region,Nickname,dixie,33,-86,,,y,Chet Atkins,Chet Atkins at Home,Album,Chet Atkins,https://musicbrainz.org/release-group/288ae754-3a21-42d5-ba1c-d689397716fe
rock_hall,,1958,Yankee Doodle Dixie,Chet Atkins,,Northern United States,Continent/Region,Demonym,yankee,,,,,n — the Dixie row covers 'Yankee Doodle Dixie',Chet Atkins,Chet Atkins at Home,Album,Chet Atkins,https://musicbrainz.org/release-group/288ae754-3a21-42d5-ba1c-d689397716fe
rock_hall,,1959,Down in the Valley (Birmingham Jail),Chet Atkins,,"Birmingham, Alabama, United States, North America",City,Direct,birmingham,33.5274,-86.799,,,y,Chet Atkins,Hum and Strum With Chet Atkins,Album,Chet Atkins,https://musicbrainz.org/release-group/cc5a916c-1858-397c-8a01-b625b60ad22c
rock_hall,,1960,Streets of Laredo,Chet Atkins,,"Laredo, Texas, United States, North America",City,Direct,laredo,27.5477,-99.4869,,,y,Chet Atkins,The Other Chet Atkins,Album,Chet Atkins,https://musicbrainz.org/release-group/880685c8-a297-3f57-946a-0864eb1f1ab7
rock_hall,,1961,In a Little Spanish Town,Chet Atkins,,"Spain, Europe",Country,Demonym,spanish,40.4165,-3.7026,also in the dataset by Bing Crosby,,y,Chet Atkins,Chet Atkins’ Workshop,Album,Chet Atkins,https://musicbrainz.org/release-group/7cba4604-a96a-4524-a0de-c89c5a62b77f
rock_hall,,1961,Kentucky Derby,Chet Atkins,,"Kentucky, United States, North America",State/Region,Direct,kentucky,37.668,-84.67,,,y,Chet Atkins,Chet Atkins and His Guitar,Album,Chet Atkins,https://musicbrainz.org/release-group/3d2934d3-b145-31c9-acb8-1ee8e3656b7d
rock_hall,,1962,Montego Bay,Chet Atkins,,"Montego Bay, Jamaica, North America",City,Direct,montego bay,18.4712,-77.9188,"also in the dataset by Amazulu, Bobby Bloom, Freddie Notes and the Rudies, Sugar Cane",,y,Chet Atkins,Caribbean Guitar,Album,Chet Atkins,https://musicbrainz.org/release-group/e10adcba-a00b-4cbd-af30-1da4fe6e5a70
rock_hall,,1962,Moon Over Miami,Chet Atkins,,"Miami, Florida, United States, North America",City,Direct,miami,25.7752,-80.2086,,,y,Chet Atkins,Caribbean Guitar,Album,Chet Atkins,https://musicbrainz.org/release-group/e10adcba-a00b-4cbd-af30-1da4fe6e5a70
rock_hall,,1963,A House In New Orleans,Chet Atkins,,"New Orleans, Louisiana, United States, North America",City,Direct,new orleans,30.0686,-89.939,,,y,Chet Atkins,Our Man In Nashville,Album,Chet Atkins,https://musicbrainz.org/release-group/beea0199-2fd9-46b6-9275-0e3dc50f5bb0
rock_hall,,1963,Back Home Again in Indiana,Chet Atkins,,"Indiana, United States, North America",State/Region,Direct,indiana,39.849,-86.258,,,n — same song as Chet Atkins's '(Back Home Again in) Indiana',Chet Atkins,Teen Scene!,Album,Chet Atkins,https://musicbrainz.org/release-group/ec32a433-f313-471f-b99c-0572e3ee4398
rock_hall,,1963,Spanish Harlem,Chet Atkins,,"East Harlem, New York, New York, United States, North America",Neighborhood/District,Direct,spanish harlem,40.7957,-73.9389,"also in the dataset by Aretha Franklin, Ben E. King, Jimmy Justice, King Curtis, Sounds Incorporated",,y,Chet Atkins,Our Man In Nashville,Album,Chet Atkins,https://musicbrainz.org/release-group/beea0199-2fd9-46b6-9275-0e3dc50f5bb0
rock_hall,,1963,Swanee River,Chet Atkins,,"Suwannee River, Georgia/Florida, United States, North America",Water/Natural Feature,Direct,swanee river,30.38,-83.16,also in the dataset by Tommy Dorsey,,y,Chet Atkins,The Guitar Genius,Album,Chet Atkins,https://musicbrainz.org/release-group/f9008c4c-2dd9-33b8-867e-e6064f626a02
rock_hall,,1964,Kentucky,Chet Atkins,,"Kentucky, United States, North America",State/Region,Direct,kentucky,37.668,-84.67,,,y,Chet Atkins,Guitar Country,Album,Chet Atkins,https://musicbrainz.org/release-group/b82d58d5-181e-48fb-bc4c-d63ec1b483c0
rock_hall,,1966,English Leather,Chet Atkins,,"England, United Kingdom, Europe",Country,Demonym,english,51.5074,-0.1278,,,n — English Leather is a cologne,Chet Atkins,From Nashville With Love,Album,Chet Atkins,https://musicbrainz.org/release-group/4d9227b2-9deb-4f31-83ec-d912324b77b1
rock_hall,,1966,From Nashville With Love,Chet Atkins,,"Nashville, Tennessee, United States, North America",City,Direct,nashville,36.1718,-86.785,,,y,Chet Atkins,From Nashville With Love,Album,Chet Atkins,https://musicbrainz.org/release-group/4d9227b2-9deb-4f31-83ec-d912324b77b1
rock_hall,,1966,I Love Paris,Chet Atkins,,"Paris, France, Europe",City,Direct,paris,48.8534,2.3488,also in the dataset by Frank Sinatra,,y,Chet Atkins,From Nashville With Love,Album,Chet Atkins,https://musicbrainz.org/release-group/4d9227b2-9deb-4f31-83ec-d912324b77b1
rock_hall,,1966,"In the Pines, Wildwood Flower, on Top of Old Smokey",Chet Atkins and Boston Pops and Arthur Fiedler,,"Wildwood, New Jersey, United States, North America",City,Direct,wildwood,38.9889,-74.8198,,,"n — 'wildwood' here is a wild wood, not Wildwood, New Jersey",Chet Atkins,The “Pops” Goes Country,Album,Chet Atkins / Boston Pops / Arthur Fiedler,https://musicbrainz.org/release-group/5fb623c7-bcb7-43fb-8c45-b8e4b7759ba4
rock_hall,,1966,Sidewalks of Nashville,Chet Atkins,,"Nashville, Tennessee, United States, North America",City,Direct,nashville,36.1718,-86.785,,,y,Chet Atkins,"Music from Nashville, My Home Town",Album,Chet Atkins,https://musicbrainz.org/release-group/6c278918-d361-43e3-acb0-ed3aa28fadcd
rock_hall,,1967,El Paso,Chet Atkins,,"El Paso, Texas, United States, North America",City,Direct,el paso,31.8484,-106.427,also in the dataset by Marty Robbins,,y,Chet Atkins,Chet Atkins Picks the Best,Album,Chet Atkins,https://musicbrainz.org/release-group/e4b2c98f-d2c4-4d73-be78-f12b7b8d97f6
rock_hall,,1967,Morenita Do Brazil,Chet Atkins,,"Brazil, South America",Country,Direct,brazil,-15.7939,-47.8828,,,y,Chet Atkins,Class Guitar,Album,Chet Atkins,https://musicbrainz.org/release-group/a3aa7916-8c10-4498-849d-45d60801073f
rock_hall,,1967,Oklahoma Hills,Chet Atkins,,"Oklahoma, United States, North America",State/Region,Direct,oklahoma,35.565,-96.928,also in the dataset by Jack Guthrie and His Oklahomans,,y,Chet Atkins,Chet,Album,Chet Atkins,https://musicbrainz.org/release-group/beaeb4d9-2d0e-4184-b605-07f9bbd9441b
rock_hall,,1967,Pickin’ Nashville,Chet Atkins,,"Nashville, Tennessee, United States, North America",City,Direct,nashville,36.1718,-86.785,,,y,Chet Atkins,It’s a Guitar World,Album,Chet Atkins,https://musicbrainz.org/release-group/e9a5f9b7-a285-49bb-87ad-4b8f1ea5ca83
rock_hall,,1969,By The Time I Get To Phoenix,Chet Atkins and Boston Pops Orchestra and Arthur Fiedler,,"Phoenix, Arizona, United States, North America",City,Direct,phoenix,33.5722,-112.088,"also in the dataset by Glen Campbell and Anne Murray, Isaac Hayes, The Mad Lads",,y,Chet Atkins,Chet Picks On The Pops,Album,Chet Atkins / Boston Pops Orchestra / Arthur Fiedler,https://musicbrainz.org/release-group/1e377a3b-7014-401b-9b12-c7a8e74df7ec
rock_hall,,1969,Everybody Does It In Hawaii,Chet Atkins and Hank Snow,,"Hawaii, United States, North America",State/Region,Direct,hawaii,21.094,-157.498,,,y,Chet Atkins,By Special Request,Album,Chet Atkins and Hank Snow,https://musicbrainz.org/release-group/22ab4123-f348-412e-a29b-cd533eff0286
rock_hall,,1969,Galveston,Chet Atkins and Boston Pops Orchestra and Arthur Fiedler,,"Galveston, Texas, United States, North America",City,Direct,galveston,29.1833,-94.9698,"also in the dataset by Glen Campbell, Roger Williams, The Lemonheads",,y,Chet Atkins,Chet Picks On The Pops,Album,Chet Atkins / Boston Pops Orchestra / Arthur Fiedler,https://musicbrainz.org/release-group/1e377a3b-7014-401b-9b12-c7a8e74df7ec
rock_hall,,1969,Hawaiian Wedding Song,Chet Atkins,,"Hawaii, United States, North America",State/Region,Demonym,hawaiian,21.094,-157.498,"also in the dataset by Andy Williams, Julie Rogers",,y,Chet Atkins,Lover's Guitar,Album,Chet Atkins,https://musicbrainz.org/release-group/a4b9489f-eb0c-4c41-b6a5-3dcf844d9ecd
rock_hall,,1969,Jamaica Farewell,Chet Atkins and Hank Snow,,"Jamaica, North America",Country,Direct,jamaica,17.997,-76.7936,also in the dataset by Harry Belafonte,,y,Chet Atkins,By Special Request,Album,Chet Atkins and Hank Snow,https://musicbrainz.org/release-group/22ab4123-f348-412e-a29b-cd533eff0286
rock_hall,,1969,Scarborough Fair,Chet Atkins and Boston Pops Orchestra and Arthur Fiedler,,"Scarborough, England, United Kingdom, Europe",City,Direct,scarborough,54.2797,-0.4044,"also in the dataset by Martin Carthy, Sergio Mendes & Brasil '66, Simon & Garfunkel",,y,Chet Atkins,Chet Picks On The Pops,Album,Chet Atkins / Boston Pops Orchestra / Arthur Fiedler,https://musicbrainz.org/release-group/1e377a3b-7014-401b-9b12-c7a8e74df7ec
rock_hall,,1969,"Theme From ""Zorba The Greek""",Chet Atkins,,"Greece, Europe",Country,Demonym,greek,37.9838,23.7278,,,? — 'Zorba the Greek' is a film title — your call on the demonym,Chet Atkins,Lover's Guitar,Album,Chet Atkins,https://musicbrainz.org/release-group/a4b9489f-eb0c-4c41-b6a5-3dcf844d9ecd
rock_hall,,1970,MacArthur Park,Chet Atkins and Jerry Reed,,"MacArthur Park, Los Angeles, California, United States, North America",Street/Landmark,Direct,macarthur park,34.0592,-118.2786,"also in the dataset by Donna Summer, Four Tops, Richard Harris, Waylon Jennings and The Kimberlys",,y,Chet Atkins,Me and Jerry,Album,Chet Atkins & Jerry Reed,https://musicbrainz.org/release-group/255baa49-33eb-450f-972e-e40709248714
rock_hall,,1970,Tennessee Pride,Chet Atkins,,"Tennessee, United States, North America",State/Region,Direct,tennessee,35.747,-86.692,,,y,Chet Atkins,Yestergroovin’,Album,Chet Atkins,https://musicbrainz.org/release-group/bfb7b58d-8de7-46f3-8396-40b4449301ad
rock_hall,,1970,Tennessee Stud,Chet Atkins and Jerry Reed,,"Tennessee, United States, North America",State/Region,Direct,tennessee,35.747,-86.692,also in the dataset by Eddy Arnold,,y,Chet Atkins,Me and Jerry,Album,Chet Atkins & Jerry Reed,https://musicbrainz.org/release-group/255baa49-33eb-450f-972e-e40709248714
rock_hall,,1971,Tuck Me to Sleep in My Old Kentucky Home,Chet Atkins,,"Kentucky, United States, North America",State/Region,Direct,kentucky,37.668,-84.67,,,y,Chet Atkins,For the Good Times and Other Country Moods,Album,Chet Atkins,https://musicbrainz.org/release-group/2c79996e-e7e8-427b-aba7-e4c0cb91e07f
rock_hall,,1972,The Mad Russian,Chet Atkins and Jerry Reed,,"Russia, Europe",Country,Demonym,russian,55.752,37.6178,,,y,Chet Atkins,Me and Chet,Album,Chet Atkins & Jerry Reed,https://musicbrainz.org/release-group/d00aae45-a524-4e74-809f-4bc7d35d0320
rock_hall,,1973,Are You from Dixie? (’Cause I’m from Dixie Too),Chet Atkins,,"American South, United States, North America",Continent/Region,Nickname,dixie,33,-86,,,y,Chet Atkins,Superpickers,Album,Chet Atkins,https://musicbrainz.org/release-group/63553470-9a1e-4310-be05-22bc0520fb3f
rock_hall,,1973,Canadian Pacific,Chet Atkins,,"Canada, North America",Country,Demonym,canadian,45.4112,-75.6981,,,y,Chet Atkins,Superpickers,Album,Chet Atkins,https://musicbrainz.org/release-group/63553470-9a1e-4310-be05-22bc0520fb3f
rock_hall,,1973,City of New Orleans,Chet Atkins,,"New Orleans, Louisiana, United States, North America",City,Direct,new orleans,30.0686,-89.939,"also in the dataset by Arlo Guthrie, Steve Goodman",,y,Chet Atkins,Superpickers,Album,Chet Atkins,https://musicbrainz.org/release-group/63553470-9a1e-4310-be05-22bc0520fb3f
rock_hall,,1973,Habu Ni Minato,Chet Atkins,,"Minato, Japan",City,Direct,minato,,,,,n — minato means harbor,Chet Atkins,Discover Japan,Album,Chet Atkins,https://musicbrainz.org/release-group/2f148ac1-7c99-45be-8534-dc3f67675cf2
rock_hall,,1973,Hawaiian Slack Key,Chet Atkins,,"Hawaii, United States, North America",State/Region,Demonym,hawaiian,21.094,-157.498,,,y,Chet Atkins,Alone,Album,Chet Atkins,https://musicbrainz.org/release-group/b234c94b-cdc6-498c-a404-5a3d81be218a
rock_hall,,1973,Paramaribo,Chet Atkins,,"Paramaribo, Suriname, South America",City,Direct,paramaribo,5.8664,-55.1668,"new place — pin from geonamescache, check it",,y,Chet Atkins,Superpickers,Album,Chet Atkins,https://musicbrainz.org/release-group/63553470-9a1e-4310-be05-22bc0520fb3f
rock_hall,,1973,Spanish Fandango,Chet Atkins,,"Spain, Europe",Country,Demonym,spanish,40.4165,-3.7026,,,y,Chet Atkins,Alone,Album,Chet Atkins,https://musicbrainz.org/release-group/b234c94b-cdc6-498c-a404-5a3d81be218a
rock_hall,,1974,Down South Blues,Chet Atkins and Merle Travis,,"American South, United States, North America",Continent/Region,Direct,down south,33,-86,,,y,Chet Atkins,The Atkins-Travis Traveling Show,Album,Chet Atkins & Merle Travis,https://musicbrainz.org/release-group/19dd1824-0f82-3545-b8be-75f3623fb734
rock_hall,,1977,West Memphis Serenade,Chet Atkins,,"West Memphis, Arkansas, United States, North America",City,Direct,west memphis,35.1465,-90.1845,"new place — pin from geonamescache, check it",,y,Chet Atkins,Me And My Guitar,Album,Chet Atkins,https://musicbrainz.org/release-group/b8bae8f2-620b-4462-8e30-6686e8fb7e8b
rock_hall,,1979,Bound for Boston,Chet Atkins,,"Boston, Massachusetts, United States, North America",City,Direct,boston,42.332,-71.0202,,,y,Chet Atkins,The First Nashville Guitar Quartet,Album,Chet Atkins,https://musicbrainz.org/release-group/6b7ece4e-47c9-4d09-ac0f-a7fb839d1a14
rock_hall,,1979,Carolina Shout,Chet Atkins,,"The Carolinas, United States, North America",State/Region,Direct,carolina,34.8,-79.5,also in the dataset by James P. Johnson,,y,Chet Atkins,The First Nashville Guitar Quartet,Album,Chet Atkins,https://musicbrainz.org/release-group/6b7ece4e-47c9-4d09-ac0f-a7fb839d1a14
rock_hall,,1979,Skirts of Mexico,Chet Atkins,,"Mexico, North America",Country,Direct,mexico,19.4285,-99.1277,,,y,Chet Atkins,The First Nashville Guitar Quartet,Album,Chet Atkins,https://musicbrainz.org/release-group/6b7ece4e-47c9-4d09-ac0f-a7fb839d1a14
rock_hall,,1979,Washington Post March,Chet Atkins,,"Washington Square, New York, New York, United States, North America",Street/Landmark,Direct,washington,40.7308,-73.9973,,,"n — the Washington Post March, named for a newspaper",Chet Atkins,The First Nashville Guitar Quartet,Album,Chet Atkins,https://musicbrainz.org/release-group/6b7ece4e-47c9-4d09-ac0f-a7fb839d1a14
rock_hall,,1980,Beaumont Rag,Chet Atkins and Doc Watson,,"Beaumont, Texas, United States, North America",City,Direct,beaumont,30.0861,-94.1018,"new place — pin from geonamescache, check it",,y,Chet Atkins,Reflections,Album,Chet Atkins & Doc Watson,https://musicbrainz.org/release-group/d4cd1719-4767-3c5f-96e1-f3cf03684f7d
rock_hall,,1980,Tennessee Rag,Chet Atkins and Doc Watson,,"Tennessee, United States, North America",State/Region,Direct,tennessee,35.747,-86.692,,,y,Chet Atkins,Reflections,Album,Chet Atkins & Doc Watson,https://musicbrainz.org/release-group/d4cd1719-4767-3c5f-96e1-f3cf03684f7d
rock_hall,,1980,Texas Gales,Chet Atkins and Doc Watson,,"Texas, United States, North America",State/Region,Direct,texas,31.054,-97.563,,,y,Chet Atkins,Reflections,Album,Chet Atkins & Doc Watson,https://musicbrainz.org/release-group/d4cd1719-4767-3c5f-96e1-f3cf03684f7d
rock_hall,,1981,I Can Hear Kentucky Calling Me,Chet Atkins,,"Kentucky, United States, North America",State/Region,Direct,kentucky,37.668,-84.67,,,y,Chet Atkins,Country-After All These Years,Album,Chet Atkins,https://musicbrainz.org/release-group/5ab44afd-b3d7-45b6-87e9-bb15b1c808c0
rock_hall,,1981,Wildwood Flower Arrangement,Chet Atkins,,"Wildwood, New Jersey, United States, North America",City,Direct,wildwood,38.9889,-74.8198,,,"n — 'wildwood' here is a wild wood, not Wildwood, New Jersey",Chet Atkins,Country-After All These Years,Album,Chet Atkins,https://musicbrainz.org/release-group/5ab44afd-b3d7-45b6-87e9-bb15b1c808c0
rock_hall,,1983,East Tennessee Christmas,Chet Atkins,,"Tennessee, United States, North America",State/Region,Direct,tennessee,35.747,-86.692,,,y,Chet Atkins,East Tennessee Christmas,Album,Chet Atkins,https://musicbrainz.org/release-group/2171fb07-9434-3f43-b682-eb1e238463bb
rock_hall,,1983,Jersey Bounce,Chet Atkins,,"New Jersey, United States, North America",State/Region,Nickname,jersey,40.298,-74.521,"also in the dataset by Benny Goodman, Jimmy Dorsey",,y,Chet Atkins,Work It Out With Chet Atkins C.G.P.,Album,Chet Atkins,https://musicbrainz.org/release-group/1d83b69e-4885-491b-aa00-e7188d2b9149
rock_hall,,1983,Swanee River/Humoresque,Chet Atkins,,"Suwannee River, Georgia/Florida, United States, North America",Water/Natural Feature,Direct,swanee river,30.38,-83.16,,,y,Chet Atkins,Work It Out With Chet Atkins C.G.P.,Album,Chet Atkins,https://musicbrainz.org/release-group/1d83b69e-4885-491b-aa00-e7188d2b9149
rock_hall,,1990,Honolulu Blue,Chet Atkins,,"Honolulu, Hawaii, United States, North America",City,Direct,honolulu,21.3259,-157.8453,,,y,Chet Atkins,Street Dreams,Album,Chet Atkins,https://musicbrainz.org/release-group/e8efb5bd-52ec-368f-b74b-953931c25f80
rock_hall,,1990,Tahitian Skies,Chet Atkins and Mark Knopfler,,"Tahiti, French Polynesia, Oceania",Water/Natural Feature,Demonym,tahitian,-17.6509,-149.426,"new place — pin approximate, check it",,y,Chet Atkins,Neck and Neck,Album,Chet Atkins and Mark Knopfler,https://musicbrainz.org/release-group/3f831051-75f4-3085-8d0f-8b94adbb3c5e
rock_hall,,1992,Cajun Stripper,Chet Atkins and Jerry Reed,,"Louisiana, United States, North America",State/Region,Demonym,cajun,31.169,-91.867,,,y,Chet Atkins,Sneakin’ Around,Album,Chet Atkins & Jerry Reed,https://musicbrainz.org/release-group/0ff9cee1-a6f6-3026-90cd-d255f9d5b8f3
rock_hall,,1994,Mountains of Illinois,Chet Atkins,,"Illinois, United States, North America",State/Region,Direct,illinois,40.349457,-88.986137,,,y,Chet Atkins,Read My Licks,Album,Chet Atkins,https://musicbrainz.org/release-group/01838163-2c74-394c-8d3b-fd985ea2b614
rock_hall,,1994,Norway (Norwegian Mountain Song),Chet Atkins,,"Norway, Europe",Country,Direct,norway,59.9127,10.7461,also in the dataset by Beach House,,y,Chet Atkins,Read My Licks,Album,Chet Atkins,https://musicbrainz.org/release-group/01838163-2c74-394c-8d3b-fd985ea2b614
rock_hall,,1994,Norway (Norwegian Mountain Song),Chet Atkins,,"Norway, Europe",Country,Demonym,norwegian,59.9127,10.7461,also in the dataset by Beach House,,n — same title and place as the Norway row,Chet Atkins,Read My Licks,Album,Chet Atkins,https://musicbrainz.org/release-group/01838163-2c74-394c-8d3b-fd985ea2b614
rock_hall,,1997,Dixie McGuire,Chet Atkins and Tommy Emmanuel,,"American South, United States, North America",Continent/Region,Nickname,dixie,33,-86,,,y,Chet Atkins,The Day Finger Pickers Took Over the World,Album,Chet Atkins with Tommy Emmanuel,https://musicbrainz.org/release-group/4cf7e44b-70b4-3ad7-a072-234bdcfd3a74
rock_hall,,1997,News From the Outback,Chet Atkins and Tommy Emmanuel,,"Australian Outback, Australia, Oceania",Continent/Region,Direct,the outback,-25.0,133.0,"new place — pin approximate, check it",,y,Chet Atkins,The Day Finger Pickers Took Over the World,Album,Chet Atkins with Tommy Emmanuel,https://musicbrainz.org/release-group/4cf7e44b-70b4-3ad7-a072-234bdcfd3a74
rock_hall,,2003,America the Beautiful,Chet Atkins,,"United States, North America",Country,Direct,america,38.8951,-77.0364,"also in the dataset by Elvis Presley, Ray Charles",,y,Chet Atkins,Solo Sessions,Album,Chet Atkins,https://musicbrainz.org/release-group/9b55a836-ed8a-3ba2-a223-bbff6b1c6543
rock_hall,,2003,Arkansas Traveler,Chet Atkins,,"Arkansas, United States, North America",State/Region,Direct,arkansas,34.7465,-92.2896,"new place — pin approximate, check it",,y,Chet Atkins,Solo Sessions,Album,Chet Atkins,https://musicbrainz.org/release-group/9b55a836-ed8a-3ba2-a223-bbff6b1c6543
rock_hall,,2003,I'm an Old Cowhand (From the Rio Grande),Chet Atkins,,"Rio Grande, Texas, United States, North America",Water/Natural Feature,Direct,rio grande,25.956111,-97.145278,also in the dataset by Bing Crosby,,y,Chet Atkins,Solo Sessions,Album,Chet Atkins,https://musicbrainz.org/release-group/9b55a836-ed8a-3ba2-a223-bbff6b1c6543
rock_hall,,2005,Georgia Camp Meeting,Chet Atkins,,"Georgia, United States, North America",State/Region,Direct,georgia,33.04,-83.643,,,y,Chet Atkins,Country Gentleman,Album,Chet Atkins,https://musicbrainz.org/release-group/beaad2b8-3bc1-4968-a5e8-160126eeb6cd
rock_hall,,2005,Tennessee Rag/Beaumont Rag,Chet Atkins,,"Beaumont, Texas, United States, North America",City,Direct,beaumont,30.0861,-94.1018,"new place — pin from geonamescache, check it",,y,Chet Atkins,Country Gentleman,Album,Chet Atkins,https://musicbrainz.org/release-group/beaad2b8-3bc1-4968-a5e8-160126eeb6cd
rock_hall,,2005,Tennessee Rag/Beaumont Rag,Chet Atkins,,"Tennessee, United States, North America",State/Region,Direct,tennessee,35.747,-86.692,,,y,Chet Atkins,Country Gentleman,Album,Chet Atkins,https://musicbrainz.org/release-group/beaad2b8-3bc1-4968-a5e8-160126eeb6cd
rock_hall,,2005,Wildwood Flower,Chet Atkins,,"Wildwood, New Jersey, United States, North America",City,Direct,wildwood,38.9889,-74.8198,,,"n — 'wildwood' here is a wild wood, not Wildwood, New Jersey",Chet Atkins,Country Gentleman,Album,Chet Atkins,https://musicbrainz.org/release-group/beaad2b8-3bc1-4968-a5e8-160126eeb6cd
rock_hall,,1977,Kentucky,"Chet Atkins, Floyd Cramer, Danny Davis",,"Kentucky, United States, North America",State/Region,Direct,kentucky,37.668,-84.67,,,n — same song as the Chet Atkins row (1964),Chet Atkins; Floyd Cramer,"Chet, Floyd and Danny",Album,"Chet Atkins, Floyd Cramer, Danny Davis",https://musicbrainz.org/release-group/f18912ea-14e4-4143-af70-0ed82ddc97c5
rock_hall,,1970,West Virginia Fantasies,Chicago,,"West Virginia, United States, North America",State/Region,Direct,west virginia,39,-80,,,y,Chicago,Chicago,Album,Chicago,https://musicbrainz.org/release-group/8d81d044-ab8e-3130-862d-e10ec4e5aff9
rock_hall,,1973,Hollywood,Chicago,,"Hollywood, California, United States, North America",Neighborhood/District,Direct,hollywood,34.0928,-118.3287,"also in the dataset by Boz Scaggs, Connie Francis, Madonna, Marina & the Diamonds, Michael Buble, Rufus ft. Chaka Khan, Shooting Star, Thin Lizzy",,y,Chicago,Chicago VI,Album,Chicago,https://musicbrainz.org/release-group/6ba3d80e-34eb-3eeb-83a1-4ccd8d749d3b
rock_hall,,1974,Italian From New York,Chicago,,"Italy, Europe",Country,Demonym,italian,41.8919,12.5113,,,y,Chicago,Chicago VII,Album,Chicago,https://musicbrainz.org/release-group/45c535d1-295e-392b-afd3-837e67b5f9d5
rock_hall,,1974,Italian From New York,Chicago,,"New York, New York, United States, North America",City,Direct,new york,40.6643,-73.9385,,,y,Chicago,Chicago VII,Album,Chicago,https://musicbrainz.org/release-group/45c535d1-295e-392b-afd3-837e67b5f9d5
rock_hall,,1977,Mississippi Delta City Blues,Chicago,,"Mississippi Delta, Mississippi, United States, North America",Continent/Region,Direct,mississippi delta,33.75,-90.7,"new place — pin approximate, check it",,y,Chicago,Chicago XI,Album,Chicago,https://musicbrainz.org/release-group/e09060ca-7b6f-329d-8a87-5216be4d0440
rock_hall,,1979,Aloha Mama,Chicago,,"Aloha, Oregon",City,Direct,aloha,,,,,"n — 'aloha' is a greeting, not Aloha, Oregon",Chicago,Chicago 13,Album,Chicago,https://musicbrainz.org/release-group/c01173e4-f64b-3f3b-a6da-8ff95f984092
rock_hall,,1979,Paradise Alley,Chicago,,"Paradise, Kentucky, United States, North America",City,Direct,paradise,37.268056,-86.983611,,,"n — paradise as in heaven or bliss, not Paradise, Kentucky",Chicago,Chicago 13,Album,Chicago,https://musicbrainz.org/release-group/c01173e4-f64b-3f3b-a6da-8ff95f984092
rock_hall,,1980,The American Dream,Chicago,,"United States, North America",Country,Demonym,american,38.8951,-77.0364,"also in the dataset by Crosby, Stills, Nash & Young, Jakatta, LCD Soundsystem, Power of Dreams, Simon F",,y,Chicago,Chicago XIV,Album,Chicago,https://musicbrainz.org/release-group/1c5188bd-3f60-3aa6-86fe-f68a552f340e
rock_hall,,1995,Chicago,Chicago,,"Chicago, Illinois, United States, North America",City,Direct,chicago,41.8376,-87.6818,"also in the dataset by Elton John and Kiki Dee, Frank Sinatra, Graham Nash, Michael Jackson, Sufjan Stevens; may be the same song as 'Take Me Back to Chicago' already in the dataset",,y,Chicago,Night & Day: Big Band,Album,Chicago,https://musicbrainz.org/release-group/8b9a3bfd-85ff-3750-9d54-2cde820e5674
rock_hall,,1995,Take the “A” Train,Chicago,,"A Train, New York, New York, United States, North America",Street/Landmark,Direct,a train,40.82404,-73.944769,also in the dataset by Duke Ellington,,y,Chicago,Night & Day: Big Band,Album,Chicago,https://musicbrainz.org/release-group/8b9a3bfd-85ff-3750-9d54-2cde820e5674
rock_hall,,2014,America,Chicago,,"United States, North America",Country,Direct,america,38.8951,-77.0364,"also in the dataset by David Essex, Full Intention, Gary Numan, Killing Joke, King Kurt, Leonard Bernstein, Neil Diamond, Prince And The Revolution, Razorlight, Simon & Garfunkel, The Five Stairsteps, The Nice, Yes",,y,Chicago,Chicago XXXVI: Now,Album,Chicago,https://musicbrainz.org/release-group/1959f6ab-44b1-4bdc-a1cc-36bd58c2caea
rock_hall,,2022,Our New York Time,Chicago,,"New York, New York, United States, North America",City,Direct,new york,40.6643,-73.9385,,,y,Chicago,Born for This Moment,Album,Chicago,https://musicbrainz.org/release-group/09cc6764-4789-49c3-9e57-1f40f973d2d6
rock_hall,,1960,"The ""Mexican Hat"" Twist",Chubby Checker,,"Mexico, North America",Country,Demonym,mexican,19.4285,-99.1277,,,y,Chubby Checker,Twist With Chubby Checker,Album,Chubby Checker,https://musicbrainz.org/release-group/a587f870-e923-356e-bbb8-dacde1dc608e
rock_hall,,1961,The Charleston,Chubby Checker,,"Charleston, South Carolina, United States, North America",City,Direct,charleston,32.7765,-79.9311,"also in the dataset by Arthur Gibbs and His Gang, Ernie Fields, Golden Gate Orchestra, The Temperance Seven",,y,Chubby Checker,It’s Pony Time,Album,Chubby Checker,https://musicbrainz.org/release-group/51c23508-1c46-3f34-9778-50351808aea1
rock_hall,,1962,Jamaica Farewell,Chubby Checker,,"Jamaica, North America",Country,Direct,jamaica,17.997,-76.7936,also in the dataset by Harry Belafonte,,y,Chubby Checker,Limbo Party,Album,Chubby Checker,https://musicbrainz.org/release-group/f1adab35-39e0-3a23-b836-d667a6118e52
rock_hall,,1962,You Came a Long Way From St. Louis,Chubby Checker and Dee Dee Sharp,,"St. Louis, Missouri, United States, North America",City,Direct,st louis,38.6357,-90.2446,,,y,Chubby Checker,Down to Earth,Album,Chubby Checker & Dee Dee Sharp,https://musicbrainz.org/release-group/02416d4f-a823-4d0b-b87f-b130e93a677b
rock_hall,,1994,On the Other Side of Nashville,Chubby Checker,,"Nashville, Tennessee, United States, North America",City,Direct,nashville,36.1718,-86.785,,,y,Chubby Checker,The Texas Twist,Album,Chubby Checker,https://musicbrainz.org/release-group/67ef39e0-9f37-4866-9595-f17c6e0b096b
rock_hall,,1994,Take Me Back to Oklahoma,Chubby Checker,,"Oklahoma, United States, North America",State/Region,Direct,oklahoma,35.565,-96.928,,,y,Chubby Checker,The Texas Twist,Album,Chubby Checker,https://musicbrainz.org/release-group/67ef39e0-9f37-4866-9595-f17c6e0b096b
rock_hall,,1994,Texas Twist,Chubby Checker,,"Texas, United States, North America",State/Region,Direct,texas,31.054,-97.563,,,y,Chubby Checker,The Texas Twist,Album,Chubby Checker,https://musicbrainz.org/release-group/67ef39e0-9f37-4866-9595-f17c6e0b096b
rock_hall,,1956,Havana Moon,Chuck Berry,,"Havana, Cuba, North America",City,Direct,havana,23.133,-82.383,,,y,Chuck Berry,You Can’t Catch Me / Havana Moon,Single,Chuck Berry,https://musicbrainz.org/release-group/192b4c43-167e-4846-9d69-6a7709b2ab2a
rock_hall,,1961,Route 66,Chuck Berry,,"U.S. Route 66, United States, North America",Street/Landmark,Direct,route 66,35.2,-101.8,"also in the dataset by Depeche Mode, Nat King Cole, The Manhattan Transfer",,y,Chuck Berry,New Juke Box Hits,Album,Chuck Berry,https://musicbrainz.org/release-group/dade40cf-4107-35b4-b1b2-a908909cfba8
rock_hall,,1963,Memphis,Chuck Berry,,"Memphis, Tennessee, United States, North America",City,Direct,memphis,35.1035,-89.9785,"also in the dataset by Donnie Brooks, Joe Jackson, Johnny Rivers, Lonnie Mack; may be the same song as 'Memphis Tennessee' already in the dataset",,"n — Chuck Berry's 'Memphis' is 'Memphis, Tennessee', already in the dataset",Chuck Berry,Sweet Little Sixteen / Memphis,Single,Chuck Berry,https://musicbrainz.org/release-group/dc36d4d6-6f48-4fad-8f75-3f2698bf44c6
rock_hall,,1964,Liverpool Drive,Chuck Berry,,"Liverpool, England, United Kingdom, Europe",City,Direct,liverpool,53.4106,-2.9779,,,y,Chuck Berry,St. Louis to Liverpool,Album,Chuck Berry,https://musicbrainz.org/release-group/12fe4954-04d0-3b95-b961-b0dbd3518ac6
rock_hall,,1965,Jamaica Farewell Song,Chuck Berry,,"Jamaica, North America",Country,Direct,jamaica,17.997,-76.7936,,,y,Chuck Berry,Chuck Berry in London,Album,Chuck Berry,https://musicbrainz.org/release-group/6461234b-fad7-4414-a906-8e81c057d384
rock_hall,,1965,St. Louis Blues,Chuck Berry,,"St. Louis, Missouri, United States, North America",City,Direct,st louis,38.6357,-90.2446,also in the dataset by Bessie Smith and Louis Armstrong,,y,Chuck Berry,Chuck Berry in London,Album,Chuck Berry,https://musicbrainz.org/release-group/6461234b-fad7-4414-a906-8e81c057d384
rock_hall,,1965,You Came a Long Way from St. Louis,Chuck Berry,,"St. Louis, Missouri, United States, North America",City,Direct,st louis,38.6357,-90.2446,,,y,Chuck Berry,Chuck Berry in London,Album,Chuck Berry,https://musicbrainz.org/release-group/6461234b-fad7-4414-a906-8e81c057d384
rock_hall,,1967,Back To Memphis,Chuck Berry,,"Memphis, Tennessee, United States, North America",City,Direct,memphis,35.1035,-89.9785,,,y,Chuck Berry,Chuck Berry in Memphis,Album,Chuck Berry,https://musicbrainz.org/release-group/30ec35a1-93d8-4955-8846-83ebd5273c20
rock_hall,,1967,Sweet Little Rock And Roll,Chuck Berry,,"Little Rock, Arkansas, United States, North America",City,Direct,little rock,34.7254,-92.3586,,,n — 'little rock' here is rock 'n' roll or rock candy,Chuck Berry,Chuck Berry in Memphis,Album,Chuck Berry,https://musicbrainz.org/release-group/30ec35a1-93d8-4955-8846-83ebd5273c20
rock_hall,,1968,Louie to Frisco,Chuck Berry,,"San Francisco, California, United States, North America",City,Nickname,frisco,37.78,-122.4193,,,y,Chuck Berry,From St. Louie to Frisco,Album,Chuck Berry,https://musicbrainz.org/release-group/161253d0-46f8-4e8c-bb38-3595e69c0fd1
rock_hall,,1971,Oh Louisiana,Chuck Berry,,"Louisiana, United States, North America",State/Region,Direct,louisiana,31.169,-91.867,also in the dataset by Beyonce,,y,Chuck Berry,San Francisco Dues,Album,Chuck Berry,https://musicbrainz.org/release-group/e45a90bf-5ec2-4612-a028-21c752816de6
rock_hall,,1971,San Francisco Dues,Chuck Berry,,"San Francisco, California, United States, North America",City,Direct,san francisco,37.78,-122.4193,,,y,Chuck Berry,San Francisco Dues,Album,Chuck Berry,https://musicbrainz.org/release-group/e45a90bf-5ec2-4612-a028-21c752816de6
rock_hall,,1975,Swanee River,Chuck Berry,,"Suwannee River, Georgia/Florida, United States, North America",Water/Natural Feature,Direct,swanee river,30.38,-83.16,also in the dataset by Tommy Dorsey,,y,Chuck Berry,Chuck Berry '75,Album,Chuck Berry,https://musicbrainz.org/release-group/90a39f03-13da-4043-8543-94f965f26896
rock_hall,,1979,California,Chuck Berry,,"California, United States, North America",State/Region,Direct,california,36.116,-119.682,"also in the dataset by Amelia Lily, Belinda Carlisle, CO (Club Oriented), Debby Boone, EMA, Joni Mitchell, Lenny Kravitz, Low, Phantom Planet, The Wedding Present",,y,Chuck Berry,Rockit,Album,Chuck Berry,https://musicbrainz.org/release-group/cb07761a-cbf3-307e-a9da-5252a10c8321
rock_hall,,2017,Jamaica Moon,Chuck Berry,,"Jamaica, North America",Country,Direct,jamaica,17.997,-76.7936,,,y,Chuck Berry,Chuck,Album,Chuck Berry,https://musicbrainz.org/release-group/bcdddc95-613a-4494-ba82-1567ac9f9d7f
rock_hall,,1968,Porterville,Creedence Clearwater Revival,,"Porterville, California, United States, North America",City,Direct,porterville,36.0652,-119.0168,"new place — pin from geonamescache, check it",,y,Creedence Clearwater Revival,Creedence Clearwater Revival,Album,Creedence Clearwater Revival,https://musicbrainz.org/release-group/871da799-a7f7-39df-8332-e246584458dd
rock_hall,,1985,From “Proud Mary” to “Lodi”,Creedence Clearwater Revival,,"Lodi, California, United States, North America",City,Direct,lodi,38.1216,-121.2908,,,n — a CCR interview/medley track,Creedence Clearwater Revival,Medley: From “Proud Mary” to “Lodi”,Single,Creedence Clearwater Revival,https://musicbrainz.org/release-group/762e1f73-176f-4ea4-a3ce-c96ebaead1e0
rock_hall,,1970,Miss Black America,Curtis Mayfield,,"United States, North America",Country,Direct,america,38.8951,-77.0364,,,y,Curtis Mayfield,Curtis,Album,Curtis Mayfield,https://musicbrainz.org/release-group/0c24e81f-b710-3e24-a4fa-12950e153585
rock_hall,,1998,Pantala Naga Pampa,Dave Matthews Band,,"Pampa, Texas",City,Direct,pampa,,,,,"n — Pantala Naga Pampa isn't Pampa, Texas",Dave Matthews Band,Before These Crowded Streets,Album,Dave Matthews Band,https://musicbrainz.org/release-group/08d1e2b8-0b8e-3279-8bc0-1fa4ca774791
rock_hall,,2005,Louisiana Bayou,Dave Matthews Band,,"Louisiana Bayou, Louisiana, United States, North America",Water/Natural Feature,Direct,louisiana bayou,29.9,-91.3,,,y,Dave Matthews Band,Stand Up,Album,Dave Matthews Band,https://musicbrainz.org/release-group/4ec477f4-8705-3e85-926f-fafeef5452e2
rock_hall,,2010,Pantala Naga Pampa > Rapunzel,Dave Matthews Band,,"Pampa, Texas",City,Direct,pampa,,,,,"n — Pantala Naga Pampa isn't Pampa, Texas",Dave Matthews Band,The Big Apple,EP,Dave Matthews Band,https://musicbrainz.org/release-group/9ee37ee7-b552-45e8-a134-ea75b883819c
rock_hall,,2018,Virginia In The Rain,Dave Matthews Band,,"Virginia, United States, North America",State/Region,Direct,virginia,37.769,-78.17,,,y,Dave Matthews Band,Come Tomorrow,Album,Dave Matthews Band,https://musicbrainz.org/release-group/4144c920-0104-4187-95ed-12427b0ccf98
rock_hall,,1966,The London Boys,David Bowie,,"London, England, United Kingdom, Europe",City,Direct,london,51.5085,-0.1257,also in the dataset by T.Rex,,y,David Bowie,Rubber Band,Single,David Bowie,https://musicbrainz.org/release-group/2094b66b-1a1f-4ed6-978b-ca576d9af8b0
rock_hall,,1973,Amsterdam,David Bowie,,"Amsterdam, The Netherlands, Europe",City,Direct,amsterdam,52.37403,4.88969,"also in the dataset by Jacques Brel, Maggie MacNeal, Van Halen",,y,David Bowie,Rebel Rebel / Queen Bitch / Sorrow / Amsterdam,EP,David Bowie,https://musicbrainz.org/release-group/088a0be4-9e19-4cb6-9b08-2fb5674e6baf
rock_hall,,1977,The Secret Life of Arabia,David Bowie,,"Arabia, Asia",Country,Direct,arabia,24.7136,46.6753,,,y,David Bowie,“Heroes”,Album,David Bowie,https://musicbrainz.org/release-group/1f5ef8d3-10ca-30eb-b41e-85b16987d412
rock_hall,,1979,African Night Flight,David Bowie,,Africa,Continent/Region,Demonym,african,1.6508,17.6791,,,y,David Bowie,Lodger,Album,David Bowie,https://musicbrainz.org/release-group/d6dd84a2-1a62-378c-b6c9-86a8b2211634
rock_hall,,1980,Crystal Japan,David Bowie,,"Japan, Asia",Country,Direct,japan,35.6895,139.6917,,,y,David Bowie,Crystal Japan / Alabama Song,Single,David Bowie,https://musicbrainz.org/release-group/63f384a6-1954-4ff4-be0d-26a2a805f179
rock_hall,,1997,Battle for Britain (The Letter),David Bowie,,"United Kingdom, Europe",Country,Direct,britain,51.5085,-0.1257,,,y,David Bowie,Earthling,Album,David Bowie,https://musicbrainz.org/release-group/9a723e6e-2ede-371b-88bf-396cc362d77b
rock_hall,,2002,Wood Jackson,David Bowie,,"Jackson, Mississippi, United States, North America",City,Direct,jackson,32.3158,-90.2128,UK chart but a little-used US place — check it isn't a British namesake,,n — a person named Jackson,David Bowie,Heathen,Album,David Bowie,https://musicbrainz.org/release-group/fed49206-4869-307d-9bfa-08109424cb73
rock_hall,,2021,"London Bye, Ta‐Ta",David Bowie,,"London, England, United Kingdom, Europe",City,Direct,london,51.5085,-0.1257,,,y,David Bowie,The Width of a Circle,EP,David Bowie,https://musicbrainz.org/release-group/cb799594-9d4c-4a20-8678-2d1405d15c92
rock_hall,,1987,The Spanish Archer,Deep Purple,,"Spain, Europe",Country,Demonym,spanish,40.4165,-3.7026,,,y,Deep Purple,The House of Blue Light,Album,Deep Purple,https://musicbrainz.org/release-group/3627b95b-c892-3c42-bbf6-d203ef6ffe6b
rock_hall,,2007,German Television Appearances,Deep Purple,,"Germany, Europe",Country,Demonym,german,52.52437,13.41053,,,"n — TV appearances, not a song",Deep Purple,Special Edition EP,EP,Deep Purple,https://musicbrainz.org/release-group/7b583873-ab07-4c1b-81a0-aa325c948250
rock_hall,,2014,Germany 1972,Deep Purple,,"Germany, Europe",Country,Direct,germany,52.52437,13.41053,,,n — a live-film label,Deep Purple,Made in Japan,EP,Deep Purple,https://musicbrainz.org/release-group/3841f4e6-06ba-4a6e-9111-0f0eb539f68d
rock_hall,,2014,Made in Japan – The Rise of Deep Purple Mk II,Deep Purple,,"Japan, Asia",Country,Direct,japan,35.6895,139.6917,,,n — a documentary title,Deep Purple,Made in Japan,EP,Deep Purple,https://musicbrainz.org/release-group/3841f4e6-06ba-4a6e-9111-0f0eb539f68d
rock_hall,,2016,Georgia on My Mind,Deep Purple,,"Georgia, United States, North America",State/Region,Direct,georgia,33.04,-83.643,"also in the dataset by Hoagy Carmichael, Michael Bolton, Ray Charles, The Righteous Brothers, Wes Montgomery, Willie Nelson",,y,Deep Purple,Long Beach 1976,EP,Deep Purple,https://musicbrainz.org/release-group/dbd5b838-2b84-4099-8d70-43c6e7300967
rock_hall,,2017,One Night in Vegas,Deep Purple,,"Las Vegas, Nevada, United States, North America",City,Nickname,vegas,36.2277,-115.264,,,y,Deep Purple,Infinite,Album,Deep Purple,https://musicbrainz.org/release-group/01f46d72-4a95-4dd8-b8f0-41b59b2a1939
rock_hall,,2017,Paradise Bar (non album track),Deep Purple,,"Paradise, Kentucky, United States, North America",City,Direct,paradise,37.268056,-86.983611,UK chart but a little-used US place — check it isn't a British namesake,,"n — paradise as in heaven or bliss, not Paradise, Kentucky",Deep Purple,Time for Bedlam,EP,Deep Purple,https://musicbrainz.org/release-group/dc45d342-0dbe-4dfb-a8bd-53764ab87f94
rock_hall,,2021,Dixie Chicken,Deep Purple,,"American South, United States, North America",Continent/Region,Nickname,dixie,33,-86,,,y,Deep Purple,Turning to Crime,Album,Deep Purple,https://musicbrainz.org/release-group/09e40d7f-d1ee-42b1-85fd-5a852dd21c08
rock_hall,,2021,The Battle of New Orleans,Deep Purple,,"New Orleans, Louisiana, United States, North America",City,Direct,new orleans,30.0686,-89.939,"also in the dataset by Harpers Bizarre, Johnny Horton, Lonnie Donegan, The Nitty Gritty Dirt Band, Vaughn Monroe",,y,Deep Purple,Turning to Crime,Album,Deep Purple,https://musicbrainz.org/release-group/09e40d7f-d1ee-42b1-85fd-5a852dd21c08
rock_hall,,2006,Waterloo Sunset,Def Leppard,,"London Waterloo, Lambeth, London, England, United Kingdom, Europe",Street/Landmark,Direct,waterloo,51.5031,-0.1132,"place changed from 'Waterloo, Belgium, Europe'; also in the dataset by Cathy Dennis, The Kinks",,y — same place as the Kinks' 'Waterloo Sunset',Def Leppard,Yeah!,Album,Def Leppard,https://musicbrainz.org/release-group/5826c723-c45c-3640-80d6-ea176f45159b
rock_hall,,2021,"Rock Brigade (live at the New Theatre Oxford, UK",Def Leppard,,"United Kingdom, Europe",Country,Direct,uk,51.5085,-0.1257,,,n — UK only in a live-recording note,Def Leppard,The Two Arm Years,EP,Def Leppard,https://musicbrainz.org/release-group/48578b8a-fc01-4eae-b45b-ebc3fe76f091
rock_hall,,2021,"Wasted (live at the New Theatre Oxford, UK",Def Leppard,,"United Kingdom, Europe",Country,Direct,uk,51.5085,-0.1257,,,n — UK only in a live-recording note,Def Leppard,The Two Arm Years,EP,Def Leppard,https://musicbrainz.org/release-group/48578b8a-fc01-4eae-b45b-ebc3fe76f091
rock_hall,,1964,Memphis,Del Shannon,,"Memphis, Tennessee, United States, North America",City,Direct,memphis,35.1035,-89.9785,"also in the dataset by Donnie Brooks, Joe Jackson, Johnny Rivers, Lonnie Mack",,y,Del Shannon,Handy Man,Album,Del Shannon,https://musicbrainz.org/release-group/833729a2-8c6b-3156-991f-5a7100d960c4
rock_hall,,1968,New Orleans (Mardi Gras),Del Shannon,,"New Orleans, Louisiana, United States, North America",City,Direct,new orleans,30.0686,-89.939,"also in the dataset by Bern Elliott and the Fenmen, Eddie Hodges, Gary U.S. Bonds, Gillan, Harley Quinne, Neil Diamond, The Staple Singers",,y,Del Shannon,The Further Adventures of Charles Westover,Album,Del Shannon,https://musicbrainz.org/release-group/8e9bf9ba-1c04-34a3-bc21-e33fd1ae1620
rock_hall,,1986,Christmas Island,Depeche Mode,,"Christmas Island, Asia",Country,Direct,christmas island,-10.4475,105.6904,also in the dataset by Dickie Valentine,,y,Depeche Mode,A Question of Lust,Single,Depeche Mode,https://musicbrainz.org/release-group/93b4bc63-af6c-3461-90e9-23559ff1cdc2
rock_hall,,1957,Christopher Columbus,Dinah Washington,,"Columbus, Ohio, United States, North America",City,Direct,columbus,39.9848,-82.985,,,"n — Christopher Columbus, a person",Dinah Washington,Dinah Washington Sings Fats Waller,Album,Dinah Washington,https://musicbrainz.org/release-group/0fd67d2d-e89b-48fc-af1e-b5834b4bfaa0
rock_hall,,1959,Manhattan,Dinah Washington,,"Manhattan, New York, New York, United States, North America",Neighborhood/District,Direct,manhattan,40.7831,-73.9712,also in the dataset by Bing Crosby,,y,Dinah Washington,What a Diff'rence a Day Makes!,Album,Dinah Washington,https://musicbrainz.org/release-group/ae7abfa4-232b-3306-9796-51c95bc8a066
rock_hall,,1963,I Left My Heart in San Francisco,Dinah Washington,,"San Francisco, California, United States, North America",City,Direct,san francisco,37.78,-122.4193,also in the dataset by Tony Bennett,,y,Dinah Washington,Dinah ’63,Album,Dinah Washington,https://musicbrainz.org/release-group/3063b92a-ffdc-4c8b-b365-fe4f5f03a4f3
rock_hall,,1961,Kansas City,Dion,,"Kansas City, Missouri, United States, North America",City,Direct,kansas city,39.1252,-94.5511,"also in the dataset by Hank Ballard And The Midnighters, James Brown And The Famous Flames, Little Richard, Rocky Olson, The New Basement Tapes, Trini Lopez, Wilbert Harrison",,y,Dion,Runaround Sue,Album,Dion,https://musicbrainz.org/release-group/9aa62944-31df-379c-bfd5-a3c063a45463
rock_hall,,1969,New York Town,Dion & The Belmonts,,"New York, New York, United States, North America",City,Direct,new york,40.6643,-73.9385,,,y,Dion,Together Again,Album,Dion & The Belmonts,https://musicbrainz.org/release-group/5c91d362-0fb6-4b7f-9fa8-d5b33c1ba8c6
rock_hall,,1972,Tennessee Madonna,Dion,,"Tennessee, United States, North America",State/Region,Direct,tennessee,35.747,-86.692,,,y,Dion,Suite for Late Summer,Album,Dion,https://musicbrainz.org/release-group/1bdaa2a7-abc7-41b1-950e-6ff257a72c2a
rock_hall,,1975,New York City Song,Dion,,"New York, New York, United States, North America",City,Direct,new york city,40.6643,-73.9385,,,y,Dion,Born to Be With You,Album,Dion,https://musicbrainz.org/release-group/47256750-eca8-3d6c-91c4-33866caf4ea9
rock_hall,,1978,(If I Used to Be a) Brooklyn Dodger,Dion,,"Brooklyn, New York, New York, United States, North America",Neighborhood/District,Direct,brooklyn,40.6782,-73.9442,,,y,Dion,Return of the Wanderer,Album,Dion,https://musicbrainz.org/release-group/58365cee-acc5-4f66-9232-1650f0b2fced
rock_hall,,1978,Midtown American Main Street Gang,Dion,,"United States, North America",Country,Demonym,american,38.8951,-77.0364,,,y,Dion,Return of the Wanderer,Album,Dion,https://musicbrainz.org/release-group/58365cee-acc5-4f66-9232-1650f0b2fced
rock_hall,,1978,Spanish Harlem Incident,Dion,,"East Harlem, New York, New York, United States, North America",Neighborhood/District,Direct,spanish harlem,40.7957,-73.9389,,,y,Dion,Return of the Wanderer,Album,Dion,https://musicbrainz.org/release-group/58365cee-acc5-4f66-9232-1650f0b2fced
rock_hall,,1980,New Jersey Wife,Dion,,"New Jersey, United States, North America",State/Region,Direct,new jersey,40.298,-74.521,,,y,Dion,Inside Job,Album,Dion,https://musicbrainz.org/release-group/4d1a73e9-bda6-45be-80c7-6505148c4f5a
rock_hall,,1990,Hollywood,Dion,,"Hollywood, California, United States, North America",Neighborhood/District,Direct,hollywood,34.0928,-118.3287,"also in the dataset by Boz Scaggs, Connie Francis, Madonna, Marina & the Diamonds, Michael Buble, Rufus ft. Chaka Khan, Shooting Star, Thin Lizzy",,y,Dion,Fire in the Night,Album,Dion,https://musicbrainz.org/release-group/13a703d4-210b-4ffb-b347-b892f7349aeb
rock_hall,,2000,In New York City,Dion,,"New York, New York, United States, North America",City,Direct,new york city,40.6643,-73.9385,,,y,Dion,Deja Nu,Album,Dion,https://musicbrainz.org/release-group/820ad1a5-b5d6-31ec-94be-7ab8912826f3
rock_hall,,2005,Dialog 'Hi New York',Dion and Friends,,"New York, New York, United States, North America",City,Direct,new york,40.6643,-73.9385,,,n — spoken introduction,Dion,Live New York City,Album,Dion & Friends,https://musicbrainz.org/release-group/231bfe31-6591-4c1d-8505-9ec87f73e13e
rock_hall,,2005,I Used To Be A Brooklyn Dodger,Dion and Friends,,"Brooklyn, New York, New York, United States, North America",Neighborhood/District,Direct,brooklyn,40.6782,-73.9442,,,y,Dion,Live New York City,Album,Dion & Friends,https://musicbrainz.org/release-group/231bfe31-6591-4c1d-8505-9ec87f73e13e
rock_hall,,2006,Statesboro Blues,Dion,,"Statesboro, Georgia, United States, North America",City,Direct,statesboro,32.44879,-81.78317,"also in the dataset by Blind Willie McTell, The Allman Brothers Band",,y,Dion,Bronx in Blue,Album,Dion,https://musicbrainz.org/release-group/fa5d412a-1b47-3f5b-b675-492696a4a8c9
rock_hall,,2007,Chicago Blues,Dion,,"Chicago, Illinois, United States, North America",City,Direct,chicago,41.8376,-87.6818,,,y,Dion,Don't Start Me Talkin': Columbia Recordings 1962-1965,Album,Dion,https://musicbrainz.org/release-group/5041b8ca-6721-4180-82e4-c1122e9a0a6d
rock_hall,,2012,Bronx Poem,Dion,,"The Bronx, New York, New York, United States, North America",Neighborhood/District,Direct,bronx,40.84985,-73.86641,,,y,Dion,Tank Full of Blues,Album,Dion,https://musicbrainz.org/release-group/0cab1e30-5642-42dd-a282-9a1cceeb6b3a
rock_hall,,2016,Can’t Go Back to Memphis,Dion,,"Memphis, Tennessee, United States, North America",City,Direct,memphis,35.1035,-89.9785,,,y,Dion,New York Is My Home,Album,Dion,https://musicbrainz.org/release-group/f4c0e024-6fde-47e0-8db1-ab14a1cda803
rock_hall,,2016,New York Is My Home,Dion,,"New York, New York, United States, North America",City,Direct,new york,40.6643,-73.9385,,,n — same song as the Dion and Paul Simon row (2015),Dion,New York Is My Home,Album,Dion,https://musicbrainz.org/release-group/f4c0e024-6fde-47e0-8db1-ab14a1cda803
rock_hall,,2016,The Apollo King,Dion,,"Apollo Theater, Harlem, New York, New York, United States, North America",Street/Landmark,Direct,the apollo,40.81,-73.95,"new place — pin approximate, check it; place changed from 'Apollo Theater, New York City'",,? — Dion's 'The Apollo King' — the Apollo Theater?,Dion,New York Is My Home,Album,Dion,https://musicbrainz.org/release-group/f4c0e024-6fde-47e0-8db1-ab14a1cda803
rock_hall,,2024,An American Hero,Dion and Carlene Carter,,"United States, North America",Country,Demonym,american,38.8951,-77.0364,,,y,Dion,Girl Friends,Album,Dion & Carlene Carter,https://musicbrainz.org/release-group/0644bc36-a9f7-4924-b7ba-78370972e320
rock_hall,,2025,New York Minute,Dion,,"New York, New York, United States, North America",City,Direct,new york,40.6643,-73.9385,also in the dataset by Don Henley,,y,Dion,The Rock 'N' Roll Philosopher,Album,Dion,https://musicbrainz.org/release-group/daff56f1-d247-472f-9ec8-2d44986abdf5
rock_hall,,2015,New York Is My Home,Dion and Paul Simon,,"New York, New York, United States, North America",City,Direct,new york,40.6643,-73.9385,,,y,Dion; Paul Simon,New York Is My Home,Single,Dion & Paul Simon,https://musicbrainz.org/release-group/726c7a3e-dc1f-4b9e-b889-27494c2e9954
rock_hall,,1990,I Love Paris,Dionne Warwick,,"Paris, France, Europe",City,Direct,paris,48.8534,2.3488,also in the dataset by Frank Sinatra,,y,Dionne Warwick,Dionne Warwick Sings Cole Porter,Album,Dionne Warwick,https://musicbrainz.org/release-group/6b6791a7-639e-3059-a0dc-ed068e0457e9
rock_hall,,1994,Brazil (Aquarela Do Brasil),Dionne Warwick,,"Brazil, South America",Country,Direct,brazil,-15.7939,-47.8828,"also in the dataset by Baby Doll, Crispy and Company, Declan McKenna, Jimmy Dorsey, The Ritchie Family, Xavier Cugat",,y,Dionne Warwick,Aquarela do Brasil,Album,Dionne Warwick,https://musicbrainz.org/release-group/2dac23d6-a797-3142-a895-7d7798d41998
rock_hall,,1994,Heart of Brazil,Dionne Warwick and Eliana Estevão,,"Brazil, South America",Country,Direct,brazil,-15.7939,-47.8828,,,y,Dionne Warwick,Aquarela do Brasil,Album,Dionne Warwick & Eliana Estevão,https://musicbrainz.org/release-group/2dac23d6-a797-3142-a895-7d7798d41998
rock_hall,,1998,Aquarela do Brazil,Dionne Warwick,,"Brazil, South America",Country,Direct,brazil,-15.7939,-47.8828,,,n — same song as Dionne Warwick's 'Brazil (Aquarela do Brasil)',Dionne Warwick,Dionne Sings Dionne,Album,Dionne Warwick,https://musicbrainz.org/release-group/83cc7179-c6e4-33bf-8d4e-5b6c78311a25
rock_hall,,1978,Wild West End,Dire Straits,,"West End, London, England, United Kingdom, Europe",Neighborhood/District,Direct,wild west,51.5103,-0.1301,"place changed from 'American West, United States, North America'",,y — London's West End,Dire Straits,Dire Straits,Album,Dire Straits,https://musicbrainz.org/release-group/0c9bc273-a9e9-3290-b423-c61b9f8d20bc
rock_hall,,1991,Planet of New Orleans,Dire Straits,,"New Orleans, Louisiana, United States, North America",City,Direct,new orleans,30.0686,-89.939,,,y,Dire Straits,On Every Street,Album,Dire Straits,https://musicbrainz.org/release-group/b286b831-931e-3680-97f1-aa18541f5cc2
rock_hall,,,Wild New York,Dolly Parton,,"New York, New York, United States, North America",City,Direct,new york,40.6643,-73.9385,no release date on MusicBrainz — fill in year,,y,Dolly Parton,Brothers Craig,Album,Dolly Parton,https://musicbrainz.org/release-group/0d9c22f1-4437-4431-8653-7abdad1714e5
rock_hall,,1969,Chas,Dolly Parton,,"Chas, India",City,Direct,chas,,,,,n — a person,Dolly Parton,Daddy Come and Get Me / Chas,Single,Dolly Parton,https://musicbrainz.org/release-group/58b78e9c-ffa8-416d-9611-94d5332554e5
rock_hall,,1969,"Milwaukee, Here I Come",Porter Wagoner and Dolly Parton,,"Milwaukee, Wisconsin, United States, North America",City,Direct,milwaukee,43.0633,-87.9667,,,y,Dolly Parton,"Always, Always",Album,Porter Wagoner and Dolly Parton,https://musicbrainz.org/release-group/91a243f7-914f-4811-b42a-336917b371b4
rock_hall,,1969,My Blue Ridge Mountain Boy,Dolly Parton,,"Blue Ridge Mountains, United States, North America",Water/Natural Feature,Direct,blue ridge,37.5,-79.5,"new place — pin approximate, check it",,y,Dolly Parton,My Blue Ridge Mountain Boy / ’Til Death Do Us Part,Single,Dolly Parton,https://musicbrainz.org/release-group/6746a5d5-dccd-49f6-876d-5b346e889f20
rock_hall,,1970,Down From Dover,Dolly Parton,,"Dover, England, United Kingdom, Europe",City,Direct,dover,51.1279,1.3134,,,? — which Dover? check,Dolly Parton,The Fairest of Them All,Album,Dolly Parton,https://musicbrainz.org/release-group/dec60b2b-e234-43bc-8298-8886cb30cd89
rock_hall,,1970,Forty Miles From Poplar Bluff,Porter Wagoner and Dolly Parton,,"Poplar Bluff, Missouri, United States, North America",City,Direct,poplar bluff,36.757,-90.3929,"new place — pin from geonamescache, check it",,y,Dolly Parton,Porter Wayne and Dolly Rebecca,Album,Porter Wagoner and Dolly Parton,https://musicbrainz.org/release-group/b2ccb01d-9719-4fda-aa6f-795a5ffe96b3
rock_hall,,1972,Her and the Car and the Mobile Home,Porter Wagoner and Dolly Parton,,"Mobile, Alabama, United States, North America",City,Direct,mobile,30.69436,-88.04305,,,n — mobile as in moving / mobile home,Dolly Parton,The Right Combination: Burning the Midnight Oil,Album,Porter Wagoner & Dolly Parton,https://musicbrainz.org/release-group/db49c2d2-5470-46a3-9e5b-8d444b19fbbb
rock_hall,,1972,My Tennessee Mountain Home,Dolly Parton,,"Tennessee, United States, North America",State/Region,Direct,tennessee,35.747,-86.692,,,y,Dolly Parton,My Tennessee Mountain Home / The Better Part of Life,Single,Dolly Parton,https://musicbrainz.org/release-group/f462c624-cedd-4dcc-9bf0-2a218db9078e
rock_hall,,1973,Alabama Sundown,Dolly Parton,,"Alabama, United States, North America",State/Region,Direct,alabama,32.806,-86.791,,,y,Dolly Parton,Bubbling Over,Album,Dolly Parton,https://musicbrainz.org/release-group/ac023204-2559-3c59-95f4-d53dc4f489db
rock_hall,,1974,"Blackie, Kentucky",Dolly Parton,,"Blackey, Kentucky, United States, North America",City,Direct,kentucky,37.1407,-82.9799,"new place — pin approximate, check it; place changed from 'Kentucky, United States, North America'",,"? — Blackie, Kentucky is probably Blackey, Kentucky",Dolly Parton,Love Is Like a Butterfly,Album,Dolly Parton,https://musicbrainz.org/release-group/efca4de0-b23c-4e15-b582-874c238a06ca
rock_hall,,1975,Kentucky Gambler,Dolly Parton,,"Kentucky, United States, North America",State/Region,Direct,kentucky,37.668,-84.67,,,y,Dolly Parton,The Bargain Store,Album,Dolly Parton,https://musicbrainz.org/release-group/bf83cfbc-08a4-32c4-90b8-745dc4ddf0c6
rock_hall,,1976,Boulder to Birmingham,Dolly Parton,,"Birmingham, Alabama, United States, North America",City,Direct,birmingham,33.5274,-86.799,also in the dataset by Emmylou Harris,,y,Dolly Parton,All I Can Do,Album,Dolly Parton,https://musicbrainz.org/release-group/625346fb-1aaa-3930-bc82-b93281f853aa
rock_hall,,1976,Boulder to Birmingham,Dolly Parton,,"Boulder, Colorado, United States, North America",City,Direct,boulder,39.993333,-105.245,also in the dataset by Emmylou Harris,,y,Dolly Parton,All I Can Do,Album,Dolly Parton,https://musicbrainz.org/release-group/625346fb-1aaa-3930-bc82-b93281f853aa
rock_hall,,1980,Deportee (Plane Wreck at Los Gatos),Dolly Parton,,"Los Gatos Canyon, Fresno County, California, United States, North America",Water/Natural Feature,Direct,los gatos,36.18,-120.46,"new place — pin approximate, check it; place changed from 'Los Gatos, California'",,"y — the 1948 crash was in Los Gatos Canyon near Coalinga, not the town of Los Gatos",Dolly Parton,9 to 5 and Odd Jobs,Album,Dolly Parton,https://musicbrainz.org/release-group/f28e8c53-7f29-3905-855c-1a4948127046
rock_hall,,1980,Detroit City,Dolly Parton,,"Detroit, Michigan, United States, North America",City,Direct,detroit,42.383,-83.1022,"also in the dataset by Bobby Bare, Tom Jones",,y,Dolly Parton,9 to 5 and Odd Jobs,Album,Dolly Parton,https://musicbrainz.org/release-group/f28e8c53-7f29-3905-855c-1a4948127046
rock_hall,,1982,Hollywood Potters,Dolly Parton,,"Hollywood, California, United States, North America",Neighborhood/District,Direct,hollywood,34.0928,-118.3287,,,y,Dolly Parton,Heartbreak Express,Album,Dolly Parton,https://musicbrainz.org/release-group/52991dbb-2a24-3c64-a4fb-2f37adc1c52b
rock_hall,,1983,Appalachian Memories,Dolly Parton,,"Appalachia, United States, North America",Continent/Region,Demonym,appalachian,37.5,-81.5,"term list says 'Appalachia, USA'; matched the dataset's place of the same name — confirm it's the same place",,y,Dolly Parton,Burlap & Satin,Album,Dolly Parton,https://musicbrainz.org/release-group/ea24c6d2-0f6e-31ad-bd44-6a66545aaa50
rock_hall,,1984,Tennessee Homesick Blues,Dolly Parton,,"Tennessee, United States, North America",State/Region,Direct,tennessee,35.747,-86.692,,,y,Dolly Parton,Tennessee Homesick Blues / Butterflies,Single,Dolly Parton,https://musicbrainz.org/release-group/4d55d4fd-691e-4eb3-90cc-8f7d94311b60
rock_hall,,1998,Paradise Road,Dolly Parton,,"Paradise, Kentucky, United States, North America",City,Direct,paradise,37.268056,-86.983611,,,"n — paradise as in heaven or bliss, not Paradise, Kentucky",Dolly Parton,Honky Tonk Songs / Paradise Road,Single,Dolly Parton,https://musicbrainz.org/release-group/739f0bbe-a49f-40f2-934b-ad6520ac8a65
rock_hall,,1999,Church in the Wildwood,Dolly Parton,,"Wildwood, New Jersey, United States, North America",City,Direct,wildwood,38.9889,-74.8198,,,"n — 'wildwood' here is a wild wood, not Wildwood, New Jersey",Dolly Parton,Precious Memories,Album,Dolly Parton,https://musicbrainz.org/release-group/3221881e-3125-34e4-bfb4-a36abc1d16dd
rock_hall,,2002,Sugar Hill,Dolly Parton,,"Sugar Hill, Harlem, New York, New York, United States, North America",Neighborhood/District,Direct,sugar hill,40.8264,-73.945,also in the dataset by AZ,,"? — which Sugar Hill? check (Harlem's, or another)",Dolly Parton,Halos & Horns,Album,Dolly Parton,https://musicbrainz.org/release-group/0450e830-b6a2-3590-adfb-6c7b7c4c13dd
rock_hall,,2003,Color Me America,Dolly Parton,,"United States, North America",Country,Direct,america,38.8951,-77.0364,,,y,Dolly Parton,For God and Country,Album,Dolly Parton,https://musicbrainz.org/release-group/4b264a26-52bd-3d8f-8d13-9a1aadbc97c6
rock_hall,,2003,God Bless the USA,Dolly Parton,,"United States, North America",Country,Direct,usa,38.8951,-77.0364,"also in the dataset by American Idol Finalists, Lee Greenwood",,y,Dolly Parton,For God and Country,Album,Dolly Parton,https://musicbrainz.org/release-group/4b264a26-52bd-3d8f-8d13-9a1aadbc97c6
rock_hall,,2014,Banks of the Ohio,Dolly Parton,,"Ohio, United States, North America",State/Region,Direct,ohio,40.388,-82.764,also in the dataset by Olivia Newton-John,,y,Dolly Parton,Blue Smoke,Album,Dolly Parton,https://musicbrainz.org/release-group/21717c25-2fbf-4a18-8e47-b58ef9531075
rock_hall,,1974,Denver Dream,Donna Summer,,"Denver, Colorado, United States, North America",City,Direct,denver,39.7618,-104.8806,,,y,Donna Summer,Denver Dream,Single,Donna Summer,https://musicbrainz.org/release-group/0dbca5c8-da5c-4d7f-824e-826111499baa
rock_hall,,1982,Livin’ in America,Donna Summer,,"United States, North America",Country,Direct,america,38.8951,-77.0364,,,y,Donna Summer,The Woman in Me,Single,Donna Summer,https://musicbrainz.org/release-group/1349ac07-e383-41ed-b2e6-b7bf82d7b365
rock_hall,,1983,Tokyo,Donna Summer,,"Tokyo, Japan, Asia",City,Direct,tokyo,35.6895,139.6917,"also in the dataset by Adx, Classix Nouveaux, The Wombats",,y,Donna Summer,"People, People",Single,Donna Summer,https://musicbrainz.org/release-group/11cc4385-2fcc-4080-8772-aa93402211e5
rock_hall,,1993,Don’t Cry for Me Argentina,Donna Summer,,"Argentina, South America",Country,Direct,argentina,-34.6131,-58.3772,"also in the dataset by Festival, Glee Cast, Julie Covington, Madonna, Sinead O'Connor, The Mike Flowers Pops, The Shadows, Who's That Girl!",,y,Donna Summer,Don’t Cry for Me Argentina,Single,Donna Summer,https://musicbrainz.org/release-group/e88e21bf-702c-4b05-8a41-8f78b22ebd05
rock_hall,,1996,Brooklyn,Donna Summer,,"Brooklyn, New York, New York, United States, North America",Neighborhood/District,Direct,brooklyn,40.6782,-73.9442,also in the dataset by Cody Jameson,,y,Donna Summer,I’m a Rainbow,Album,Donna Summer,https://musicbrainz.org/release-group/034b3089-6797-32d9-9e60-97cc72355399
rock_hall,,2008,Drivin’ Down Brazil,Donna Summer,,"Brazil, South America",Country,Direct,brazil,-15.7939,-47.8828,,,y,Donna Summer,Crayons,Album,Donna Summer,https://musicbrainz.org/release-group/ec23b573-8328-3f08-bd6b-cb7ba14af82e
rock_hall,,2010,To Paris With Love (Craig C’s Master Blaster),Donna Summer,,"Paris, France, Europe",City,Direct,paris,48.8534,2.3488,,,y,Donna Summer,To Paris With Love,Single,Donna Summer,https://musicbrainz.org/release-group/d4aaaa5d-bbd9-400d-84e3-8f23948018e9
rock_hall,,2025,RUN (Ibiza),"Donna Summer, Toby Gad and OddKidOut",,"Ibiza, Spain, Europe",City,Direct,ibiza,38.90883,1.43296,,,? — a 2025 track built on Donna Summer's vocals — check,Donna Summer,RUN (Ibiza),Single,"Donna Summer, Toby Gad & OddKidOut",https://musicbrainz.org/release-group/ba2369b0-72e0-4ca9-aba8-42cd0a369681
rock_hall,,1965,Jersey Thursday,Donovan,,"New Jersey, United States, North America",State/Region,Nickname,jersey,40.298,-74.521,,,? — Donovan's 'Jersey Thursday' — the Channel Island? check,Donovan,Fairytale,Album,Donovan,https://musicbrainz.org/release-group/cc590c1b-50eb-3083-9e1d-7b86af6dcdcf
rock_hall,,1965,The Alamo,Donovan,,"The Alamo, San Antonio, Texas, United States, North America",Street/Landmark,Direct,the alamo,29.426,-98.4861,,,y,Donovan,What’s Bin Did and What’s Bin Hid,Album,Donovan,https://musicbrainz.org/release-group/c723c063-3503-36a9-8cea-b861e20f0bac
rock_hall,,1966,Three King Fishers,Donovan,,"Fishers, Indiana",City,Direct,fishers,,,,,"n — kingfishers, birds",Donovan,Sunshine Superman,Album,Donovan,https://musicbrainz.org/release-group/092eedd3-b8e2-33a6-8a9b-e9788e060886
rock_hall,,1968,Tangier,Donovan,,"Tangier, Morocco, Africa",City,Direct,tangier,35.7673,-5.7998,"new place — pin from geonamescache, check it",,y,Donovan,The Hurdy Gurdy Man,Album,Donovan,https://musicbrainz.org/release-group/ee3eefa5-9de8-3309-9adc-9119313b1ab1
rock_hall,,1981,Half Moon Bay,Donovan,,"Half Moon Bay, California, United States, North America",City,Direct,half moon bay,37.46355,-122.42859,UK chart but a little-used US place — check it isn't a British namesake; also in the dataset by Sun Kil Moon,,y,Donovan,Love Is Only Feeling,Album,Donovan,https://musicbrainz.org/release-group/08c90bf7-2fb9-30b3-9fdc-d24f9da25d8f
rock_hall,,2002,London Town,Donovan,,"London, England, United Kingdom, Europe",City,Direct,london,51.5085,-0.1257,"also in the dataset by Bucks Fizz, JDS, Light of the World, Paul McCartney and Wings",,y,Donovan,Sixty Four,Album,Donovan,https://musicbrainz.org/release-group/bd7643ed-4359-4d1a-beb3-3528513b34bc
rock_hall,,2010,I'm An American,Donovan,,"United States, North America",Country,Demonym,american,38.8951,-77.0364,,,y,Donovan,Ritual Groove,Album,Donovan,https://musicbrainz.org/release-group/bf9a1ec4-bb04-4dba-aae6-958a7daaaadb
rock_hall,,2014,To Susan on the West Coast Wating,Donovan,,"West Coast, United States, North America",Continent/Region,Direct,west coast,40,-122,,,y,Donovan,Desert Winds,Album,Donovan,https://musicbrainz.org/release-group/76c44351-a09d-40ff-a76f-e07b457b473e
rock_hall,,2015,One English Summer,Donovan,,"England, United Kingdom, Europe",Country,Demonym,english,51.5074,-0.1278,,,y,Donovan,One English Summer,Single,Donovan,https://musicbrainz.org/release-group/7124d379-727b-484a-9246-665c3037c122
rock_hall,,2017,Corsica,Donovan,,"Corsica, France, Europe",State/Region,Direct,corsica,42.0396,9.0129,,,y,Donovan,Buried Treasures 2 (The Morgan Studios Sessions 1971),Album,Donovan,https://musicbrainz.org/release-group/3c972014-e1a1-4e2b-a048-ba57d6af4115
rock_hall,,2019,Jamaica Farewell,Donovan,,"Jamaica, North America",Country,Direct,jamaica,17.997,-76.7936,also in the dataset by Harry Belafonte,,y,Donovan,Jump In the Line - A Tribute to Harry Belafonte,Album,Donovan,https://musicbrainz.org/release-group/ba19e33d-06aa-4c41-8c12-1abed89b7b72
rock_hall,,2019,Jamaica Time,Donovan,,"Jamaica, North America",Country,Direct,jamaica,17.997,-76.7936,,,y,Donovan,Jump In the Line - A Tribute to Harry Belafonte,Album,Donovan,https://musicbrainz.org/release-group/ba19e33d-06aa-4c41-8c12-1abed89b7b72
rock_hall,,2019,Shenandoah,Donovan,,"Shenandoah River, Virginia, United States, North America",Water/Natural Feature,Direct,shenandoah,38.9,-78.2,"new place — pin approximate, check it; place changed from 'Shenandoah, Louisiana'",,"? — the Shenandoah River/Valley, Virginia, not Shenandoah, Louisiana",Donovan,Jump In the Line - A Tribute to Harry Belafonte,Album,Donovan,https://musicbrainz.org/release-group/ba19e33d-06aa-4c41-8c12-1abed89b7b72
rock_hall,,2022,Glasgow Town,Donovan,,"Glasgow, Scotland, United Kingdom, Europe",City,Direct,glasgow,55.86515,-4.25763,,,y,Donovan,Gaelia,Album,Donovan,https://musicbrainz.org/release-group/0a05b6c7-68da-484a-9938-fc59895c70ae
rock_hall,,1970,Angola Anthem,"Dr. John, the Night Tripper",,"Angola, Louisiana, United States, North America",City,Direct,angola,30.9568,-91.596,"new place — pin approximate, check it; place changed from 'Angola'",,y — Angola is the Louisiana State Penitentiary (the song came out of the prison),Dr. John,Remedies,Album,"Dr. John, the Night Tripper",https://musicbrainz.org/release-group/9c3dc903-ac6a-3196-a43a-95fda8afaae7
rock_hall,,1973,Xmas in New Orleans (vocal),Dr. John,,"New Orleans, Louisiana, United States, North America",City,Direct,new orleans,30.0686,-89.939,,,y,Dr. John,Zu Zu Man,Album,Dr. John,https://musicbrainz.org/release-group/db0051d7-4bb8-4835-af18-412419d9c92f
rock_hall,,1979,I Thought I Heard New Orleans Say,Dr. John,,"New Orleans, Louisiana, United States, North America",City,Direct,new orleans,30.0686,-89.939,,,y,Dr. John,Tango Palace,Album,Dr. John,https://musicbrainz.org/release-group/07d80522-31be-4523-903b-1d9fa5627720
rock_hall,,1979,Louisiana Lullabye,Dr. John,,"Louisiana, United States, North America",State/Region,Direct,louisiana,31.169,-91.867,,,y,Dr. John,Tango Palace,Album,Dr. John,https://musicbrainz.org/release-group/07d80522-31be-4523-903b-1d9fa5627720
rock_hall,,1981,Bourbon Street Parade,Chris Barber and Dr. John and Freddie Kohlman,,"Bourbon Street, New Orleans, Louisiana, United States, North America",Street/Landmark,Direct,bourbon street,29.9584,-90.0644,,,y,Dr. John,Take Me Back to New Orleans,Album,Chris Barber and Dr. John with Freddie Kohlman,https://musicbrainz.org/release-group/734eaeca-ad6d-4073-b8eb-bdd21ae4aa18
rock_hall,,1981,Decatur Drive,Chris Barber and Dr. John and Freddie Kohlman,,"Decatur, Illinois, United States, North America",City,Direct,decatur,39.84031,-88.9548,,,? — which place? check,Dr. John,Take Me Back to New Orleans,Album,Chris Barber and Dr. John with Freddie Kohlman,https://musicbrainz.org/release-group/734eaeca-ad6d-4073-b8eb-bdd21ae4aa18
rock_hall,,1981,Do You Know What It Means (To Miss New Orleans),Chris Barber and Dr. John and Freddie Kohlman,,"New Orleans, Louisiana, United States, North America",City,Direct,new orleans,30.0686,-89.939,,,y,Dr. John,Take Me Back to New Orleans,Album,Chris Barber and Dr. John with Freddie Kohlman,https://musicbrainz.org/release-group/734eaeca-ad6d-4073-b8eb-bdd21ae4aa18
rock_hall,,1981,New Orleans,Chris Barber and Dr. John and Freddie Kohlman,,"New Orleans, Louisiana, United States, North America",City,Direct,new orleans,30.0686,-89.939,"also in the dataset by Bern Elliott and the Fenmen, Eddie Hodges, Gary U.S. Bonds, Gillan, Harley Quinne, Neil Diamond, The Staple Singers",,y,Dr. John,Take Me Back to New Orleans,Album,Chris Barber and Dr. John with Freddie Kohlman,https://musicbrainz.org/release-group/734eaeca-ad6d-4073-b8eb-bdd21ae4aa18
rock_hall,,1981,"New Orleans, Louisiana",Chris Barber and Dr. John and Freddie Kohlman,,"New Orleans, Louisiana, United States, North America",City,Direct,new orleans + louisiana,30.0686,-89.939,,,y,Dr. John,Take Me Back to New Orleans,Album,Chris Barber and Dr. John with Freddie Kohlman,https://musicbrainz.org/release-group/734eaeca-ad6d-4073-b8eb-bdd21ae4aa18
rock_hall,,1981,Take Me Back to New Orleans,Chris Barber and Dr. John and Freddie Kohlman,,"New Orleans, Louisiana, United States, North America",City,Direct,new orleans,30.0686,-89.939,,,y,Dr. John,Take Me Back to New Orleans,Album,Chris Barber and Dr. John with Freddie Kohlman,https://musicbrainz.org/release-group/734eaeca-ad6d-4073-b8eb-bdd21ae4aa18
rock_hall,,1983,Suite Home New Orleans,Dr. John,,"New Orleans, Louisiana, United States, North America",City,Direct,new orleans,30.0686,-89.939,,,y,Dr. John,The Brightest Smile in Town,Album,Dr. John,https://musicbrainz.org/release-group/7f3208b4-3b4f-36e3-9a0d-82bfa0a3c386
rock_hall,,1983,Waiting for a Train,Dr. John,,"A Train, New York, New York, United States, North America",Street/Landmark,Direct,a train,40.82404,-73.944769,,,"n — 'a train', not the A train subway line",Dr. John,The Brightest Smile in Town,Album,Dr. John,https://musicbrainz.org/release-group/7f3208b4-3b4f-36e3-9a0d-82bfa0a3c386
rock_hall,,1992,Goin' Back to New Orleans,Dr. John,,"New Orleans, Louisiana, United States, North America",City,Direct,new orleans,30.0686,-89.939,,,y,Dr. John,Goin’ Back to New Orleans,Album,Dr. John,https://musicbrainz.org/release-group/566a445d-3c92-3b5d-a400-cae99c6fd5b5
rock_hall,,1995,New York City Blues,Dr. John,,"New York, New York, United States, North America",City,Direct,new york city,40.6643,-73.9385,,,y,Dr. John,Afterglow,Album,Dr. John,https://musicbrainz.org/release-group/3e1a0c93-b2e6-3e57-bc97-5d4dc9d52a45
rock_hall,,1998,Sweet Home New Orleans,Dr. John,,"New Orleans, Louisiana, United States, North America",City,Direct,new orleans,30.0686,-89.939,,,y,Dr. John,Anutha Zone,Album,Dr. John,https://musicbrainz.org/release-group/d69f1bae-d8f7-34c0-9e15-61aecbe76eac
rock_hall,,2001,Creole Moon,Dr. John,,"Louisiana, United States, North America",State/Region,Demonym,creole,31.169,-91.867,,,y,Dr. John,Creole Moon,Album,Dr. John,https://musicbrainz.org/release-group/46bd5674-b41a-3472-af3f-b9e522ccd516
rock_hall,,2006,Mississippi Mud,Dr. John,,"Mississippi, United States, North America",State/Region,Direct,mississippi,32.741,-89.678,,,y,Dr. John,"Dr John Plays Mac Rebennack: Legendary Sessions, Volume. 2",Album,Dr. John,https://musicbrainz.org/release-group/e25bb024-44ea-3c50-8a62-e3a3eb779e3e
rock_hall,,2006,Moon River,Dr. John,,"Moon River, Georgia, United States",Water/Natural Feature,Direct,moon river,,,,,n — Moon River — excluded by earlier decision (fictional),Dr. John,Mercernary,Album,Dr. John,https://musicbrainz.org/release-group/6258cc75-24b1-3f8d-80c1-b2b2f54e560c
rock_hall,,2009,Down in New Orleans,Dr. John,,"New Orleans, Louisiana, United States, North America",City,Direct,new orleans,30.0686,-89.939,,,y,Dr. John,The Princess and the Frog,Album (soundtrack),Dr. John,https://musicbrainz.org/release-group/0307550a-d078-45c6-983f-0e5b3edf79f0
rock_hall,,2010,Only in America,Dr. John and the Lower 911,,"United States, North America",Country,Direct,america,38.8951,-77.0364,"also in the dataset by Brooks & Dunn, Jay & The Americans",,y,Dr. John,Tribal,Album,Dr. John and the Lower 911,https://musicbrainz.org/release-group/6f814a19-71f2-4120-b472-ebd73e0990ca
rock_hall,,2000,Fool's Paradise,Willie Nelson ft. Dr. John,,"Paradise, Kentucky, United States, North America",City,Direct,paradise,37.268056,-86.983611,,,"n — paradise as in heaven or bliss, not Paradise, Kentucky",Dr. John; Willie Nelson,Milk Cow Blues,Album,Willie Nelson feat. Dr. John,https://musicbrainz.org/release-group/fef9c612-97d7-30a9-acca-b4ab3594f633
rock_hall,,1958,Mason Dixon Lion,Duane Eddy & The Rebels,,"Dixon, California",City,Direct,dixon,,,,,n — a pun on the Mason-Dixon line,Duane Eddy,Cannonball / Mason Dixon Lion,Single,Duane Eddy & The Rebels,https://musicbrainz.org/release-group/627bdd56-c4db-49c1-bc89-94966b54ac3c
rock_hall,,1959,Along the Navajo Trail,Duane Eddy & The Rebels,,"Navajo Nation, United States, North America",Continent/Region,Demonym,navajo,36.1,-109.6,"also in the dataset by Bing Crosby, Dinah Shore",,y,Duane Eddy,Especially for You,Album,Duane Eddy & The Rebels,https://musicbrainz.org/release-group/be3d7a1b-eb2d-4ef0-b329-c10ceedb37cf
rock_hall,,1959,Night Train to Memphis,Duane Eddy & The Rebels,,"Memphis, Tennessee, United States, North America",City,Direct,memphis,35.1035,-89.9785,,,y,Duane Eddy,The “Twang’s” The “Thang”,Album,Duane Eddy & The Rebels,https://musicbrainz.org/release-group/1676ccc3-8635-490c-82e6-cb53c7d25502
rock_hall,,1959,St. Louis Blues,Duane Eddy & The Rebels,,"St. Louis, Missouri, United States, North America",City,Direct,st louis,38.6357,-90.2446,also in the dataset by Bessie Smith and Louis Armstrong,,y,Duane Eddy,The “Twang’s” The “Thang”,Album,Duane Eddy & The Rebels,https://musicbrainz.org/release-group/1676ccc3-8635-490c-82e6-cb53c7d25502
rock_hall,,1960,Streets of Laredo,Duane Eddy,,"Laredo, Texas, United States, North America",City,Direct,laredo,27.5477,-99.4869,,,y,Duane Eddy,Songs of Our Heritage,Album,Duane Eddy,https://musicbrainz.org/release-group/85da78ad-d7ff-4422-b662-f13bf8fd4089
rock_hall,,1961,Sioux City Sue,Duane Eddy & The Rebels,,"Sioux City, Iowa, United States, North America",City,Direct,sioux city,42.4953,-96.3915,"also in the dataset by Bing Crosby, Dick Thomas",,y,Duane Eddy,Girls! Girls! Girls!,Album,Duane Eddy & The Rebels,https://musicbrainz.org/release-group/1dcc622b-8921-4a68-af32-9e8d89b1a9f2
rock_hall,,1962,Memories of Madrid,Duane Eddy,,"Madrid, Spain, Europe",City,Direct,madrid,40.4165,-3.7026,,,y,Duane Eddy,Twangy Guitar Silky Strings,Album,Duane Eddy,https://musicbrainz.org/release-group/2c7ea3ff-4ffd-49df-bf02-0ad05e2b7b30
rock_hall,,1962,Moon River,Duane Eddy,,"Moon River, Georgia, United States",Water/Natural Feature,Direct,moon river,,,,,n — Moon River — excluded by earlier decision (fictional),Duane Eddy,Twangy Guitar Silky Strings,Album,Duane Eddy,https://musicbrainz.org/release-group/2c7ea3ff-4ffd-49df-bf02-0ad05e2b7b30
rock_hall,,1962,Nashville Stomp,Duane Eddy,,"Nashville, Tennessee, United States, North America",City,Direct,nashville,36.1718,-86.785,,,y,Duane Eddy,Dance With The Guitar Man,Album,Duane Eddy,https://musicbrainz.org/release-group/48ef83c6-4abd-4049-8296-448971cd660d
rock_hall,,1962,Spanish Twist,Duane Eddy,,"Spain, Europe",Country,Demonym,spanish,40.4165,-3.7026,,,y,Duane Eddy,Dance With The Guitar Man,Album,Duane Eddy,https://musicbrainz.org/release-group/48ef83c6-4abd-4049-8296-448971cd660d
rock_hall,,1963,Wildwood Flower,Duane Eddy,,"Wildwood, New Jersey, United States, North America",City,Direct,wildwood,38.9889,-74.8198,,,"n — 'wildwood' here is a wild wood, not Wildwood, New Jersey",Duane Eddy,"""Twang"" a Country Song",Album,Duane Eddy,https://musicbrainz.org/release-group/8601fd5f-1f8a-43f8-aaaa-50de359773fc
rock_hall,,1964,Shenandoah,Duane Eddy,,"Shenandoah River, Virginia, United States, North America",Water/Natural Feature,Direct,shenandoah,38.9,-78.2,"new place — pin approximate, check it; place changed from 'Shenandoah, Louisiana'",,"? — the Shenandoah River/Valley, Virginia, not Shenandoah, Louisiana",Duane Eddy,Lonely Guitar,Album,Duane Eddy,https://musicbrainz.org/release-group/b34100c1-d5b4-4422-a5ad-3175e30be69e
rock_hall,,1965,Houston,Duane Eddy,,"Houston, Texas, United States, North America",City,Direct,houston,29.7805,-95.3863,"also in the dataset by Dean Martin, Glen Campbell, Larry Gatlin & the Gatlin Brothers, R.E.M.",,y,Duane Eddy,Duane Eddy Does Bob Dylan,Album,Duane Eddy,https://musicbrainz.org/release-group/9067c2b0-ca84-46ed-b5a9-fac02cbf13f5
rock_hall,,1965,South Phoenix,Duane Eddy And The Rebels,,"Phoenix, Arizona, United States, North America",City,Direct,phoenix,33.5722,-112.088,,,y,Duane Eddy,Duane A Go Go Go,Album,Duane Eddy And The Rebels,https://musicbrainz.org/release-group/c8387568-9acb-480e-968f-6fbbb06d750c
rock_hall,,1967,American Patrol,Duane Eddy,,"United States, North America",Country,Demonym,american,38.8951,-77.0364,also in the dataset by Glenn Miller,,y,Duane Eddy,The Roaring Twangies,Album,Duane Eddy,https://musicbrainz.org/release-group/43cf95a2-a91d-47fb-b7d5-3e1d39d26aa6
rock_hall,,1967,St. Louis Blues March,Duane Eddy,,"St. Louis, Missouri, United States, North America",City,Direct,st louis,38.6357,-90.2446,also in the dataset by Tex Beneke,,y,Duane Eddy,The Roaring Twangies,Album,Duane Eddy,https://musicbrainz.org/release-group/43cf95a2-a91d-47fb-b7d5-3e1d39d26aa6
rock_hall,,1973,Deep in the Heart o Texas,Duane Eddy,,"Texas, United States, North America",State/Region,Direct,texas,31.054,-97.563,,,y,Duane Eddy,Pure Gold,Album,Duane Eddy,https://musicbrainz.org/release-group/0847a7e5-17fc-41ac-a8f6-1fb3dc89144d
rock_hall,,1981,Tel Aviv,Duran Duran,,"Tel Aviv, Israel, Asia",City,Direct,tel aviv,32.0809,34.7806,"new place — pin from geonamescache, check it",,y,Duran Duran,Duran Duran,Album,Duran Duran,https://musicbrainz.org/release-group/c5be9f5c-4c9e-3d74-a4a6-a225d03ffcf4
rock_hall,,1982,Rio,Duran Duran,,"Rio de Janeiro, Brazil, South America",City,Direct,rio,-22.9064,-43.1822,also in the dataset by Michael Nesmith,,? — a song titled 'Rio' — Duran Duran's charted but isn't in the dataset (Rio is a woman); check,Duran Duran,Rio,Album,Duran Duran,https://musicbrainz.org/release-group/3c638420-8208-3c01-b723-f061b10e3f3a
rock_hall,,1986,American Science,Duran Duran,,"United States, North America",Country,Demonym,american,38.8951,-77.0364,,,y,Duran Duran,Notorious,Album,Duran Duran,https://musicbrainz.org/release-group/c59da6f6-779e-35ff-8828-7149f7bff411
rock_hall,,1988,Lake Shore Driving,Duran Duran,,"Lake Shore Drive, Chicago, Illinois, United States, North America",Street/Landmark,Direct,lake shore,41.9,-87.62,"place changed from 'Lake Shore, Maryland'",,"y — Lake Shore Drive, Chicago",Duran Duran,Big Thing,Album,Duran Duran,https://musicbrainz.org/release-group/ea8005ed-d145-35bc-910b-812f359c3de0
rock_hall,,1988,The Edge of America,Duran Duran,,"United States, North America",Country,Direct,america,38.8951,-77.0364,,,y,Duran Duran,Big Thing,Album,Duran Duran,https://musicbrainz.org/release-group/ea8005ed-d145-35bc-910b-812f359c3de0
rock_hall,,1988,The Edge of America/Lake Shore Driving,Duran Duran,,"Lake Shore, Maryland",City,Direct,lake shore,,,,,n — same track as 'The Edge of America' plus 'Lake Shore Driving',Duran Duran,The Edge of America/Lake Shore Driving,Single,Duran Duran,https://musicbrainz.org/release-group/b2fac37c-37ea-4339-9edc-a72a99b4c6ad
rock_hall,,1988,The Edge of America/Lake Shore Driving,Duran Duran,,"United States, North America",Country,Direct,america,38.8951,-77.0364,,,n — same track as 'The Edge of America',Duran Duran,The Edge of America/Lake Shore Driving,Single,Duran Duran,https://musicbrainz.org/release-group/b2fac37c-37ea-4339-9edc-a72a99b4c6ad
rock_hall,,1990,My Antarctica,Duran Duran,,Antarctica,Continent/Region,Direct,antarctica,-82.86,135.0,"new place — pin approximate, check it",,y,Duran Duran,Liberty,Album,Duran Duran,https://musicbrainz.org/release-group/5c0e2a25-f850-34bb-82af-e09a17932e6f
rock_hall,,1990,Venice Drowning,Duran Duran,,"Venice, Italy, Europe",City,Direct,venice,45.4408,12.3155,"place changed from 'Venice, Los Angeles, California, United States, North America'; UK chart but a little-used US place — check it isn't a British namesake",,"y — Venice, Italy, not Venice Beach",Duran Duran,Liberty,Album,Duran Duran,https://musicbrainz.org/release-group/5c0e2a25-f850-34bb-82af-e09a17932e6f
rock_hall,,1964,Twenty-Four Hours From Tulsa,Dusty Springfield,,"Tulsa, Oklahoma, United States, North America",City,Direct,tulsa,36.1279,-95.9023,also in the dataset by Gene Pitney,,y,Dusty Springfield,A Girl Called Dusty,Album,Dusty Springfield,https://musicbrainz.org/release-group/813ecf80-7a92-3188-8eda-915dbbdbd43d
rock_hall,,1973,Tupelo Honey,Dusty Springfield,,"Tupelo, Mississippi, United States, North America",City,Direct,tupelo,34.2576,-88.7034,UK chart but a little-used US place — check it isn't a British namesake; also in the dataset by Van Morrison,,y,Dusty Springfield,Cameo,Album,Dusty Springfield,https://musicbrainz.org/release-group/cf429681-0510-3cdc-be58-3d9db8c9469f
rock_hall,,1978,Hollywood Movie Girls,Dusty Springfield,,"Hollywood, California, United States, North America",Neighborhood/District,Direct,hollywood,34.0928,-118.3287,,,y,Dusty Springfield,It Begins Again…,Album,Dusty Springfield,https://musicbrainz.org/release-group/07d28efd-cde2-4832-9edb-3a68450dcbd0
rock_hall,,1977,Say Goodbye to Hollywood,Ronnie Spector and The E Street Band,,"Hollywood, California, United States, North America",Neighborhood/District,Direct,hollywood,34.0928,-118.3287,also in the dataset by Billy Joel,,y,E Street Band,Say Goodbye to Hollywood,Single,Ronnie Spector and The E Street Band,https://musicbrainz.org/release-group/06fac342-1ab3-4965-9ccb-17f16699a74c
rock_hall,,1975,Hollywood Waltz,Eagles,,"Hollywood, California, United States, North America",Neighborhood/District,Direct,hollywood,34.0928,-118.3287,,,y,Eagles,One of These Nights,Album,Eagles,https://musicbrainz.org/release-group/7f9ea3a4-5c4b-3082-a233-3462540e57e3
rock_hall,,1979,King of Hollywood,Eagles,,"Hollywood, California, United States, North America",Neighborhood/District,Direct,hollywood,34.0928,-118.3287,,,y,Eagles,The Long Run,Album,Eagles,https://musicbrainz.org/release-group/1a265de4-136d-3414-adf5-b0913ca2aa15
rock_hall,,1995,New York Minute,Eagles,,"New York, New York, United States, North America",City,Direct,new york,40.6643,-73.9385,also in the dataset by Don Henley,,y,Eagles,Love Will Keep Us Alive,Single,Eagles,https://musicbrainz.org/release-group/a76af061-ef1a-492f-909d-07826f2f4dd4
rock_hall,,1961,New Orleans Medley (I'm Walkin',Earl Palmer,,"New Orleans, Louisiana, United States, North America",City,Direct,new orleans,30.0686,-89.939,,,n — a medley,Earl Palmer,Drumsville!,Album,Earl Palmer,https://musicbrainz.org/release-group/9b4a8999-2f8a-4ab4-a8d4-267c37eac313
rock_hall,,2002,Sweet Home Alabama,"Robby Turner, Gary Smith, Dennis Crouch, Pat Bergeson and Earl Palmer",,"Alabama, United States, North America",State/Region,Direct,alabama,32.806,-86.791,also in the dataset by Lynyrd Skynyrd,,? — credit is a list of session players that happens to include Earl Palmer,Earl Palmer,The Steel Guitar Tribute to Lynyrd Skynyrd,Album,"Robby Turner, Gary Smith, Dennis Crouch, Pat Bergeson & Earl Palmer",https://musicbrainz.org/release-group/d81a8677-6d1d-3577-a266-6a5113b2eece
rock_hall,,2002,T for Texas (Blue Yodel No. 1),"Robby Turner, Gary Smith, Dennis Crouch, Pat Bergeson and Earl Palmer",,"Texas, United States, North America",State/Region,Direct,texas,31.054,-97.563,,,? — credit is a list of session players that happens to include Earl Palmer,Earl Palmer,The Steel Guitar Tribute to Lynyrd Skynyrd,Album,"Robby Turner, Gary Smith, Dennis Crouch, Pat Bergeson & Earl Palmer",https://musicbrainz.org/release-group/d81a8677-6d1d-3577-a266-6a5113b2eece
rock_hall,,1973,Zanzibar,"Earth, Wind & Fire",,"Zanzibar, Tanzania, Africa",City,Direct,zanzibar,-6.16394,39.19793,,,y,"Earth, Wind & Fire",Head to the Sky,Album,"Earth, Wind & Fire",https://musicbrainz.org/release-group/7a5badae-4179-3c8c-bda0-2f22ca92e341
rock_hall,,1977,Brazilian Rhyme (aka Ponta de Areia),"Earth, Wind & Fire",,"Brazil, South America",Country,Demonym,brazilian,-15.7939,-47.8828,,,y,"Earth, Wind & Fire",All ’n All,Album,"Earth, Wind & Fire",https://musicbrainz.org/release-group/013e40ab-ac8c-33a5-adac-97abfbf8cfbc
rock_hall,,1990,Interlude: Soweto,"Earth, Wind & Fire",,"Soweto, South Africa, Africa",Neighborhood/District,Direct,soweto,-26.26781,27.85849,"also in the dataset by Jeffrey Osborne, Malcolm McLaren, Victony and Toliver and Rema and Tempoe",,y,"Earth, Wind & Fire",Heritage,Album,"Earth, Wind & Fire",https://musicbrainz.org/release-group/df0ba0f2-1858-3396-aa8b-c1cf2fdbce93
rock_hall,,1993,Chicago (Chi‐Town) Blues,"Earth, Wind & Fire",,"Chicago, Illinois, United States, North America",City,Direct,chicago,41.8376,-87.6818,,,y,"Earth, Wind & Fire",Millennium,Album,"Earth, Wind & Fire",https://musicbrainz.org/release-group/0d16d7b8-b8bb-347e-bedb-88f42ad18f6a
rock_hall,,2013,Belo Horizonte,"Earth, Wind & Fire",,"Belo Horizonte, Brazil, South America",City,Direct,belo horizonte,-19.9208,-43.9378,"new place — pin from geonamescache, check it",,y,"Earth, Wind & Fire","Now, Then & Forever",Album,"Earth, Wind & Fire",https://musicbrainz.org/release-group/af393e0b-ea92-48fd-a1dc-a0b391e62676
rock_hall,,1956,Fool's Paradise,Eddie Cochran,,"Paradise, Kentucky, United States, North America",City,Direct,paradise,37.268056,-86.983611,,,"n — paradise as in heaven or bliss, not Paradise, Kentucky",Eddie Cochran,Tired and Sleepy / Fool's Paradise,Single,Eddie Cochran,https://musicbrainz.org/release-group/42c2cb83-99b7-423f-a2b5-6aec87fc59a3
rock_hall,,1992,Dixie,Gary Lambert and Eddie Cochran,,"American South, United States, North America",Continent/Region,Nickname,dixie,33,-86,,,y,Eddie Cochran,Guitar Pickin' Rarities,Album,Gary Lambert & Eddie Cochran,https://musicbrainz.org/release-group/15ef0161-eac7-4df3-8108-07a3402124fd
rock_hall,,1992,Jersey Bounce,Gary Lambert and Eddie Cochran,,"New Jersey, United States, North America",State/Region,Nickname,jersey,40.298,-74.521,"also in the dataset by Benny Goodman, Jimmy Dorsey",,y,Eddie Cochran,Guitar Pickin' Rarities,Album,Gary Lambert & Eddie Cochran,https://musicbrainz.org/release-group/15ef0161-eac7-4df3-8108-07a3402124fd
rock_hall,,1992,Memphis Blues,Gary Lambert and Eddie Cochran,,"Memphis, Tennessee, United States, North America",City,Direct,memphis,35.1035,-89.9785,"also in the dataset by Jim Europe's 369th Infantry Hellfighters Band, Victor Military Band",,y,Eddie Cochran,Guitar Pickin' Rarities,Album,Gary Lambert & Eddie Cochran,https://musicbrainz.org/release-group/15ef0161-eac7-4df3-8108-07a3402124fd
rock_hall,,1992,St. Louis Blues,Gary Lambert and Eddie Cochran,,"St. Louis, Missouri, United States, North America",City,Direct,st louis,38.6357,-90.2446,also in the dataset by Bessie Smith and Louis Armstrong,,y,Eddie Cochran,Guitar Pickin' Rarities,Album,Gary Lambert & Eddie Cochran,https://musicbrainz.org/release-group/15ef0161-eac7-4df3-8108-07a3402124fd
rock_hall,,1971,Manhattan Rumble (49th Street Massacre),Electric Light Orchestra,,"Manhattan, New York, New York, United States, North America",Neighborhood/District,Direct,manhattan,40.7831,-73.9712,,,y,Electric Light Orchestra,The Electric Light Orchestra,Album,Electric Light Orchestra,https://musicbrainz.org/release-group/06c9ea56-a66c-37a1-866e-939100e73998
rock_hall,,1973,In Old England Town,The Electric Light Orchestra,,"England, United Kingdom, Europe",Country,Direct,england,51.5074,-0.1278,,,y,Electric Light Orchestra,Showdown,Single,The Electric Light Orchestra,https://musicbrainz.org/release-group/1f278238-2e51-4f11-afbb-44f380a6f324
rock_hall,,1974,Laredo Tornado,Electric Light Orchestra,,"Laredo, Texas, United States, North America",City,Direct,laredo,27.5477,-99.4869,,,y,Electric Light Orchestra,Eldorado: A Symphony by the Electric Light Orchestra,Album,Electric Light Orchestra,https://musicbrainz.org/release-group/8c64bcf7-d73f-37c1-8a04-9b2f80a6d30f
rock_hall,,1977,Birmingham Blues,Electric Light Orchestra,,"Birmingham, England, United Kingdom, Europe",City,Direct,birmingham,52.4814,-1.8998,"place changed from 'Birmingham, Alabama, United States, North America'",,y — ELO's Birmingham is the English one,Electric Light Orchestra,Out of the Blue,Album,Electric Light Orchestra,https://musicbrainz.org/release-group/a720436f-9c8e-439a-a147-18e83441edab
rock_hall,,1983,Letter From Spain,Electric Light Orchestra,,"Spain, Europe",Country,Direct,spain,40.4165,-3.7026,,,y,Electric Light Orchestra,Secret Messages,Album,Electric Light Orchestra,https://musicbrainz.org/release-group/2afe820d-6783-3eef-8527-eefd61e3a134
rock_hall,,2001,Moment in Paradise,Electric Light Orchestra,,"Paradise, Kentucky, United States, North America",City,Direct,paradise,37.268056,-86.983611,UK chart but a little-used US place — check it isn't a British namesake,,"n — paradise as in heaven or bliss, not Paradise, Kentucky",Electric Light Orchestra,Zoom,Album,Electric Light Orchestra,https://musicbrainz.org/release-group/46cd9bf8-6105-39c8-a4a6-c9af27ac13bf
rock_hall,,1958,Spanish Flag Dang,Elizabeth Cotten,,"Spain, Europe",Country,Demonym,spanish,40.4165,-3.7026,,,y,Elizabeth Cotten,Folksongs and Instrumentals With Guitar,Album,Elizabeth Cotten,https://musicbrainz.org/release-group/3d360ea7-e0f5-420e-af07-7400dee2aace
rock_hall,,1967,Fox Chase,Elizabeth Cotten,,"Fox Chase, Pennsylvania",City,Direct,fox chase,,,,,n — Fox Chase is a harmonica tune,Elizabeth Cotten,Vol. 2: Shake Sugaree,Album,Elizabeth Cotten,https://musicbrainz.org/release-group/8048ccb2-ad8c-4430-ba16-ef3b374565f1
rock_hall,,1967,Ontario Blues,Elizabeth Cotten,,"Ontario, Canada, North America",State/Region,Direct,ontario,50.0,-85.0,"new place — pin approximate, check it; place changed from 'Ontario, California, United States, North America'",,"? — Ontario Blues — probably Ontario, Canada, not California",Elizabeth Cotten,Vol. 2: Shake Sugaree,Album,Elizabeth Cotten,https://musicbrainz.org/release-group/8048ccb2-ad8c-4430-ba16-ef3b374565f1
rock_hall,,1967,Washington Blues,Elizabeth Cotten,,"Washington Square, New York, New York, United States, North America",Street/Landmark,Direct,washington,40.7308,-73.9973,,,? — which Washington? (not Washington Square) check,Elizabeth Cotten,Vol. 2: Shake Sugaree,Album,Elizabeth Cotten,https://musicbrainz.org/release-group/8048ccb2-ad8c-4430-ba16-ef3b374565f1
rock_hall,,1953,Hawaiian Boogie,Elmore James and the Broom Dusters,,"Hawaii, United States, North America",State/Region,Demonym,hawaiian,21.094,-157.498,,,y,Elmore James,Early in the Morning / Hawaiian Boogie,Single,Elmore James and the Broom Dusters,https://musicbrainz.org/release-group/0bb05884-4418-48a1-9dc9-7eae5abbb09f
rock_hall,,1969,Skyline Pigeon,Elton John,,"Pigeon, Michigan, United States, North America",City,Direct,pigeon,43.829722,-83.271944,UK chart but a little-used US place — check it isn't a British namesake,,"n — a pigeon, the bird",Elton John,Empty Sky,Album,Elton John,https://musicbrainz.org/release-group/73924e33-3fe3-3dd4-94cf-b97529f6e9af
rock_hall,,1970,From Denver to L.A.,Elton John,,"Denver, Colorado, United States, North America",City,Direct,denver,39.7618,-104.8806,UK chart but a little-used US place — check it isn't a British namesake,,y,Elton John,From Denver to L.A.,Single,Elton John,https://musicbrainz.org/release-group/db71ccf4-90f2-4ff1-9bd5-de384fa721e8
rock_hall,,1973,Jamaica Jerk-Off,Elton John,,"Jamaica, North America",Country,Direct,jamaica,17.997,-76.7936,,,y,Elton John,Goodbye Yellow Brick Road,Album,Elton John,https://musicbrainz.org/release-group/80df0f1b-4ce7-348a-aa1b-0d31ebff111a
rock_hall,,1973,Roy Rogers,Elton John,,"Rogers, Arkansas",City,Direct,rogers,,,,,"n — Roy Rogers, a person",Elton John,Goodbye Yellow Brick Road,Album,Elton John,https://musicbrainz.org/release-group/80df0f1b-4ce7-348a-aa1b-0d31ebff111a
rock_hall,,1973,Texan Love Song,Elton John,,"Texas, United States, North America",State/Region,Demonym,texan,31.054,-97.563,,,y,Elton John,Don’t Shoot Me I’m Only the Piano Player,Album,Elton John,https://musicbrainz.org/release-group/0293c693-a065-395b-b9be-06a7f69b3e57
rock_hall,,1974,Dixie Lily,Elton John,,"American South, United States, North America",Continent/Region,Nickname,dixie,33,-86,,,y,Elton John,Caribou,Album,Elton John,https://musicbrainz.org/release-group/5a9e28b6-1a83-3581-82eb-eeedf5673b7f
rock_hall,,1978,Georgia,Elton John,,"Georgia, United States, North America",State/Region,Direct,georgia,33.04,-83.643,"also in the dataset by Carolyn Dawn Johnson, Ludacris and Field Mob ft. Jamie Foxx",,y,Elton John,A Single Man,Album,Elton John,https://musicbrainz.org/release-group/09064761-d34e-335b-a3da-eb4063042dc6
rock_hall,,1978,Return to Paradise,Elton John,,"Paradise, Kentucky, United States, North America",City,Direct,paradise,37.268056,-86.983611,UK chart but a little-used US place — check it isn't a British namesake,,"n — paradise as in heaven or bliss, not Paradise, Kentucky",Elton John,A Single Man,Album,Elton John,https://musicbrainz.org/release-group/09064761-d34e-335b-a3da-eb4063042dc6
rock_hall,,1981,Just Like Belgium,Elton John,,"Belgium, Europe",Country,Direct,belgium,50.85045,4.34878,,,y,Elton John,The Fox,Album,Elton John,https://musicbrainz.org/release-group/3336dd5d-563d-38b0-af6f-3e1cedd471bb
rock_hall,,1986,Paris,Elton John,,"Paris, France, Europe",City,Direct,paris,48.8534,2.3488,"also in the dataset by Friendly Fires, La Oreja de Van Gogh, Perez Prado, Taylor Swift, The Chainsmokers",,y,Elton John,Leather Jackets,Album,Elton John,https://musicbrainz.org/release-group/78c4c7ef-c5b7-3089-ba1e-452d5d483a74
rock_hall,,1987,Flames of Paradise,Jennifer Rush and Elton John,,"Paradise, Kentucky, United States, North America",City,Direct,paradise,37.268056,-86.983611,UK chart but a little-used US place — check it isn't a British namesake,,"n — paradise as in heaven or bliss, not Paradise, Kentucky",Elton John,Flames Of Paradise,Single,Jennifer Rush with Elton John,https://musicbrainz.org/release-group/e13c3c11-b45b-4189-ad5b-9523c5ecbdc9
rock_hall,,1988,Japanese Hands,Elton John,,"Japan, Asia",Country,Demonym,japanese,35.6895,139.6917,,,y,Elton John,Reg Strikes Back,Album,Elton John,https://musicbrainz.org/release-group/20df37ba-ed63-3fd2-aea9-4a5c67f44d88
rock_hall,,1989,Durban Deep,Elton John,,"Durban, South Africa, Africa",City,Direct,durban,-29.8579,31.0292,"new place — pin from geonamescache, check it",,"? — Durban Deep is a gold mine near Johannesburg, not Durban",Elton John,Sleeping With the Past,Album,Elton John,https://musicbrainz.org/release-group/67be09d7-0701-34fc-812e-ef6c93864285
rock_hall,,1995,Belfast,Elton John,,"Belfast, Northern Ireland, United Kingdom, Europe",City,Direct,belfast,54.59682,-5.92541,"also in the dataset by Barnbrack, Boney M, Energy Orchard, Orbital",,y,Elton John,Made in England,Album,Elton John,https://musicbrainz.org/release-group/ebd01e91-117b-30af-b4a5-df18880d125a
rock_hall,,1996,Marching in Milan (Final),Elton John,,"Milan, Italy, Europe",City,Direct,milan,45.46427,9.18951,,,y,Elton John,Elton For Gianni,Album,Elton John,https://musicbrainz.org/release-group/7e2bec8b-c105-48e2-879a-b17ebff4b95b
rock_hall,,2001,American Triangle,Elton John,,"United States, North America",Country,Demonym,american,38.8951,-77.0364,,,y,Elton John,Songs From the West Coast,Album,Elton John,https://musicbrainz.org/release-group/e5fa9446-4c0e-3eef-afb5-c2c1f67bb0d1
rock_hall,,2001,Mansfield,Elton John,,"Mansfield, England, United Kingdom, Europe",City,Direct,mansfield,53.1333,-1.2,"new place — pin from geonamescache, check it",,? — Elton John's 'Mansfield' — which Mansfield? check,Elton John,Songs From the West Coast,Album,Elton John,https://musicbrainz.org/release-group/e5fa9446-4c0e-3eef-afb5-c2c1f67bb0d1
rock_hall,,2001,Snippets Taken From the New Album Songs From the West Coast: I Want Love,Elton John,,"West Coast, United States, North America",Continent/Region,Direct,west coast,40,-122,,,"n — album snippets, not a song",Elton John,West Coast Songs,EP,Elton John,https://musicbrainz.org/release-group/b9c7d5e2-83ec-3f7b-b7b1-b3ea4efb6297
rock_hall,,2004,Porch Swing in Tupelo,Elton John,,"Tupelo, Mississippi, United States, North America",City,Direct,tupelo,34.2576,-88.7034,UK chart but a little-used US place — check it isn't a British namesake,,y,Elton John,Peachtree Road,Album,Elton John,https://musicbrainz.org/release-group/1bb53c4a-56a5-305a-ab71-0cc1dc535844
rock_hall,,2006,Wouldn't Have You Any Other Way (NYC),Elton John,,"New York, New York, United States, North America",City,Nickname,nyc,40.6643,-73.9385,,,y,Elton John,The Captain & The Kid,Album,Elton John,https://musicbrainz.org/release-group/13cf84d6-f548-38b6-9422-452fa5a1f7c7
rock_hall,,2013,Mexican Vacation (Kids in the Candlelight),Elton John,,"Mexico, North America",Country,Demonym,mexican,19.4285,-99.1277,,,y,Elton John,The Diving Board,Album,Elton John,https://musicbrainz.org/release-group/8de350f3-021e-4f11-bf1b-d37bf205a795
rock_hall,,1978,Living in Paradise,Elvis Costello,,"Paradise, Kentucky, United States, North America",City,Direct,paradise,37.268056,-86.983611,UK chart but a little-used US place — check it isn't a British namesake,,"n — paradise as in heaven or bliss, not Paradise, Kentucky",Elvis Costello,This Year’s Model,Album,Elvis Costello,https://musicbrainz.org/release-group/5e8117f4-a87f-3732-be5f-313c7e5b308d
rock_hall,,1980,Hoover Factory,Elvis Costello and the Attractions,,"Hoover Building, Perivale, London, England, United Kingdom, Europe",Street/Landmark,Direct,hoover,51.5276,-0.3248,"new place — pin approximate, check it; place changed from 'Hoover, Alabama'",,? — the Hoover Factory is the Hoover Building in west London,Elvis Costello,Clubland,Single,Elvis Costello & The Attractions,https://musicbrainz.org/release-group/9d40b7c4-9bfd-48d4-9670-3c8b8bcd8add
rock_hall,,1981,Luxembourg,Elvis Costello and the Attractions,,"Luxembourg, Europe",Country,Direct,luxembourg,49.6116,6.1319,"new place — pin approximate, check it",,y,Elvis Costello,Trust,Album,Elvis Costello & The Attractions,https://musicbrainz.org/release-group/8b9cb468-30a6-39f3-bde9-8670d600ed9a
rock_hall,,1982,Pidgin English,Elvis Costello and the Attractions,,"England, United Kingdom, Europe",Country,Demonym,english,51.5074,-0.1278,,,n — English the language,Elvis Costello,Imperial Bedroom,Album,Elvis Costello & The Attractions,https://musicbrainz.org/release-group/8c7bf795-c1b7-3d84-8034-45fa568e1916
rock_hall,,1986,Crimes of Paris,Elvis Costello and the Attractions,,"Paris, France, Europe",City,Direct,paris,48.8534,2.3488,,,y,Elvis Costello,Blood & Chocolate,Album,Elvis Costello & The Attractions,https://musicbrainz.org/release-group/cbcc8fdf-180f-36b9-8c0a-e653d78fea2e
rock_hall,,1987,American Without Tears,Elvis Costello,,"United States, North America",Country,Demonym,american,38.8951,-77.0364,,,y,Elvis Costello,Blue Chair,Single,Elvis Costello,https://musicbrainz.org/release-group/b935e3f4-6d6d-401a-aa88-aca5ae64e039
rock_hall,,1987,American Without Tears # 2,Elvis Costello,,"United States, North America",Country,Demonym,american,38.8951,-77.0364,,,y,Elvis Costello,Blue Chair,Single,Elvis Costello,https://musicbrainz.org/release-group/b935e3f4-6d6d-401a-aa88-aca5ae64e039
rock_hall,,1991,Woodlands – Oh Joy!,Elvis Costello and Richard Harvey,,"Woodlands, Singapore",City,Direct,woodlands,,,,,"n — not Woodlands, Singapore",Elvis Costello,G.B.H.: Original Music From the Channel Four Series,Album (soundtrack),Elvis Costello & Richard Harvey,https://musicbrainz.org/release-group/01b3df37-f529-3db5-82ae-1a85fb430c86
rock_hall,,1995,Map of Africa,Elvis Costello and Richard Harvey,,Africa,Continent/Region,Direct,africa,1.6508,17.6791,,,y,Elvis Costello,Jake’s Progress,Album (soundtrack),Elvis Costello & Richard Harvey,https://musicbrainz.org/release-group/0c127282-3e47-45ae-9f39-4cbf9fb7228d
rock_hall,,1998,Toledo,Elvis Costello and Burt Bacharach,,"Toledo, Ohio, United States, North America",City,Direct,toledo,41.6528,-83.5378,UK chart but a little-used US place — check it isn't a British namesake,,y,Elvis Costello,Painted From Memory,Album,Elvis Costello with Burt Bacharach,https://musicbrainz.org/release-group/52bfe14f-48a5-331c-9a9b-b5cd81feee43
rock_hall,,2008,American Gangster Time,Elvis Costello & The Imposters,,"United States, North America",Country,Demonym,american,38.8951,-77.0364,,,y,Elvis Costello,Momofuku,Album,Elvis Costello & The Imposters,https://musicbrainz.org/release-group/b8d2ceef-49f9-3067-b872-af2d06dc4b03
rock_hall,,2021,(Yo no quiero ir a) Chelsea ((I Don’t Want to Go to) Chelsea),"Elvis Costello & The Attractions, Raquel Sofia and Fuego",,"Chelsea, New York, New York, United States, North America",Neighborhood/District,Direct,chelsea,40.7465,-74.0014,may be the same song as '(I Don't Wanna Go To) Chelsea' already in the dataset,,"n — Spanish-language remake of '(I Don't Want to Go to) Chelsea', already in the dataset",Elvis Costello,Spanish Model,Album,"Elvis Costello & The Attractions, Raquel Sofia & Fuego",https://musicbrainz.org/release-group/229914a2-8f15-4264-8b9c-2598fdb402b7
rock_hall,,2021,Viviendo en el paraíso (Living in Paradise),Elvis Costello & The Attractions and Jesse and Joy,,"Paradise, Kentucky, United States, North America",City,Direct,paradise,37.268056,-86.983611,UK chart but a little-used US place — check it isn't a British namesake,,"n — paradise as in heaven or bliss, not Paradise, Kentucky",Elvis Costello,Spanish Model,Album,Elvis Costello & The Attractions & Jesse & Joy,https://musicbrainz.org/release-group/229914a2-8f15-4264-8b9c-2598fdb402b7
rock_hall,,1956,Anyplace Is Paradise,Elvis Presley,,"Paradise, Kentucky, United States, North America",City,Direct,paradise,37.268056,-86.983611,,,"n — paradise as in heaven or bliss, not Paradise, Kentucky",Elvis Presley,Elvis,Album,Elvis Presley,https://musicbrainz.org/release-group/79dabce4-71c2-34ce-9d5d-83f9442fb325
rock_hall,,1958,Dixieland Rock,Elvis Presley and The Jordanaires,,"American South, United States, North America",Continent/Region,Nickname,dixieland,33,-86,,,y,Elvis Presley,King Creole Vol. 2,EP,Elvis Presley & The Jordanaires,https://musicbrainz.org/release-group/05027dc0-26dd-4dfd-bf07-d4f753020c10
rock_hall,,1958,New Orleans,Elvis Presley,,"New Orleans, Louisiana, United States, North America",City,Direct,new orleans,30.0686,-89.939,"also in the dataset by Bern Elliott and the Fenmen, Eddie Hodges, Gary U.S. Bonds, Gillan, Harley Quinne, Neil Diamond, The Staple Singers",,y,Elvis Presley,King Creole: The Music,Album (soundtrack),Elvis Presley,https://musicbrainz.org/release-group/51a03f2e-1e98-381a-bf36-a2eba337e1cd
rock_hall,,1960,Frankfort Special,Elvis Presley and The Jordanaires,,"Frankfurt, Germany, Europe",City,Direct,frankfort,50.1109,8.6821,"new place — pin approximate, check it; place changed from 'Frankfort, Kentucky'",,"? — the G.I. Blues train runs to Frankfurt, Germany, not Frankfort, Kentucky",Elvis Presley,G.I. Blues,Album (soundtrack),Elvis Presley with The Jordanaires,https://musicbrainz.org/release-group/979ae544-8bac-3c30-98fa-6356d106c72a
rock_hall,,1961,Aloha Oe,Elvis Presley,,"Aloha, Oregon",City,Direct,aloha,,,,,"n — 'aloha' is a greeting, not Aloha, Oregon",Elvis Presley,Blue Hawaii,Album (soundtrack),Elvis Presley,https://musicbrainz.org/release-group/eb26d6a0-35db-38a7-b3c0-ae2083db5737
rock_hall,,1961,Blue Hawaii,Elvis Presley,,"Hawaii, United States, North America",State/Region,Direct,hawaii,21.094,-157.498,also in the dataset by Billy Vaughn,,y,Elvis Presley,Blue Hawaii,Album (soundtrack),Elvis Presley,https://musicbrainz.org/release-group/eb26d6a0-35db-38a7-b3c0-ae2083db5737
rock_hall,,1961,Hawaiian Sunset,Elvis Presley,,"Hawaii, United States, North America",State/Region,Demonym,hawaiian,21.094,-157.498,,,y,Elvis Presley,Blue Hawaii,Album (soundtrack),Elvis Presley,https://musicbrainz.org/release-group/eb26d6a0-35db-38a7-b3c0-ae2083db5737
rock_hall,,1961,Hawaiian Wedding Song,Elvis Presley,,"Hawaii, United States, North America",State/Region,Demonym,hawaiian,21.094,-157.498,"also in the dataset by Andy Williams, Julie Rogers",,y,Elvis Presley,Blue Hawaii,Album (soundtrack),Elvis Presley,https://musicbrainz.org/release-group/eb26d6a0-35db-38a7-b3c0-ae2083db5737
rock_hall,,1963,Guadalajara,Elvis Presley and The Jordanaires and The Amigos,,"Guadalajara, Mexico, North America",City,Direct,guadalajara,20.6774,-103.3475,"new place — pin from geonamescache, check it",,y,Elvis Presley,Fun in Acapulco,Album (soundtrack),Elvis Presley with The Jordanaires & The Amigos,https://musicbrainz.org/release-group/c022ad5d-c401-3e18-96c2-e2f803cdc763
rock_hall,,1963,Mexico,Elvis Presley,,"Mexico, North America",Country,Direct,mexico,19.4285,-99.1277,"also in the dataset by Bob Moore, James Taylor, Long John Baldry",,y,Elvis Presley,Mexico / You Can’t Say No in Acapulco,Single,Elvis Presley,https://musicbrainz.org/release-group/13fde8a3-4aae-4320-a3bc-c1f235f9b19c
rock_hall,,1964,Little Egypt,Elvis Presley and The Jordanaires,,"Egypt, Africa",Country,Direct,egypt,30.0626,31.2497,,,n — Little Egypt is a dancer's stage name,Elvis Presley,Roustabout,Album (soundtrack),Elvis Presley with The Jordanaires,https://musicbrainz.org/release-group/87cd2a8c-200d-4bec-991c-4138a305f5b2
rock_hall,,1965,Fort Lauderdale Chamber of Commerce,Elvis Presley,,"Fort Lauderdale, Florida, United States, North America",City,Direct,fort lauderdale,26.1223,-80.1434,"new place — pin from geonamescache, check it",,y,Elvis Presley,Girl Happy,Album (soundtrack),Elvis Presley,https://musicbrainz.org/release-group/8967cf86-fc51-4306-aaec-4c46c74e73ba
rock_hall,,1965,"Memphis, Tennessee",Elvis Presley and The Jordanaires,,"Memphis, Tennessee, United States, North America",City,Direct,memphis + tennessee,35.1035,-89.9785,"also in the dataset by Chuck Berry, Dave Berry and the Cruisers",,y,Elvis Presley,Elvis for Everyone!,Album,Elvis Presley with The Jordanaires,https://musicbrainz.org/release-group/6590150a-22bf-3904-8b38-1a978f6b03f0
rock_hall,,1965,"So Close, Yet So Far (From Paradise)",Elvis Presley,,"Paradise, Kentucky, United States, North America",City,Direct,paradise,37.268056,-86.983611,,,"n — paradise as in heaven or bliss, not Paradise, Kentucky",Elvis Presley,Harum Scarum,Album (soundtrack),Elvis Presley,https://musicbrainz.org/release-group/029fc79a-9aa0-4d41-a15f-469b65894d99
rock_hall,,1966,Look Out Broadway,Elvis Presley,,"Broadway, New York, New York, United States, North America",Street/Landmark,Direct,broadway,40.759,-73.9845,,,y,Elvis Presley,Frankie and Johnny,Album (soundtrack),Elvis Presley,https://musicbrainz.org/release-group/8c7e843a-f10a-3962-8c11-d6982db574a8
rock_hall,,1966,"Paradise, Hawaiian Style",Elvis Presley,,"Hawaii, United States, North America",State/Region,Demonym,hawaiian,21.094,-157.498,,,y,Elvis Presley,"Paradise, Hawaiian Style",Album (soundtrack),Elvis Presley,https://musicbrainz.org/release-group/e53c0c40-1219-43ed-87b0-a3c7419dd82f
rock_hall,,1966,"Paradise, Hawaiian Style",Elvis Presley,,"Paradise, Kentucky, United States, North America",City,Direct,paradise,37.268056,-86.983611,,,"n — paradise as in heaven or bliss, not Paradise, Kentucky",Elvis Presley,"Paradise, Hawaiian Style",Album (soundtrack),Elvis Presley,https://musicbrainz.org/release-group/e53c0c40-1219-43ed-87b0-a3c7419dd82f
rock_hall,,1971,Heart of Rome,Elvis Presley,,"Rome, Italy, Europe",City,Direct,rome,41.8919,12.5113,,,y,Elvis Presley,Love Letters From Elvis,Album,Elvis Presley,https://musicbrainz.org/release-group/db779002-25dc-45f5-b39a-339879b30007
rock_hall,,1974,Spanish Eyes,Elvis Presley,,"Spain, Europe",Country,Demonym,spanish,40.4165,-3.7026,"also in the dataset by Al Martino, Fifth Avenue",,y,Elvis Presley,Good Times,Album,Elvis Presley,https://musicbrainz.org/release-group/d7695480-d8e5-3cbb-beed-7de7021f2d0b
rock_hall,,1977,America,Elvis Presley,,"United States, North America",Country,Direct,america,38.8951,-77.0364,"also in the dataset by David Essex, Full Intention, Gary Numan, Killing Joke, King Kurt, Leonard Bernstein, Neil Diamond, Prince And The Revolution, Razorlight, Simon & Garfunkel, The Five Stairsteps, The Nice, Yes; may be the same song as 'America the Beautiful', 'An American Trilogy' already in the dataset",,"n — Elvis's 'America' is 'America the Beautiful', already in the dataset",Elvis Presley,My Way / America,Single,Elvis Presley,https://musicbrainz.org/release-group/01da67da-41bb-4296-a639-2c48b33b2369
rock_hall,,2003,The Eyes of Texas,Elvis Presley,,"Texas, United States, North America",State/Region,Direct,texas,31.054,-97.563,,,y,Elvis Presley,Viva Las Vegas,Album (soundtrack),Elvis Presley,https://musicbrainz.org/release-group/09e28543-c053-43e1-b336-405d647dd399
rock_hall,,2003,Yellow Rose of Texas,Elvis Presley,,"Texas, United States, North America",State/Region,Direct,texas,31.054,-97.563,"also in the dataset by Gary Miller, Johnny Desmond, Mitch Miller, Ronnie Hilton",,y,Elvis Presley,Viva Las Vegas,Album (soundtrack),Elvis Presley,https://musicbrainz.org/release-group/09e28543-c053-43e1-b336-405d647dd399
rock_hall,,2026,Never Been to Spain,Elvis Presley,,"Spain, Europe",Country,Direct,spain,40.4165,-3.7026,also in the dataset by Three Dog Night,,"n — a 1970s concert recording (live), released on a film soundtrack",Elvis Presley,Baz Luhrmann’s Epic: Elvis Presley in Concert - Original Motion Picture Soundtrack,Album (soundtrack),Elvis Presley,https://musicbrainz.org/release-group/ffbda485-72b8-4719-a708-e675034337ba
rock_hall,,2002,Paul Rosenberg (skit),Eminem,,"Rosenberg, Texas",City,Direct,rosenberg,,,,,"n — Paul Rosenberg, a person (skit)",Eminem,The Eminem Show,Album,Eminem,https://musicbrainz.org/release-group/e9585ed4-d148-3711-bbee-55a97b58325a
rock_hall,,2002,Say Goodbye Hollywood,Eminem,,"Hollywood, California, United States, North America",Neighborhood/District,Direct,hollywood,34.0928,-118.3287,,,y,Eminem,The Eminem Show,Album,Eminem,https://musicbrainz.org/release-group/e9585ed4-d148-3711-bbee-55a97b58325a
rock_hall,,2009,Bagpipes from Baghdad,Eminem,,"Baghdad, Iraq, Asia",City,Direct,baghdad,33.34058,44.40088,,,y,Eminem,Relapse,Album,Eminem,https://musicbrainz.org/release-group/ea1d0073-b586-3545-8607-f2632d53b0c0
rock_hall,,2009,Say Goodbye to Hollywood,Eminem,,"Hollywood, California, United States, North America",Neighborhood/District,Direct,hollywood,34.0928,-118.3287,also in the dataset by Billy Joel,,n — same song as Eminem's 'Say Goodbye Hollywood',Eminem,DJ Hero: Renegade Edition,Album (soundtrack),Eminem,https://musicbrainz.org/release-group/cfd0f1c1-fc85-4cf1-8b7a-8a4e77951f8a
rock_hall,,2014,Detroit vs. Everybody,"Eminem, Royce da 5′9″, Big Sean, Danny Brown, DeJ Loaf and Trick-Trick",,"Detroit, Michigan, United States, North America",City,Direct,detroit,42.383,-83.1022,,,y,Eminem,Detroit vs. Everybody,Single,"Eminem, Royce da 5′9″, Big Sean, Danny Brown, DeJ Loaf & Trick‐Trick",https://musicbrainz.org/release-group/e6eeeb26-40ac-422b-a000-e4b9fc6581dd
rock_hall,,1974,Mainline Florida,Eric Clapton,,"Florida, United States, North America",State/Region,Direct,florida,27.766,-81.686,,,y,Eric Clapton,461 Ocean Boulevard,Album,Eric Clapton,https://musicbrainz.org/release-group/ced848a4-b94b-3f34-b08b-6dc8bf8aed8f
rock_hall,,1977,Mean Old Frisco,Eric Clapton,,"San Francisco, California, United States, North America",City,Nickname,frisco,37.78,-122.4193,,,y,Eric Clapton,Slowhand,Album,Eric Clapton,https://musicbrainz.org/release-group/02c2b0c7-065d-38b4-8ac0-3391839f2418
rock_hall,,1988,Dixie,Eric Clapton and Nathan East,,"American South, United States, North America",Continent/Region,Nickname,dixie,33,-86,,,y,Eric Clapton,Homeboy,Album (soundtrack),Eric Clapton / Nathan East,https://musicbrainz.org/release-group/f38fb0b7-5838-32a7-a6cb-a7df7a46144e
rock_hall,,1999,Love in Venice,Eric Clapton,,"Venice, Italy, Europe",City,Direct,venice,45.4408,12.3155,"place changed from 'Venice, Los Angeles, California, United States, North America'; UK chart but a little-used US place — check it isn't a British namesake",,"? — probably Venice, Italy — check",Eric Clapton,The Story of Us,Album (soundtrack),Eric Clapton,https://musicbrainz.org/release-group/08ebba0f-857a-3d16-a8bd-bb7f2d5bbe05
rock_hall,,2004,Sweet Home Chicago,Eric Clapton,,"Chicago, Illinois, United States, North America",City,Direct,chicago,41.8376,-87.6818,also in the dataset by Robert Johnson,,y,Eric Clapton,Sessions for Robert J,Album,Eric Clapton,https://musicbrainz.org/release-group/71a7cb08-ff1f-3ede-8482-882e59794b45
rock_hall,,2006,Heads in Georgia,J.J. Cale and Eric Clapton,,"Georgia, United States, North America",State/Region,Direct,georgia,33.04,-83.643,,,y,Eric Clapton,The Road to Escondido,Album,J.J. Cale & Eric Clapton,https://musicbrainz.org/release-group/39b5c3b3-edbf-38f7-b0b4-5f702762fdf7
rock_hall,,2014,Cajun Moon,Eric Clapton and Friends,,"Louisiana, United States, North America",State/Region,Demonym,cajun,31.169,-91.867,,,y,Eric Clapton,The Breeze: An Appreciation of JJ Cale,Album,Eric Clapton & Friends,https://musicbrainz.org/release-group/391a0cb8-62f3-4c20-bd67-a289f52a4f04
rock_hall,,2016,Alabama Woman Blues,Eric Clapton,,"Alabama, United States, North America",State/Region,Direct,alabama,32.806,-86.791,,,y,Eric Clapton,I Still Do,Album,Eric Clapton,https://musicbrainz.org/release-group/23705746-4580-4612-a74f-e351f4669f32
rock_hall,,2023,Moon River,Eric Clapton and Jeff Beck,,"Moon River, Georgia, United States",Water/Natural Feature,Direct,moon river,,,,,n — Moon River — excluded by earlier decision (fictional),Eric Clapton; Jeff Beck,Moon River,Single,Eric Clapton / Jeff Beck,https://musicbrainz.org/release-group/c82f2b5c-52a7-424d-bc42-5c941ec3c134
rock_hall,,1974,St. Louis Blues,Etta James,,"St. Louis, Missouri, United States, North America",City,Direct,st louis,38.6357,-90.2446,also in the dataset by Bessie Smith and Louis Armstrong,,y,Etta James,Come a Little Closer,Album,Etta James,https://musicbrainz.org/release-group/8f2a458d-9f68-3dd8-a79a-9a9555fc09db
rock_hall,,2000,Born on the Bayou,Etta James,,"Louisiana Bayou, Louisiana, United States, North America",Continent/Region,Direct,the bayou,29.9,-91.3,also in the dataset by Creedence Clearwater Revival,,y,Etta James,Matriarch of the Blues,Album,Etta James,https://musicbrainz.org/release-group/a9feb96b-156f-3f6e-a785-d3ae5c11fc34
rock_hall,,2003,Wayward Saints of Memphis,Etta James,,"Memphis, Tennessee, United States, North America",City,Direct,memphis,35.1035,-89.9785,,,y,Etta James,Let's Roll,Album,Etta James,https://musicbrainz.org/release-group/7c6a1591-7bc1-3ffc-9813-91356723b0da
rock_hall,,1981,English Summer,Eurythmics,,"England, United Kingdom, Europe",Country,Demonym,english,51.5074,-0.1278,,,y,Eurythmics,In the Garden,Album,Eurythmics,https://musicbrainz.org/release-group/91604bc5-4b88-316d-bdd7-03ac0cc4e453
rock_hall,,1987,I’ve Got a Lover (Back in Japan),Eurythmics,,"Japan, Asia",Country,Direct,japan,35.6895,139.6917,,,y,Eurythmics,Shame,Single,Eurythmics,https://musicbrainz.org/release-group/a99b77f4-0fcb-409d-aa6d-859bb5736eb9
rock_hall,,1971,Jerusalem,Faces,,"Jerusalem, Israel, Asia",City,Direct,jerusalem,31.769,35.2163,"also in the dataset by Belouis Some, Charlie Skarbek and Andy Davies, Fat Les 2000, Herb Alpert's Tijuana Brass, Keedie and England Cricket Team",,y,Faces,Long Player,Album,Faces,https://musicbrainz.org/release-group/70f622ca-d74b-3085-8c77-cf448a40b6c6
rock_hall,,1971,Memphis,Faces,,"Memphis, Tennessee, United States, North America",City,Direct,memphis,35.1035,-89.9785,"also in the dataset by Donnie Brooks, Joe Jackson, Johnny Rivers, Lonnie Mack",,y,Faces,A Nod Is as Good as a Wink… to a Blind Horse,Album,Faces,https://musicbrainz.org/release-group/a2b03b50-18a9-3128-878f-24847392155a
rock_hall,,1971,Richmond,Faces,,"Richmond, London, England, United Kingdom, Europe",Neighborhood/District,Direct,richmond,51.4613,-0.3037,"new place — pin approximate, check it; place changed from 'Richmond, Virginia, United States, North America'; UK chart but a little-used US place — check it isn't a British namesake",,"? — Ronnie Lane's Richmond is probably Richmond, London",Faces,Long Player,Album,Faces,https://musicbrainz.org/release-group/70f622ca-d74b-3085-8c77-cf448a40b6c6
rock_hall,,1950,Detroit City Blues,Fats Domino,,"Detroit, Michigan, United States, North America",City,Direct,detroit,42.383,-83.1022,,,y,Fats Domino,Detroit City Blues / The Fat Man,Single,Fats Domino,https://musicbrainz.org/release-group/9d24e00a-58e4-4de8-a277-4dce6f0865dc
rock_hall,,1950,Korea Blues,Fats Domino,,"Korea, Asia",Country,Direct,korea,37.566,126.9784,,,y,Fats Domino,Every Night About This Time / Korea Blues,Single,Fats Domino,https://musicbrainz.org/release-group/4fff4396-d687-4ac8-a3f2-bee4ccd75078
rock_hall,,1953,Mardi Gras in New Orleans,Fats Domino,,"New Orleans, Louisiana, United States, North America",City,Direct,new orleans,30.0686,-89.939,also in the dataset by Professor Longhair,,y,Fats Domino,Mardi Gras in New Orleans / Going to the River,Single,Fats Domino,https://musicbrainz.org/release-group/16c30db7-fd99-41ee-b9d5-bbba939b3902
rock_hall,,1956,Swanee River Hop,Fats Domino,,"Suwannee River, Georgia/Florida, United States, North America",Water/Natural Feature,Direct,swanee river,30.38,-83.16,,,y,Fats Domino,Fats Domino Rock and Rollin’,Album,Fats Domino,https://musicbrainz.org/release-group/34cae69b-a58d-3328-8490-0065e670fef2
rock_hall,,1961,Along the Navajo Trail,Fats Domino,,"Navajo Nation, United States, North America",Continent/Region,Demonym,navajo,36.1,-109.6,"also in the dataset by Bing Crosby, Dinah Shore",,y,Fats Domino,Let the Four Winds Blow,Album,Fats Domino,https://musicbrainz.org/release-group/14c27903-19d0-34be-9219-23e41bd2e247
rock_hall,,1964,Kansas City,Fats Domino,,"Kansas City, Missouri, United States, North America",City,Direct,kansas city,39.1252,-94.5511,"also in the dataset by Hank Ballard And The Midnighters, James Brown And The Famous Flames, Little Richard, Rocky Olson, The New Basement Tapes, Trini Lopez, Wilbert Harrison",,y,Fats Domino,Heartbreak Hill / Kansas City,Single,Fats Domino,https://musicbrainz.org/release-group/ad6a8d3a-5b76-48cc-bf63-c87fd44b390d
rock_hall,,1965,I Left My Heart in San Francisco,Fats Domino,,"San Francisco, California, United States, North America",City,Direct,san francisco,37.78,-122.4193,also in the dataset by Tony Bennett,,y,Fats Domino,I Left My Heart in San Francisco / I Done Got Over It,Single,Fats Domino,https://musicbrainz.org/release-group/a055ce60-e811-435e-bf1a-59a4c87f72ec
rock_hall,,1965,Slow Boat to China,Fats Domino,,"China, Asia",Country,Direct,china,39.9075,116.3972,,,y,Fats Domino,Getaway With Fats Domino,Album,Fats Domino,https://musicbrainz.org/release-group/340bbae3-6d4a-4898-91b2-6e99004fa24a
rock_hall,,1979,"""I Just Can’t Get"" (New Orleans Off My Mind)",Fats Domino,,"New Orleans, Louisiana, United States, North America",City,Direct,new orleans,30.0686,-89.939,,,y,Fats Domino,Sleeping on the Job,Album,Fats Domino,https://musicbrainz.org/release-group/d5eee898-def6-38f9-b447-f0dba333176b
rock_hall,,2006,Home USA,Fats Domino,,"United States, North America",Country,Direct,usa,38.8951,-77.0364,,,y,Fats Domino,Alive and Kickin’,Album,Fats Domino,https://musicbrainz.org/release-group/f55197ff-a116-3a7e-88e9-193c9a8b783b
rock_hall,,2014,Viva Nigeria,Fela Kuti,,"Nigeria, Africa",Country,Direct,nigeria,9.0765,7.3986,"new place — pin approximate, check it; earliest MusicBrainz release is 2014, after Fela Kuti died (1997) — probably a reissue; use the original release year",,y,Fela Kuti,Finding Fela,Album (soundtrack),Fela Kuti,https://musicbrainz.org/release-group/cace5f82-2485-4b12-8d76-faf00c96f450
rock_hall,,1974,Bermuda Triangle,Fleetwood Mac,,"Bermuda, North America",Country,Direct,bermuda,32.2949,-64.783,also in the dataset by Barry Manilow,,y,Fleetwood Mac,Heroes Are Hard to Find,Album,Fleetwood Mac,https://musicbrainz.org/release-group/a0d6e4c6-f7cd-3245-ac2d-aba871b9d353
rock_hall,,1982,Empire State,Fleetwood Mac,,"New York, New York, United States, North America",City,Nickname,empire state,40.6643,-73.9385,,,y,Fleetwood Mac,Mirage,Album,Fleetwood Mac,https://musicbrainz.org/release-group/a0e25b7f-30d4-3e87-b469-df315573bb16
rock_hall,,1995,Hollywood (Some Other Kind of Town),Fleetwood Mac,,"Hollywood, California, United States, North America",Neighborhood/District,Direct,hollywood,34.0928,-118.3287,"also in the dataset by Boz Scaggs, Connie Francis, Madonna, Marina & the Diamonds, Michael Buble, Rufus ft. Chaka Khan, Shooting Star, Thin Lizzy",,y,Fleetwood Mac,Time,Album,Fleetwood Mac,https://musicbrainz.org/release-group/1941ab98-f1d0-3a61-b788-e49c5e42a69d
rock_hall,,,Shenandoah,Floyd Cramer,,"Shenandoah River, Virginia, United States, North America",Water/Natural Feature,Direct,shenandoah,38.9,-78.2,"new place — pin approximate, check it; place changed from 'Shenandoah, Louisiana'; no release date on MusicBrainz — fill in year",,"? — the Shenandoah River/Valley, Virginia, not Shenandoah, Louisiana",Floyd Cramer,The Magic Touch,Album,Floyd Cramer,https://musicbrainz.org/release-group/d95ab05a-9f46-36f6-93d3-07a34baffc7a
rock_hall,,1957,Dixie,Floyd Cramer,,"American South, United States, North America",Continent/Region,Nickname,dixie,33,-86,,,y,Floyd Cramer,That Honky Tonk Piano,Album,Floyd Cramer,https://musicbrainz.org/release-group/3ad0fa4b-7e55-4fc1-9c62-563b04d9f410
rock_hall,,1957,Tennessee Central (Number 9),Floyd Cramer,,"Tennessee, United States, North America",State/Region,Direct,tennessee,35.747,-86.692,,,y,Floyd Cramer,That Honky Tonk Piano,Album,Floyd Cramer,https://musicbrainz.org/release-group/3ad0fa4b-7e55-4fc1-9c62-563b04d9f410
rock_hall,,1957,Tennessee Waltz,Floyd Cramer,,"Tennessee, United States, North America",State/Region,Direct,tennessee,35.747,-86.692,"also in the dataset by Anita O'Day, Bobby Comstock, Guy Lombardo, Jerry Fuller, Jo Stafford, Les Paul, Patti Page, Sam Cooke, Spike Jones, The Fontane Sisters",,y,Floyd Cramer,That Honky Tonk Piano,Album,Floyd Cramer,https://musicbrainz.org/release-group/3ad0fa4b-7e55-4fc1-9c62-563b04d9f410
rock_hall,,1957,Waltz With Cramer: Shenandoah Waltz,Floyd Cramer,,"Shenandoah River, Virginia, United States, North America",Water/Natural Feature,Direct,shenandoah,38.9,-78.2,"new place — pin approximate, check it; place changed from 'Shenandoah, Louisiana'",,"? — the Shenandoah River/Valley, Virginia, not Shenandoah, Louisiana",Floyd Cramer,That Honky Tonk Piano,Album,Floyd Cramer,https://musicbrainz.org/release-group/3ad0fa4b-7e55-4fc1-9c62-563b04d9f410
rock_hall,,1962,Bloemfontein se Rose,Floyd Cramer,,"Bloemfontein, South Africa, Africa",City,Direct,bloemfontein,-29.1211,26.214,"new place — pin from geonamescache, check it",,y,Floyd Cramer,"Jim Reeves, Floyd Cramer, Chet Atkins in Suid-Afrika",Album,Floyd Cramer,https://musicbrainz.org/release-group/2e4f9ebb-d308-4fe5-ab82-f7967f855b03
rock_hall,,1964,Moon River,Floyd Cramer,,"Moon River, Georgia, United States",Water/Natural Feature,Direct,moon river,,,,,n — Moon River — excluded by earlier decision (fictional),Floyd Cramer,Cramer at the Console,Album,Floyd Cramer,https://musicbrainz.org/release-group/729bb883-4df5-4434-a083-f4583b2b5e7f
rock_hall,,1968,By the Time I Get to Phoenix,Floyd Cramer,,"Phoenix, Arizona, United States, North America",City,Direct,phoenix,33.5722,-112.088,"also in the dataset by Glen Campbell and Anne Murray, Isaac Hayes, The Mad Lads",,y,Floyd Cramer,Floyd Cramer Plays Country Classics,Album,Floyd Cramer,https://musicbrainz.org/release-group/61e255f8-98df-4ff7-ac5e-a6b17d2bb601
rock_hall,,1968,Do You Know the Way to San Jose?,Floyd Cramer,,"San Jose, California, United States, North America",City,Direct,san jose,37.2969,-121.8193,also in the dataset by Dionne Warwick,,y,Floyd Cramer,Floyd Cramer Plays MacArthur Park,Album,Floyd Cramer,https://musicbrainz.org/release-group/23126f30-7cc4-4b6d-9bc6-81462fdb4d44
rock_hall,,1968,MacArthur Park,Floyd Cramer,,"MacArthur Park, Los Angeles, California, United States, North America",Street/Landmark,Direct,macarthur park,34.0592,-118.2786,"also in the dataset by Donna Summer, Four Tops, Richard Harris, Waylon Jennings and The Kimberlys",,y,Floyd Cramer,Floyd Cramer Plays MacArthur Park,Album,Floyd Cramer,https://musicbrainz.org/release-group/23126f30-7cc4-4b6d-9bc6-81462fdb4d44
rock_hall,,1969,Seattle,Floyd Cramer,,"Seattle, Washington, United States, North America",City,Direct,seattle,47.6205,-122.3509,"also in the dataset by Perry Como, Public Image Limited",,y,Floyd Cramer,Class of '69,Album,Floyd Cramer,https://musicbrainz.org/release-group/2a9ed5db-2566-442d-9d94-2378025fe91c
rock_hall,,1971,Canadian Sunset,Floyd Cramer,,"Canada, North America",Country,Demonym,canadian,45.4112,-75.6981,"also in the dataset by Andy Williams, Eddie Heywood and Hugo Winterhalter, Etta Jones, Sounds Orchestral",,y,Floyd Cramer,This Is Floyd Cramer,Album,Floyd Cramer,https://musicbrainz.org/release-group/de8807f0-90ae-4abe-bfa3-7bc2b82d3be2
rock_hall,,1973,Battle of New Orleans,Floyd Cramer,,"New Orleans, Louisiana, United States, North America",City,Direct,new orleans,30.0686,-89.939,"also in the dataset by Harpers Bizarre, Johnny Horton, Lonnie Donegan, The Nitty Gritty Dirt Band, Vaughn Monroe",,y,Floyd Cramer,Super Country Hits,Album,Floyd Cramer,https://musicbrainz.org/release-group/45c823a2-45c3-4913-8e6b-af9700ad7aa3
rock_hall,,1973,Detroit City,Floyd Cramer,,"Detroit, Michigan, United States, North America",City,Direct,detroit,42.383,-83.1022,"also in the dataset by Bobby Bare, Tom Jones",,y,Floyd Cramer,Super Country Hits,Album,Floyd Cramer,https://musicbrainz.org/release-group/45c823a2-45c3-4913-8e6b-af9700ad7aa3
rock_hall,,1973,Oklahoma Hills,Floyd Cramer,,"Oklahoma, United States, North America",State/Region,Direct,oklahoma,35.565,-96.928,also in the dataset by Jack Guthrie and His Oklahomans,,y,Floyd Cramer,Super Country Hits,Album,Floyd Cramer,https://musicbrainz.org/release-group/45c823a2-45c3-4913-8e6b-af9700ad7aa3
rock_hall,,1980,Dallas,Floyd Cramer,,"Dallas, Texas, United States, North America",City,Direct,dallas,32.7942,-96.7655,also in the dataset by Jimmie Dale and The Flatlanders,,y,Floyd Cramer,Dallas,Album,Floyd Cramer,https://musicbrainz.org/release-group/8895dda8-7562-46d3-8de2-569a2c71bfd7
rock_hall,,1988,Georgia on My Mind,Floyd Cramer,,"Georgia, United States, North America",State/Region,Direct,georgia,33.04,-83.643,"also in the dataset by Hoagy Carmichael, Michael Bolton, Ray Charles, The Righteous Brothers, Wes Montgomery, Willie Nelson",,y,Floyd Cramer,Just Me and My Piano,Album,Floyd Cramer,https://musicbrainz.org/release-group/e2a0f0f4-35c2-4678-beb0-efb4399c9a56
rock_hall,,1994,Blue Bayou,Floyd Cramer,,"Louisiana Bayou, Louisiana, United States, North America",Water/Natural Feature,Direct,blue bayou,29.9,-91.3,,,y,Floyd Cramer,The Magical Piano of Floyd Cramer: Melodies of Love,Album,Floyd Cramer,https://musicbrainz.org/release-group/1282a02f-f2c2-48bf-8ee7-307873c3c274
rock_hall,,1996,Spanish Eyes,Floyd Cramer,,"Spain, Europe",Country,Demonym,spanish,40.4165,-3.7026,"also in the dataset by Al Martino, Fifth Avenue",,y,Floyd Cramer,The Piano Magic of Floyd Cramer,Album,Floyd Cramer,https://musicbrainz.org/release-group/a02c62c4-52f6-3945-a3c8-8514695e247a
rock_hall,,2015,Bringin' In The Georgia Mail,Floyd Cramer,,"Georgia, United States, North America",State/Region,Direct,georgia,33.04,-83.643,,,y,Floyd Cramer,Hits From the Country Hall of Fame,Album,Floyd Cramer,https://musicbrainz.org/release-group/459a1453-2581-43b9-8a4b-1df2a61ce289
rock_hall,,2015,"Jimmie Rodgers Medley: Blue Yodel (""T"" For Texas)",Floyd Cramer,,"Texas, United States, North America",State/Region,Direct,texas,31.054,-97.563,,,n — a medley,Floyd Cramer,Hits From the Country Hall of Fame,Album,Floyd Cramer,https://musicbrainz.org/release-group/459a1453-2581-43b9-8a4b-1df2a61ce289
rock_hall,,2015,Texarkana Baby,Floyd Cramer,,"Texarkana, Texas, United States, North America",City,Direct,texarkana,33.437222,-94.0675,"also in the dataset by Eddy Arnold, Rusty Draper",,y,Floyd Cramer,Hits From the Country Hall of Fame,Album,Floyd Cramer,https://musicbrainz.org/release-group/459a1453-2581-43b9-8a4b-1df2a61ce289
rock_hall,,2015,Waiting For A Train,Floyd Cramer,,"A Train, New York, New York, United States, North America",Street/Landmark,Direct,a train,40.82404,-73.944769,,,"n — 'a train', not the A train subway line",Floyd Cramer,Hits From the Country Hall of Fame,Album,Floyd Cramer,https://musicbrainz.org/release-group/459a1453-2581-43b9-8a4b-1df2a61ce289
rock_hall,,2017,Last Train to Clarksville,Floyd Cramer,,"Clarksville, Tennessee, United States",City,Direct,clarksville,,,,,n — Clarksville — excluded by earlier decision (many Clarksvilles),Floyd Cramer,Floyd Cramer Plays the Monkees,Album,Floyd Cramer,https://musicbrainz.org/release-group/3ad1dd29-08e7-4811-8614-60f5a1dbbe6d
rock_hall,,2002,Sister Europe,Foo Fighters,,Europe,Continent/Region,Direct,europe,54.526,15.2551,also in the dataset by The Psychedelic Furs,,y,Foo Fighters,All My Life,Single,Foo Fighters,https://musicbrainz.org/release-group/51adc1e7-b462-3c63-bf5a-f88c89c2fa7f
rock_hall,,2005,Virginia Moon,Foo Fighters,,"Virginia, United States, North America",State/Region,Direct,virginia,37.769,-78.17,,,y,Foo Fighters,In Your Honor,Album,Foo Fighters,https://musicbrainz.org/release-group/304479f9-ea77-3299-8745-3985f05cfa13
rock_hall,,2015,Kids in America,Foo Fighters,,"United States, North America",Country,Direct,america,38.8951,-77.0364,also in the dataset by Kim Wilde,,y,Foo Fighters,Songs From the Laundry Room,EP,Foo Fighters,https://musicbrainz.org/release-group/8fd2fb57-8aba-445a-846a-ed392ee65f38
rock_hall,,1971,Centerville,Frank Zappa,,"Centerville, Ohio",City,Direct,centerville,,,,,n — a made-up small town,Frank Zappa,200 Motels,Album (soundtrack),Frank Zappa,https://musicbrainz.org/release-group/d4aa1daa-3398-36c1-9e2f-675faf9c01b0
rock_hall,,1981,Canarsie,Frank Zappa,,"Canarsie, Brooklyn, New York, New York, United States, North America",Neighborhood/District,Direct,canarsie,40.6402,-73.906,"new place — pin approximate, check it; place changed from 'Canarsie, New York'",,y — place corrected,Frank Zappa,Shut Up ’n Play Yer Guitar Some More,Album,Frank Zappa,https://musicbrainz.org/release-group/85654ae9-b4ed-4090-84a8-e79fdd0eb3af
rock_hall,,1981,Variations on the Carlos Santana Secret Chord Progression,Frank Zappa,,"Santana, Brazil",City,Direct,santana,,,,,"n — Santana the band/person, not Santana, Brazil",Frank Zappa,Shut Up ’n Play Yer Guitar Some More,Album,Frank Zappa,https://musicbrainz.org/release-group/85654ae9-b4ed-4090-84a8-e79fdd0eb3af
rock_hall,,1984,Dupree’s Paradise,Frank Zappa,,"Paradise, Kentucky, United States, North America",City,Direct,paradise,37.268056,-86.983611,,,"n — paradise as in heaven or bliss, not Paradise, Kentucky",Frank Zappa,Boulez Conducts Zappa: The Perfect Stranger,Album,Frank Zappa,https://musicbrainz.org/release-group/4d19659e-77cf-3071-a4da-7d9cffba5542
rock_hall,,1984,In France,Frank Zappa,,"France, Europe",Country,Direct,france,48.8534,2.3488,,,y,Frank Zappa,Them or Us,Album,Frank Zappa,https://musicbrainz.org/release-group/4c8269c2-2772-311c-bda5-533d5117f8b3
rock_hall,,1985,What’s New in Baltimore?,Frank Zappa,,"Baltimore, Maryland, United States, North America",City,Direct,baltimore,39.3002,-76.6105,,,y,Frank Zappa,Frank Zappa Meets the Mothers of Prevention,Album,Frank Zappa,https://musicbrainz.org/release-group/3d973c76-40ed-3bc7-a035-cd2d9cbfb614
rock_hall,,1994,Reagan At Bitburg,Frank Zappa,,"Bitburg, Germany, Europe",City,Direct,bitburg,49.96794,6.52734,,,y,Frank Zappa,Civilization Phaze III,Album,Frank Zappa,https://musicbrainz.org/release-group/635f42a9-cea7-34c0-b625-6fd0db27141c
rock_hall,,1994,Venice Submerged,Frank Zappa,,"Venice, Italy, Europe",City,Direct,venice,45.4408,12.3155,"place changed from 'Venice, Los Angeles, California, United States, North America'",,"? — probably Venice, Italy — check",Frank Zappa,Civilization Phaze III,Album,Frank Zappa,https://musicbrainz.org/release-group/635f42a9-cea7-34c0-b625-6fd0db27141c
rock_hall,,1996,The Legend of the Illinois Enema Bandit,Frank Zappa,,"Illinois, United States, North America",State/Region,Direct,illinois,40.349457,-88.986137,,,y,Frank Zappa,Läther,Album,Frank Zappa,https://musicbrainz.org/release-group/4ef59d1b-3331-3e80-9728-7fef9c11f631
rock_hall,,2010,Perhaps in Maryland,Frank Zappa,,"Maryland, United States, North America",State/Region,Direct,maryland,39.0,-76.7,"new place — pin approximate, check it",,y,Frank Zappa,“Congress Shall Make No Law…”,Album,Frank Zappa,https://musicbrainz.org/release-group/af9c8cc4-68d0-4258-b2c4-435a959ee63d
rock_hall,,2010,Reagan at Bitburg Some More,Frank Zappa,,"Bitburg, Germany, Europe",City,Direct,bitburg,49.96794,6.52734,,,y,Frank Zappa,“Congress Shall Make No Law…”,Album,Frank Zappa,https://musicbrainz.org/release-group/af9c8cc4-68d0-4258-b2c4-435a959ee63d
rock_hall,,2014,The Illinois Enema Bandit,Frank Zappa,,"Illinois, United States, North America",State/Region,Direct,illinois,40.349457,-88.986137,,,n — same song as 'The Legend of the Illinois Enema Bandit',Frank Zappa,Joe’s Camouflage,Album,Frank Zappa,https://musicbrainz.org/release-group/33a17e2b-99f9-494a-960a-05039b6a6d86
rock_hall,,2020,Memories of El Monte,Frank Zappa,,"El Monte, California, United States, North America",City,Direct,el monte,34.0686,-118.0276,"new place — pin from geonamescache, check it",,? — documentary soundtrack of archival recordings — check it's a studio track,Frank Zappa,Zappa Original Motion Picture Soundtrack,Album (soundtrack),Frank Zappa,https://musicbrainz.org/release-group/469addb9-f642-4ac4-bd3e-7e2869f1e5f3
rock_hall,,2020,Toronto (excerpt),Frank Zappa,,"Toronto, Ontario, Canada, North America",City,Direct,toronto,43.70643,-79.39864,,,? — documentary soundtrack of archival recordings — check it's a studio track,Frank Zappa,Zappa Original Motion Picture Soundtrack,Album (soundtrack),Frank Zappa,https://musicbrainz.org/release-group/469addb9-f642-4ac4-bd3e-7e2869f1e5f3
rock_hall,,1964,On Broadway Tonight,The 4 Seasons,,"Broadway, New York, New York, United States, North America",Street/Landmark,Direct,broadway,40.759,-73.9845,,,y,Frankie Valli,Rag Doll,Album,The 4 Seasons,https://musicbrainz.org/release-group/851ee2be-b73e-3bda-a982-69bb84f03720
rock_hall,,1968,By the Time I Get to Phoenix,Frankie Valli,,"Phoenix, Arizona, United States, North America",City,Direct,phoenix,33.5722,-112.088,"also in the dataset by Glen Campbell and Anne Murray, Isaac Hayes, The Mad Lads",,y,Frankie Valli,Timeless,Album,Frankie Valli,https://musicbrainz.org/release-group/accf571f-1ac5-4229-bcdd-fed025c7a5f8
rock_hall,,1969,American Crucifixion Resurrection,The 4 Seasons,,"United States, North America",Country,Demonym,american,38.8951,-77.0364,,,y,Frankie Valli,The Genuine Imitation Life Gazette,Album,The 4 Seasons,https://musicbrainz.org/release-group/5b380a4c-11c9-363e-953f-45ab596acc0b
rock_hall,,1969,Wall Street Village Day,The 4 Seasons,,"Wall Street, New York, New York, United States, North America",Street/Landmark,Direct,wall street,40.7069,-74.0113,,,y,Frankie Valli,The Genuine Imitation Life Gazette,Album,The 4 Seasons,https://musicbrainz.org/release-group/5b380a4c-11c9-363e-953f-45ab596acc0b
rock_hall,,1977,Native New Yorker,Frankie Valli,,"New York, New York, United States, North America",City,Demonym,new yorker,40.6643,-73.9385,"also in the dataset by Blackbox, Odyssey",,y,Frankie Valli,Lady Put the Light Out,Album,Frankie Valli,https://musicbrainz.org/release-group/fae1c022-1031-4446-992f-023e6be8b2e7
rock_hall,,1977,New York Street Song (No Easy Way),The Four Seasons,,"New York, New York, United States, North America",City,Direct,new york,40.6643,-73.9385,,,y,Frankie Valli,Helicon,Album,The Four Seasons,https://musicbrainz.org/release-group/8b094e29-1597-319b-aa4d-3c42d0719243
rock_hall,,1980,Passion for Paris (An American in Paris),Frankie Valli,,"Paris, France, Europe",City,Direct,paris,48.8534,2.3488,,,y,Frankie Valli,Heaven Above Me,Album,Frankie Valli,https://musicbrainz.org/release-group/bc58f0af-ea08-4b8f-9d1b-135206d0404d
rock_hall,,1980,Passion for Paris (An American in Paris),Frankie Valli,,"United States, North America",Country,Demonym,american,38.8951,-77.0364,,,y,Frankie Valli,Heaven Above Me,Album,Frankie Valli,https://musicbrainz.org/release-group/bc58f0af-ea08-4b8f-9d1b-135206d0404d
rock_hall,,1983,American Pop,The Manhattan Transfer ft. Frankie Valli,,"United States, North America",Country,Demonym,american,38.8951,-77.0364,,,y,Frankie Valli,American Pop,Single,The Manhattan Transfer feat. Frankie Valli,https://musicbrainz.org/release-group/4a4678c5-ec3e-46f0-b133-fd8777c4c1ea
rock_hall,,2007,On Broadway,Frankie Valli,,"Broadway, New York, New York, United States, North America",Street/Landmark,Direct,broadway,40.759,-73.9845,"also in the dataset by George Benson, The Drifters",,y,Frankie Valli,Romancing the ’60s,Album,Frankie Valli,https://musicbrainz.org/release-group/13d04edf-3564-4e3c-af04-36d4312ec1b8
rock_hall,,2007,Spanish Harlem,Frankie Valli,,"East Harlem, New York, New York, United States, North America",Neighborhood/District,Direct,spanish harlem,40.7957,-73.9389,"also in the dataset by Aretha Franklin, Ben E. King, Jimmy Justice, King Curtis, Sounds Incorporated",,y,Frankie Valli,Romancing the ’60s,Album,Frankie Valli,https://musicbrainz.org/release-group/13d04edf-3564-4e3c-af04-36d4312ec1b8
rock_hall,,1972,Lowdown in Lodi,Freddie King,,"Lodi, California, United States, North America",City,Direct,lodi,38.1216,-121.2908,,,y,Freddie King,Texas Cannonball,Album,Freddie King,https://musicbrainz.org/release-group/886d79a4-ebb8-39d3-9546-2cc311ea72ec
rock_hall,,1974,Texas Flyer,Freddie King,,"Texas, United States, North America",State/Region,Direct,texas,31.054,-97.563,,,y,Freddie King,Burglar,Album,Freddie King,https://musicbrainz.org/release-group/0cd31763-739a-3555-ab90-aceab75f0aef
rock_hall,,2004,Sweet Home Chicago,Freddie King,,"Chicago, Illinois, United States, North America",City,Direct,chicago,41.8376,-87.6818,"also in the dataset by Robert Johnson; earliest MusicBrainz release is 2004, after Freddie King died (1976) — probably a reissue; use the original release year",,y,Freddie King,Are You Ready for Freddy?,Album,Freddie King,https://musicbrainz.org/release-group/b4a3e0a3-b684-390c-b305-c05b57dc754f
rock_hall,,1972,America Eats Its Young,Funkadelic,,"United States, North America",Country,Direct,america,38.8951,-77.0364,,,y,Funkadelic,America Eats Its Young,Album,Funkadelic,https://musicbrainz.org/release-group/f32cb96a-6bde-3480-999c-5e7ad1038c71
rock_hall,,1979,Holly Wants To Go To California,Funkadelic,,"California, United States, North America",State/Region,Direct,california,36.116,-119.682,,,y,Funkadelic,Uncle Jam Wants You,Album,Funkadelic,https://musicbrainz.org/release-group/96b5faa6-7a8f-34e2-b79e-b78748e741a0
rock_hall,,1964,Hawaii,Gene Pitney,,"Hawaii, United States, North America",State/Region,Direct,hawaii,21.094,-157.498,,,y,Gene Pitney,It Hurts to Be in Love / Hawaii,Single,Gene Pitney,https://musicbrainz.org/release-group/1a31ab3b-eb06-462a-8ae7-f80adc98baa6
rock_hall,,1965,Louisiana Man,George Jones and Gene Pitney,,"Louisiana, United States, North America",State/Region,Direct,louisiana,31.169,-91.867,"also in the dataset by Bobbie Gentry, The Pozo Seco Singers",,y,Gene Pitney,It’s Country Time Again!,Album,George Jones and Gene Pitney,https://musicbrainz.org/release-group/a5e77a23-68a1-471d-80c9-ef97aea0b98f
rock_hall,,1966,California,Gene Pitney,,"California, United States, North America",State/Region,Direct,california,36.116,-119.682,"also in the dataset by Amelia Lily, Belinda Carlisle, CO (Club Oriented), Debby Boone, EMA, Joni Mitchell, Lenny Kravitz, Low, Phantom Planet, The Wedding Present",,y,Gene Pitney,Backstage (I’m Lonely),Album,Gene Pitney,https://musicbrainz.org/release-group/0ff6195a-ef10-4e80-83fd-bd50782287f6
rock_hall,,1967,On a Slow Boat to China,Gene Pitney,,"China, Asia",Country,Direct,china,39.9075,116.3972,"also in the dataset by Art Lund, Benny Goodman, Emile Ford and the Checkmates, Freddy Martin, Kay Kyser, Larry Clinton",,y,Gene Pitney,Young and Warm and Wonderful,Album,Gene Pitney,https://musicbrainz.org/release-group/9e844e58-bd20-44d5-8c60-f00dee21ed0f
rock_hall,,1968,Baton Rouge or Frisco,Gene Pitney,,"Baton Rouge, Louisiana, United States, North America",City,Direct,baton rouge,30.4433,-91.1875,"new place — pin from geonamescache, check it",,y,Gene Pitney,Pitney Sings Bacharach,Album,Gene Pitney,https://musicbrainz.org/release-group/f5eb6465-fbe2-454d-b52a-76ba1a45f2fe
rock_hall,,1968,Baton Rouge or Frisco,Gene Pitney,,"San Francisco, California, United States, North America",City,Nickname,frisco,37.78,-122.4193,,,y,Gene Pitney,Pitney Sings Bacharach,Album,Gene Pitney,https://musicbrainz.org/release-group/f5eb6465-fbe2-454d-b52a-76ba1a45f2fe
rock_hall,,1971,The French Horn,Gene Pitney,,"France, Europe",Country,Demonym,french,48.8534,2.3488,,,"n — a French horn, the instrument",Gene Pitney,Super Star,Album,Gene Pitney,https://musicbrainz.org/release-group/d29f0401-edd1-4034-8bc5-ca44a74640f1
rock_hall,,1975,California Free,Gene Pitney,,"California, United States, North America",State/Region,Direct,california,36.116,-119.682,,,y,Gene Pitney,Pitney '75,Album,Gene Pitney,https://musicbrainz.org/release-group/5a02385f-5faa-47ca-a2d7-fed29b595b3f
rock_hall,,1975,Skyline Pigeon,Gene Pitney,,"Pigeon, Michigan, United States, North America",City,Direct,pigeon,43.829722,-83.271944,,,"n — a pigeon, the bird",Gene Pitney,Pitney '75,Album,Gene Pitney,https://musicbrainz.org/release-group/5a02385f-5faa-47ca-a2d7-fed29b595b3f
rock_hall,,1960,Mitchiko From Tokyo,Gene Vincent,,"Tokyo, Japan, Asia",City,Direct,tokyo,35.6895,139.6917,,,y,Gene Vincent,Crazy Times,Album,Gene Vincent,https://musicbrainz.org/release-group/2621a83a-bc5a-497c-b865-500e1d8201c5
rock_hall,,1970,North Carolina Line,Gene Vincent,,"North Carolina, United States, North America",State/Region,Direct,north carolina,35.63,-79.806,,,y,Gene Vincent,The Day the World Turned Blue,Album,Gene Vincent,https://musicbrainz.org/release-group/671519b9-3152-4980-9113-efb664169100
rock_hall,,1974,Broadway Melody of 1974,Genesis,,"Broadway, New York, New York, United States, North America",Street/Landmark,Direct,broadway,40.759,-73.9845,,,y,Genesis,The Lamb Lies Down on Broadway,Album,Genesis,https://musicbrainz.org/release-group/f2e5d462-6ec1-3cf8-8ea8-06eab8fe51f5
rock_hall,,1974,The Colony of Slippermen: Arrival,Genesis,,"The Colony, Texas",City,Direct,the colony,,,,,n — the Colony of Slippermen is fictional,Genesis,The Lamb Lies Down on Broadway,Album,Genesis,https://musicbrainz.org/release-group/f2e5d462-6ec1-3cf8-8ea8-06eab8fe51f5
rock_hall,,1974,The Light Dies Down on Broadway,Genesis,,"Broadway, New York, New York, United States, North America",Street/Landmark,Direct,broadway,40.759,-73.9845,,,y,Genesis,The Lamb Lies Down on Broadway,Album,Genesis,https://musicbrainz.org/release-group/f2e5d462-6ec1-3cf8-8ea8-06eab8fe51f5
rock_hall,,1978,Vancouver,Genesis,,"Vancouver, British Columbia, Canada, North America",City,Direct,vancouver,49.260833,-123.113889,also in the dataset by Jeff Buckley,,y,Genesis,Many Too Many,Single,Genesis,https://musicbrainz.org/release-group/fe053f55-f07f-4f9d-9ca7-f29fbada341b
rock_hall,,1986,The Brazilian,Genesis,,"Brazil, South America",Country,Demonym,brazilian,-15.7939,-47.8828,,,y,Genesis,Invisible Touch,Album,Genesis,https://musicbrainz.org/release-group/cd5b8b39-cdfd-337a-9fab-c2571be315c0
rock_hall,,1991,On the Shoreline,Genesis,,"Shoreline, Washington",City,Direct,shoreline,,,,,"n — not Shoreline, Washington",Genesis,I Can’t Dance,Single,Genesis,https://musicbrainz.org/release-group/f62b98ce-a022-3d7f-853c-710f87b6fcf6
rock_hall,,1974,Far East Man,George Harrison,,East Asia,Continent/Region,Direct,far east,35,115,,,y,George Harrison,Dark Horse,Album,George Harrison,https://musicbrainz.org/release-group/ab634295-9bab-3526-aec8-e73ac824b5c3
rock_hall,,1981,Baltimore Oriole,George Harrison,,"Baltimore, Maryland, United States, North America",City,Direct,baltimore,39.3002,-76.6105,,,n — Baltimore Oriole is a bird,George Harrison,Somewhere in England,Album,George Harrison,https://musicbrainz.org/release-group/8d6eaa96-09b9-3eff-81f1-4859e460e2ad
rock_hall,,1981,Hong Kong Blues,George Harrison,,"Hong Kong, Asia",City,Direct,hong kong,22.3193,114.1694,matched on the bare name 'Hong Kong' — confirm it's this place; also in the dataset by Tommy Dorsey,,y,George Harrison,Somewhere in England,Album,George Harrison,https://musicbrainz.org/release-group/8d6eaa96-09b9-3eff-81f1-4859e460e2ad
rock_hall,,1982,Greece,George Harrison,,"Greece, Europe",Country,Direct,greece,37.9838,23.7278,"also in the dataset by Clavish, DJ Khaled ft. Drake",,y,George Harrison,Gone Troppo,Album,George Harrison,https://musicbrainz.org/release-group/f420fad3-36b6-33f7-8cce-76efbd12dc8f
rock_hall,,2002,P2 Vatican Blues (Last Saturday Night),George Harrison,,"Vatican City, Europe",Country,Direct,vatican,41.9029,12.4534,"new place — pin approximate, check it",,y,George Harrison,Brainwashed,Album,George Harrison,https://musicbrainz.org/release-group/a365ff78-a311-392b-b8cd-c5bab02e0b90
rock_hall,,2002,Rocking Chair in Hawaii,George Harrison,,"Hawaii, United States, North America",State/Region,Direct,hawaii,21.094,-157.498,,,y,George Harrison,Brainwashed,Album,George Harrison,https://musicbrainz.org/release-group/a365ff78-a311-392b-b8cd-c5bab02e0b90
rock_hall,,1999,Miss Sarajevo,George Michael,,"Sarajevo, Bosnia and Herzegovina, Europe",City,Direct,sarajevo,43.84864,18.35644,"also in the dataset by Passengers, U2 and Brian Eno",,y,George Michael,Miss Sarajevo,Single,George Michael,https://musicbrainz.org/release-group/80f15539-dc23-4131-81de-15bc66e44db2
rock_hall,,2004,American Angel,George Michael,,"United States, North America",Country,Demonym,american,38.8951,-77.0364,,,y,George Michael,Patience,Album,George Michael,https://musicbrainz.org/release-group/f86df777-cdd4-3d9e-a90b-5b90af39176a
rock_hall,,2015,Johannesburg,Gil Scott-Heron,,"Johannesburg, South Africa, Africa",City,Direct,johannesburg,-26.2023,28.0436,"new place — pin from geonamescache, check it; earliest MusicBrainz release is 2015, after Gil Scott-Heron died (2011) — probably a reissue; use the original release year",,y,Gil Scott-Heron,Johannesburg,Album,Gil Scott-Heron,https://musicbrainz.org/release-group/aa3ee12c-51b6-481a-8db0-9e301967627e
rock_hall,,2015,Washington DC,Gil Scott-Heron,,"Washington, D.C., United States, North America",City,Direct,washington,38.8951,-77.0364,"place changed from 'Washington Square, New York, New York, United States, North America'; earliest MusicBrainz release is 2015, after Gil Scott-Heron died (2011) — probably a reissue; use the original release year",,"y — Washington, D.C., not Washington Square",Gil Scott-Heron,Johannesburg,Album,Gil Scott-Heron,https://musicbrainz.org/release-group/aa3ee12c-51b6-481a-8db0-9e301967627e
rock_hall,,1975,Georgia on My Mind,Gladys Knight and the Pips,,"Georgia, United States, North America",State/Region,Direct,georgia,33.04,-83.643,"also in the dataset by Hoagy Carmichael, Michael Bolton, Ray Charles, The Righteous Brothers, Wes Montgomery, Willie Nelson",,y,Gladys Knight,2nd Anniversary,Album,Gladys Knight & the Pips,https://musicbrainz.org/release-group/9aed6081-7762-31b9-acbc-c9ce465d8a53
rock_hall,,1987,Thief in Paradise,Gladys Knight and the Pips,,"Paradise, Kentucky, United States, North America",City,Direct,paradise,37.268056,-86.983611,,,"n — paradise as in heaven or bliss, not Paradise, Kentucky",Gladys Knight,All Our Love,Album,Gladys Knight & the Pips,https://musicbrainz.org/release-group/4a53c87a-2ff4-4ab2-8b30-d70f4175c7d8
rock_hall,,1973,Streets of Baltimore,Gram Parsons,,"Baltimore, Maryland, United States, North America",City,Direct,baltimore,39.3002,-76.6105,,,y,Gram Parsons,GP,Album,Gram Parsons,https://musicbrainz.org/release-group/328fc74f-6968-3dfa-bd61-f54fd3e6bfd5
rock_hall,,1974,Ooh Las Vegas,Gram Parsons,,"Las Vegas, Nevada, United States, North America",City,Direct,las vegas,36.2277,-115.264,,,y,Gram Parsons,Grievous Angel,Album,Gram Parsons,https://musicbrainz.org/release-group/eeb6a226-8323-327e-9116-1dc51e2fcb23
rock_hall,,2023,California Cotton Fields,Gram Parsons and the Fallen Angels,,"California, United States, North America",State/Region,Direct,california,36.116,-119.682,"earliest MusicBrainz release is 2023, after Gram Parsons died (1973) — probably a reissue; use the original release year",,y,Gram Parsons,The Last Roundup,Album,Gram Parsons and the Fallen Angels,https://musicbrainz.org/release-group/6cb7c481-e88b-4a83-987e-55aa5c5b935c
rock_hall,,2023,Introduction/Flint Hill Special,Gram Parsons and the Fallen Angels,,"Flint, Michigan, United States, North America",City,Direct,flint,43.01253,-83.68746,,,n — Flint Hill Special is a banjo tune,Gram Parsons,The Last Roundup,Album,Gram Parsons and the Fallen Angels,https://musicbrainz.org/release-group/6cb7c481-e88b-4a83-987e-55aa5c5b935c
rock_hall,,2023,Sin City,Gram Parsons and the Fallen Angels,,"Las Vegas, Nevada, United States, North America",City,Nickname,sin city,36.2277,-115.264,"also in the dataset by The Flying Burrito Brothers; earliest MusicBrainz release is 2023, after Gram Parsons died (1973) — probably a reissue; use the original release year",,y,Gram Parsons,The Last Roundup,Album,Gram Parsons and the Fallen Angels,https://musicbrainz.org/release-group/6cb7c481-e88b-4a83-987e-55aa5c5b935c
rock_hall,,1985,Paradise,Grandmaster Flash,,"Paradise, Kentucky, United States, North America",City,Direct,paradise,37.268056,-86.983611,also in the dataset by John Prine,,"n — paradise as in heaven or bliss, not Paradise, Kentucky",Grandmaster Flash,They Said It Couldn't Be Done,Album,Grandmaster Flash,https://musicbrainz.org/release-group/cdc826bb-a68b-3549-901d-a81b804ec21d
rock_hall,,2009,Bronx Bombers,"Grandmaster Flash ft. Lordikim Allah, Almighty Thor and Mann Child",,"The Bronx, New York, New York, United States, North America",Neighborhood/District,Direct,bronx,40.84985,-73.86641,,,y,Grandmaster Flash,The Bridge: Concept of a Culture,Album,"Grandmaster Flash feat. Lordikim Allah, Almighty Thor & Mann Child",https://musicbrainz.org/release-group/cdb9a86f-1cd9-4fec-a46a-551678c33bce
rock_hall,,1991,Welcome to Paradise,Green Day,,"Paradise, Kentucky, United States, North America",City,Direct,paradise,37.268056,-86.983611,,,"n — paradise as in heaven or bliss, not Paradise, Kentucky",Green Day,Kerplunk!,Album,Green Day,https://musicbrainz.org/release-group/a0603694-2422-3a40-b946-d0bcea5e8254
rock_hall,,2009,American Eulogy: Mass Hysteria,Green Day,,"United States, North America",Country,Demonym,american,38.8951,-77.0364,,,y,Green Day,21st Century Breakdown,Album,Green Day,https://musicbrainz.org/release-group/37608ff2-3168-3e7c-a77e-04a4b7300c1b
rock_hall,,2009,Last of the American Girls,Green Day,,"United States, North America",Country,Demonym,american,38.8951,-77.0364,,,y,Green Day,21st Century Breakdown,Album,Green Day,https://musicbrainz.org/release-group/37608ff2-3168-3e7c-a77e-04a4b7300c1b
rock_hall,,2017,Back In The USA,Green Day,,"United States, North America",Country,Direct,usa,38.8951,-77.0364,"also in the dataset by Chuck Berry, Linda Ronstadt",,y,Green Day,Back In The USA,Single,Green Day,https://musicbrainz.org/release-group/003dcbbc-c575-4835-9786-433c93948356
rock_hall,,2020,A New England,Billie Joe Armstrong and Green Day,,"England, United Kingdom, Europe",Country,Direct,new england,51.5074,-0.1278,"place changed from 'New England, United States, North America'; also in the dataset by Billy Bragg, Kirsty MacColl",,y — as with Billy Bragg's and Kirsty MacColl's versions in the dataset,Green Day,A New England,Single,Billie Joe Armstrong & Green Day,https://musicbrainz.org/release-group/7498bad2-67b7-42db-9f0f-ba6340567b25
rock_hall,,2021,"Holy Toledo! (from the Original Motion Picture “Mark, Mary & Some Other People”)",Green Day,,"Toledo, Ohio, United States, North America",City,Direct,toledo,41.6528,-83.5378,,,n — 'Holy Toledo!' is an exclamation,Green Day,"Holy Toledo! (from the Original Motion Picture “Mark, Mary & Some Other People”)",Single (soundtrack),Green Day,https://musicbrainz.org/release-group/0ce3eb40-eb1c-4bd5-a16c-5efc096bc8b7
rock_hall,,2023,The American Dream Is Killing Me,Green Day,,"United States, North America",Country,Demonym,american,38.8951,-77.0364,,,y,Green Day,The American Dream Is Killing Me,Single,Green Day,https://musicbrainz.org/release-group/4eaf7599-4b31-400b-b7db-659be9e7c2e8
rock_hall,,1987,Paradise City,Guns N' Roses,,"Paradise, Kentucky, United States, North America",City,Direct,paradise,37.268056,-86.983611,,,"n — paradise as in heaven or bliss, not Paradise, Kentucky",Guns N' Roses,Paradise City,Single,Guns N’ Roses,https://musicbrainz.org/release-group/879db3f1-8c49-4bd9-b538-64cf0e5efc59
rock_hall,,2008,Madagascar,Guns N' Roses,,"Madagascar, Africa",Country,Direct,madagascar,-18.91368,47.53613,also in the dataset by Art of Trance,,y,Guns N' Roses,Chinese Democracy,Album,Guns N’ Roses,https://musicbrainz.org/release-group/cdfb0664-26b5-3475-88f5-dd6ccd4d74ce
rock_hall,,2001,Hawaii 1963,Hal Blaine and The Young Cougars,,"Hawaii, United States, North America",State/Region,Direct,hawaii,21.094,-157.498,,,y,Hal Blaine,"Deuces, “T’s”, Roadsters & Drums",Album,Hal Blaine and The Young Cougars,https://musicbrainz.org/release-group/49db28c0-073b-4efa-ac2a-b6a4ef99f4d5
rock_hall,,2001,Nashville Coupe,Hal Blaine and The Young Cougars,,"Nashville, Tennessee, United States, North America",City,Direct,nashville,36.1718,-86.785,,,y,Hal Blaine,"Deuces, “T’s”, Roadsters & Drums",Album,Hal Blaine and The Young Cougars,https://musicbrainz.org/release-group/49db28c0-073b-4efa-ac2a-b6a4ef99f4d5
rock_hall,,2019,California Sun,Hal Blaine,,"California, United States, North America",State/Region,Direct,california,36.116,-119.682,"also in the dataset by Joe Jones, The Rivieras",,y,Hal Blaine,Drums Drums A Go Go,Album,Hal Blaine,https://musicbrainz.org/release-group/415cfc49-912b-4ee7-b45f-ffddcef4a590
rock_hall,,1972,Fall in Philadelphia,Daryl Hall & John Oates,,"Philadelphia, Pennsylvania, United States, North America",City,Direct,philadelphia,40.0094,-75.1333,,,y,Hall & Oates,Whole Oats,Album,Daryl Hall & John Oates,https://musicbrainz.org/release-group/4a5e7e8a-a8d4-3543-b081-d08e95b2f35e
rock_hall,,1973,Las Vegas Turnaround (The Stewardess Song),Daryl Hall & John Oates,,"Las Vegas, Nevada, United States, North America",City,Direct,las vegas,36.2277,-115.264,,,y,Hall & Oates,Abandoned Luncheonette,Album,Daryl Hall & John Oates,https://musicbrainz.org/release-group/7bc16d5f-2838-3cd6-aa94-9657bee72b22
rock_hall,,1976,"London Luck, & Love",Daryl Hall & John Oates,,"London, England, United Kingdom, Europe",City,Direct,london,51.5085,-0.1257,,,y,Hall & Oates,Bigger Than Both of Us,Album,Daryl Hall & John Oates,https://musicbrainz.org/release-group/38da7fff-5b15-35ef-b319-2ad9912dc0ac
rock_hall,,1979,Running From Paradise,Daryl Hall & John Oates,,"Paradise, Kentucky, United States, North America",City,Direct,paradise,37.268056,-86.983611,,,"n — paradise as in heaven or bliss, not Paradise, Kentucky",Hall & Oates,X‐Static,Album,Daryl Hall & John Oates,https://musicbrainz.org/release-group/0aec7992-d7de-3ef2-9871-ebea3294608a
rock_hall,,1980,Africa,Daryl Hall & John Oates,,Africa,Continent/Region,Direct,africa,1.6508,17.6791,"also in the dataset by Stetsasonic, Toto, Weezer",,y,Hall & Oates,Voices,Album,Daryl Hall & John Oates,https://musicbrainz.org/release-group/7e83f916-6e93-3ed0-8ef2-53860688e27b
rock_hall,,1984,All American Girl,Daryl Hall & John Oates,,"United States, North America",Country,Demonym,american,38.8951,-77.0364,also in the dataset by Carrie Underwood,,y,Hall & Oates,Big Bam Boom,Album,Daryl Hall & John Oates,https://musicbrainz.org/release-group/bfa5e4c2-ac23-37b3-8d84-5664f58dc2e0
rock_hall,,2018,Philly Forget Me Not,Daryl Hall & John Oates and Train,,"Philadelphia, Pennsylvania, United States, North America",City,Nickname,philly,40.0094,-75.1333,,,y,Hall & Oates,Philly Forget Me Not,Single,Daryl Hall & John Oates with Train,https://musicbrainz.org/release-group/46651bcd-0764-45d9-9d68-ba35eea46858
rock_hall,,1962,Broadway,Hank Ballard,,"Broadway, New York, New York, United States, North America",Street/Landmark,Direct,broadway,40.759,-73.9845,also in the dataset by Goo Goo Dolls,,y,Hank Ballard,Do You Know How to Twist / Broadway,Single,Hank Ballard,https://musicbrainz.org/release-group/703a7c21-1c09-46fe-b63a-32c9a29ca119
rock_hall,,1992,Jamming in New Orleans,Hank Ballard And The Midnighters,,"New Orleans, Louisiana, United States, North America",City,Direct,new orleans,30.0686,-89.939,,,y,Hank Ballard; The Midnighters,Naked in the Rain,Album,Hank Ballard and the Midnighters,https://musicbrainz.org/release-group/b7489563-b4c5-47e0-ae1b-0ad3e20ad191
rock_hall,,2013,Broadway,Hank Ballard And The Midnighters,,"Broadway, New York, New York, United States, North America",Street/Landmark,Direct,broadway,40.759,-73.9845,also in the dataset by Goo Goo Dolls,,n — same song as the Hank Ballard row (1962),Hank Ballard; The Midnighters,The Twistin' Fools,Album,Hank Ballard and the Midnighters,https://musicbrainz.org/release-group/a35bd1de-36c9-4f05-982f-525bbb956d74
rock_hall,,1947,Pan American,Hank Williams and His Drifting Cowboys,,"United States, North America",Country,Demonym,american,38.8951,-77.0364,,,y,Hank Williams,Pan American / Honky Tonkin’,Single,Hank Williams and His Drifting Cowboys,https://musicbrainz.org/release-group/c5d901fc-09bd-471a-968d-20192d641a91
rock_hall,,1960,Dixie Cannonball,Hank Williams,,"American South, United States, North America",Continent/Region,Nickname,dixie,33,-86,"earliest MusicBrainz release is 1960, after Hank Williams died (1953) — probably a reissue; use the original release year",,y,Hank Williams,The Lonesome Sound of Hank Williams,Album,Hank Williams,https://musicbrainz.org/release-group/14b23c79-a622-4acd-9eed-a4b02aacbba8
rock_hall,,1960,Tennessee Border,Hank Williams,,"Tennessee, United States, North America",State/Region,Direct,tennessee,35.747,-86.692,"earliest MusicBrainz release is 1960, after Hank Williams died (1953) — probably a reissue; use the original release year",,y,Hank Williams,The Lonesome Sound of Hank Williams,Album,Hank Williams,https://musicbrainz.org/release-group/14b23c79-a622-4acd-9eed-a4b02aacbba8
rock_hall,,1952,Shenandoah,Harry Belafonte,,"Shenandoah River, Virginia, United States, North America",Water/Natural Feature,Direct,shenandoah,38.9,-78.2,"new place — pin approximate, check it; place changed from 'Shenandoah, Louisiana'",,"? — the Shenandoah River/Valley, Virginia, not Shenandoah, Louisiana",Harry Belafonte,"Harry Belafonte sings ""Man smart"" and other folk songs",EP,Harry Belafonte,https://musicbrainz.org/release-group/38b1be4a-b036-4a20-9944-61dee7af6abb
rock_hall,,1957,Haiti Cherie,Harry Belafonte,,"Haiti, North America",Country,Direct,haiti,18.5435,-72.3388,,,y,Harry Belafonte,Lead Man Holler / Haiti Cherie,Single,Harry Belafonte,https://musicbrainz.org/release-group/09089901-78b3-436e-b261-1d9cbfd70bb5
rock_hall,,1959,There’s a Boat That’s Leavin’ Soon for New York,Lena Horne and Harry Belafonte,,"New York, New York, United States, North America",City,Direct,new york,40.6643,-73.9385,,,y,Harry Belafonte,Porgy and Bess,Album,Lena Horne & Harry Belafonte,https://musicbrainz.org/release-group/4994090b-812f-4a3a-b6e2-ed78841706a1
rock_hall,,1961,Kingston Market,Harry Belafonte,,"Kingston, Jamaica, North America",City,Direct,kingston,17.99702,-76.79358,,,y,Harry Belafonte,Jump Up Calypso,Album,Harry Belafonte,https://musicbrainz.org/release-group/00ad370a-6a17-3036-a852-58b372a455b2
rock_hall,,1961,Sweetheart From Venezuela,Harry Belafonte,,"Venezuela, South America",Country,Direct,venezuela,7,-65,may be the same song as 'Venezuela' already in the dataset,,y,Harry Belafonte,Jump Up Calypso,Album,Harry Belafonte,https://musicbrainz.org/release-group/00ad370a-6a17-3036-a852-58b372a455b2
rock_hall,,1962,Memphis Tennessee,Harry Belafonte,,"Memphis, Tennessee, United States, North America",City,Direct,memphis + tennessee,35.1035,-89.9785,"also in the dataset by Chuck Berry, Dave Berry and the Cruisers",,y,Harry Belafonte,The Midnight Special,Album,Harry Belafonte,https://musicbrainz.org/release-group/06869582-f46a-32b7-a780-44c7c14b231e
rock_hall,,1963,Sakura,Harry Belafonte,,"Sakura, Japan",City,Direct,sakura,,,,,n — sakura means cherry blossom,Harry Belafonte,Streets I Have Walked,Album,Harry Belafonte,https://musicbrainz.org/release-group/5287328d-d6ce-4d2c-8c34-b27f1739abb2
rock_hall,,1968,By the Time I Get to Phoenix,Harry Belafonte,,"Phoenix, Arizona, United States, North America",City,Direct,phoenix,33.5722,-112.088,"also in the dataset by Glen Campbell and Anne Murray, Isaac Hayes, The Mad Lads",,y,Harry Belafonte,Sings of Love,Album,Harry Belafonte,https://musicbrainz.org/release-group/88692c5a-7b3f-4dcf-bbeb-8ef40a708dc5
rock_hall,,1970,Missouri Birds,Harry Belafonte,,"Missouri, United States, North America",State/Region,Direct,missouri,38.456,-92.288,,,y,Harry Belafonte,Belafonte - By Request,Album,Harry Belafonte,https://musicbrainz.org/release-group/c7bcd577-ab4f-41cf-acf2-cc568e5427d3
rock_hall,,1970,Scarborough Fair,Harry Belafonte,,"Scarborough, England, United Kingdom, Europe",City,Direct,scarborough,54.2797,-0.4044,"also in the dataset by Martin Carthy, Sergio Mendes & Brasil '66, Simon & Garfunkel",,y,Harry Belafonte,Belafonte - By Request,Album,Harry Belafonte,https://musicbrainz.org/release-group/c7bcd577-ab4f-41cf-acf2-cc568e5427d3
rock_hall,,1971,The Paris Song,Harry Belafonte,,"Paris, France, Europe",City,Direct,paris,48.8534,2.3488,,,y,Harry Belafonte,The Warm Touch,Album,Harry Belafonte,https://musicbrainz.org/release-group/a8738aca-1df6-4383-980d-1f2e890526b3
rock_hall,,1977,New York Taxi,Harry Belafonte,,"New York, New York, United States, North America",City,Direct,new york,40.6643,-73.9385,,,y,Harry Belafonte,Turn the World Around,Album,Harry Belafonte,https://musicbrainz.org/release-group/5a59743e-c933-4582-9d5c-b274953123e4
rock_hall,,1981,Streets of London,Harry Belafonte,,"London, England, United Kingdom, Europe",City,Direct,london,51.5085,-0.1257,"also in the dataset by Anti-Nowhere League, Ralph McTell and Crisis Chr and Lennox",,y,Harry Belafonte,Loving You Is Where I Belong,Album,Harry Belafonte,https://musicbrainz.org/release-group/0fc732dc-e014-3ce3-ba42-8ae072331ece
rock_hall,,1988,Paradise in Gazankulu,Harry Belafonte,,"Paradise, Kentucky, United States, North America",City,Direct,paradise,37.268056,-86.983611,,,"n — paradise as in heaven or bliss, not Paradise, Kentucky",Harry Belafonte,Paradise in Gazankulu,Album,Harry Belafonte,https://musicbrainz.org/release-group/a4009d3b-476f-37f9-ba10-25572e2b6c09
rock_hall,,1982,America,Heart,,"United States, North America",Country,Direct,america,38.8951,-77.0364,"also in the dataset by David Essex, Full Intention, Gary Numan, Killing Joke, King Kurt, Leonard Bernstein, Neil Diamond, Prince And The Revolution, Razorlight, Simon & Garfunkel, The Five Stairsteps, The Nice, Yes",,y,Heart,Private Audition,Album,Heart,https://musicbrainz.org/release-group/71c51c27-5cd2-3d6a-b7fa-06ddbab07c5f
rock_hall,,2004,Down the Nile,Heart,,"Nile River, Africa",Water/Natural Feature,Direct,the nile,25.6872,32.6396,,,y,Heart,Jupiters Darling,Album,Heart,https://musicbrainz.org/release-group/757326ba-cf6e-3a69-a780-1067d0a9cd9d
rock_hall,,2010,Death Valley,Heart,,"Death Valley, California, United States, North America",Continent/Region,Direct,death valley,36.5,-117.08,,,y,Heart,Red Velvet Car,Album,Heart,https://musicbrainz.org/release-group/38176158-9ff5-4a99-922a-bdcb4c247f45
rock_hall,,2012,Dear Old America,Heart,,"United States, North America",Country,Direct,america,38.8951,-77.0364,,,y,Heart,Fanatic,Album,Heart,https://musicbrainz.org/release-group/1ba6bf7e-b8b6-40a8-8767-d79f9c9a9f52
rock_hall,,2012,Pennsylvania,Heart,,"Pennsylvania, United States, North America",State/Region,Direct,pennsylvania,40.59,-77.209,,,y,Heart,Fanatic,Album,Heart,https://musicbrainz.org/release-group/1ba6bf7e-b8b6-40a8-8767-d79f9c9a9f52
rock_hall,,2012,Rock Deep (Vancouver),Heart,,"Vancouver, British Columbia, Canada, North America",City,Direct,vancouver,49.260833,-123.113889,,,y,Heart,Fanatic,Album,Heart,https://musicbrainz.org/release-group/1ba6bf7e-b8b6-40a8-8767-d79f9c9a9f52
rock_hall,,1975,I Walked From Dallas,Howlin' Wolf,,"Dallas, Texas, United States, North America",City,Direct,dallas,32.7942,-96.7655,,,y,Howlin' Wolf,Change My Way,Album,Howlin’ Wolf,https://musicbrainz.org/release-group/5dd941c1-c395-3910-b7e3-9bd59408b9a8
rock_hall,,2007,California Blues,Howlin' Wolf,,"California, United States, North America",State/Region,Direct,california,36.116,-119.682,"earliest MusicBrainz release is 2007, after Howlin' Wolf died (1976) — probably a reissue; use the original release year",,y,Howlin' Wolf,The Memphis Sessions,Album,Howlin’ Wolf,https://musicbrainz.org/release-group/cd4ed2b4-b62d-48d0-a031-4df95aae8718
rock_hall,,2007,California Boogie,Howlin' Wolf,,"California, United States, North America",State/Region,Direct,california,36.116,-119.682,"earliest MusicBrainz release is 2007, after Howlin' Wolf died (1976) — probably a reissue; use the original release year",,y,Howlin' Wolf,The Memphis Sessions,Album,Howlin’ Wolf,https://musicbrainz.org/release-group/cd4ed2b4-b62d-48d0-a031-4df95aae8718
rock_hall,,2017,California Blues No. 1,Howlin' Wolf,,"California, United States, North America",State/Region,Direct,california,36.116,-119.682,"earliest MusicBrainz release is 2017, after Howlin' Wolf died (1976) — probably a reissue; use the original release year",,y,Howlin' Wolf,Bluebird,Album,Howlin’ Wolf,https://musicbrainz.org/release-group/5e9cb46b-5fb7-42d2-8a85-ed732920edd8
rock_hall,,1973,Club Manhattan,Ike & Tina Turner,,"Manhattan, New York, New York, United States, North America",Neighborhood/District,Direct,manhattan,40.7831,-73.9712,,,y,Ike & Tina Turner; Tina Turner,Nutbush City Limits,Album,Ike & Tina Turner,https://musicbrainz.org/release-group/6c126159-4f2e-382d-a9bf-dd5b29d47061
rock_hall,,1974,Mississippi Rolling Stone,Ike & Tina Turner,,"Mississippi, United States, North America",State/Region,Direct,mississippi,32.741,-89.678,,,y,Ike & Tina Turner; Tina Turner,Sweet Rhode Island Red,Album,Ike & Tina Turner,https://musicbrainz.org/release-group/c98309de-5203-49ed-82c2-448a4dd89426
rock_hall,,1974,Sugar Hill,Ike & Tina Turner,,"Sugar Hill, Harlem, New York, New York, United States, North America",Neighborhood/District,Direct,sugar hill,40.8264,-73.945,also in the dataset by AZ,,y,Ike & Tina Turner; Tina Turner,Sweet Rhode Island Red,Album,Ike & Tina Turner,https://musicbrainz.org/release-group/c98309de-5203-49ed-82c2-448a4dd89426
rock_hall,,1974,Sweet Rhode Island Red,Ike & Tina Turner,,Rhode Island,State/Region,Direct,rhode island,,,,,"n — Rhode Island Red, a chicken breed",Ike & Tina Turner; Tina Turner,Sweet Rhode Island Red,Album,Ike & Tina Turner,https://musicbrainz.org/release-group/c98309de-5203-49ed-82c2-448a4dd89426
rock_hall,,1977,Never Been to Spain,Ike & Tina Turner,,"Spain, Europe",Country,Direct,spain,40.4165,-3.7026,also in the dataset by Three Dog Night,,y,Ike & Tina Turner; Tina Turner,Delilah's Power,Album,Ike & Tina Turner,https://musicbrainz.org/release-group/f34277e5-a697-4f93-bb82-0df64b229f2f
rock_hall,,1980,Charlotte the Harlot,Iron Maiden,,"Charlotte, North Carolina, United States, North America",City,Direct,charlotte,35.2087,-80.8307,UK chart but a little-used US place — check it isn't a British namesake,,n — a person named Charlotte,Iron Maiden,Iron Maiden,Album,Iron Maiden,https://musicbrainz.org/release-group/88a735ad-1f8a-3f96-b410-7e5058dff7f6
rock_hall,,1990,Mother Russia,Iron Maiden,,"Russia, Europe",Country,Direct,russia,55.752,37.6178,,,y,Iron Maiden,No Prayer for the Dying,Album,Iron Maiden,https://musicbrainz.org/release-group/1a2e5820-19f6-3559-b32b-888ddb340f6a
rock_hall,,1990,Sheriff of Huddersfield,Iron Maiden,,"Huddersfield, England, United Kingdom, Europe",City,Direct,huddersfield,53.649,-1.7842,"new place — pin from geonamescache, check it",,y,Iron Maiden,Wasted Years / Stranger in a Strange Land,Single,Iron Maiden,https://musicbrainz.org/release-group/c4f55166-ba3c-4e53-90f0-af01f967de71
rock_hall,,1968,Going to Chicago Blues,Isaac Hayes,,"Chicago, Illinois, United States, North America",City,Direct,chicago,41.8376,-87.6818,,,y,Isaac Hayes,Presenting Isaac Hayes,Album,Isaac Hayes,https://musicbrainz.org/release-group/69ab86e2-cf00-3b59-830c-357cd72379b3
rock_hall,,1975,Aruba,Isaac Hayes,,"Aruba, North America",Country,Direct,aruba,12.5211,-69.9683,"new place — pin approximate, check it",,y,Isaac Hayes,Disco Connection,Album,Isaac Hayes,https://musicbrainz.org/release-group/a29ef7d8-7408-3585-9695-ecf893ce2080
rock_hall,,1977,Stranger in Paradise,Isaac Hayes,,"Paradise, Kentucky, United States, North America",City,Direct,paradise,37.268056,-86.983611,,,"n — paradise as in heaven or bliss, not Paradise, Kentucky",Isaac Hayes,New Horizon,Album,Isaac Hayes,https://musicbrainz.org/release-group/83aaa277-b559-3a85-9dd8-ac983a53f4c4
rock_hall,,1986,Doesn't Rain in London,Isaac Hayes,,"London, England, United Kingdom, Europe",City,Direct,london,51.5085,-0.1257,,,y,Isaac Hayes,U-Turn,Album,Isaac Hayes,https://musicbrainz.org/release-group/7ea58102-fa3a-398e-b6e6-32731e04a201
rock_hall,,1961,California Here I Come,Jackie Wilson,,"California, United States, North America",State/Region,Direct,california,36.116,-119.682,"also in the dataset by Al Jolson, Freddy Cannon, Sophie B. Hawkins",,y,Jackie Wilson,You Ain’t Heard Nothin’ Yet,Album,Jackie Wilson,https://musicbrainz.org/release-group/ec9a28e7-ae6c-472f-b6b9-fc9f24284a92
rock_hall,,1961,Rock‐A‐Bye Your Baby With a Dixie Melody,Jackie Wilson,,"American South, United States, North America",Continent/Region,Nickname,dixie,33,-86,,,y,Jackie Wilson,You Ain’t Heard Nothin’ Yet,Album,Jackie Wilson,https://musicbrainz.org/release-group/ec9a28e7-ae6c-472f-b6b9-fc9f24284a92
rock_hall,,1961,Swanee,Jackie Wilson,,"Suwannee River, Georgia/Florida, United States, North America",Water/Natural Feature,Direct,swanee,30.38,-83.16,also in the dataset by Al Jolson,,y,Jackie Wilson,You Ain’t Heard Nothin’ Yet,Album,Jackie Wilson,https://musicbrainz.org/release-group/ec9a28e7-ae6c-472f-b6b9-fc9f24284a92
rock_hall,,1963,(I Feel Like I’m in) Paradise,Jackie Wilson,,"Paradise, Kentucky, United States, North America",City,Direct,paradise,37.268056,-86.983611,also in the dataset by John Prine,,"n — paradise as in heaven or bliss, not Paradise, Kentucky",Jackie Wilson,Baby Workout,Album,Jackie Wilson,https://musicbrainz.org/release-group/13397e7a-2677-3cc1-964c-8376400dc7c2
rock_hall,,1968,Funky Broadway,Jackie Wilson and Count Basie,,"Broadway, New York, New York, United States, North America",Street/Landmark,Direct,broadway,40.759,-73.9845,"also in the dataset by Dyke And The Blazers, Wilson Pickett",,y,Jackie Wilson,Manufacturers of Soul,Album,Jackie Wilson & Count Basie,https://musicbrainz.org/release-group/f79cfd49-78d7-3d9b-bb90-802a59b6e0e1
rock_hall,,1982,"Introduction, by ’Mr. Music’ Norm N. Nite of W.C.B.S. – FM Radio in New York City",Jackie Wilson,,"New York, New York, United States, North America",City,Direct,new york city,40.6643,-73.9385,,,n — spoken introduction,Jackie Wilson,S.R.O.,Album,Jackie Wilson,https://musicbrainz.org/release-group/0933f389-80ac-43c7-a90f-84897f2690f9
rock_hall,,2022,St Louis Blues,Jackie Wilson,,"St. Louis, Missouri, United States, North America",City,Direct,st louis,38.6357,-90.2446,also in the dataset by Bessie Smith and Louis Armstrong,,y,Jackie Wilson,The Fabulous Jackie Wilson! (Remastered),Album,Jackie Wilson,https://musicbrainz.org/release-group/de63160b-ed96-4e45-8a93-489e61c67857
rock_hall,,1972,From Silver Lake,Jackson Browne,,"Silver Lake, Los Angeles, California, United States, North America",Neighborhood/District,Direct,silver lake,34.087,-118.27,"new place — pin approximate, check it; place changed from 'Silver Lake, California'",,"y — Silver Lake, Los Angeles",Jackson Browne,Jackson Browne / Saturate Before Using,Album,Jackson Browne,https://musicbrainz.org/release-group/a1d0ff98-589d-3883-93d2-f3fc313f0163
rock_hall,,1972,Jamaica Say You Will,Jackson Browne,,"Jamaica, North America",Country,Direct,jamaica,17.997,-76.7936,,,y,Jackson Browne,Jackson Browne / Saturate Before Using,Album,Jackson Browne,https://musicbrainz.org/release-group/a1d0ff98-589d-3883-93d2-f3fc313f0163
rock_hall,,1986,Voice of America,Jackson Browne,,"United States, North America",Country,Direct,america,38.8951,-77.0364,,,y,Jackson Browne,In the Shape of a Heart,Single,Jackson Browne,https://musicbrainz.org/release-group/40cb2b81-e3ce-4a7d-9fbf-5670f577c44d
rock_hall,,2008,Going Down to Cuba,Jackson Browne,,"Cuba, North America",Country,Direct,cuba,23.133,-82.383,,,y,Jackson Browne,Time the Conqueror,Album,Jackson Browne,https://musicbrainz.org/release-group/1e501c09-d8b2-3af3-9a8b-11d3e0ba5ff5
rock_hall,,2021,A Song for Barcelona,Jackson Browne,,"Barcelona, Spain, Europe",City,Direct,barcelona,41.3888,2.159,,,y,Jackson Browne,Downhill From Everywhere,Album,Jackson Browne,https://musicbrainz.org/release-group/b4d661a1-07a2-4624-90ac-58db5476286e
rock_hall,,2021,My Cleveland Heart,Jackson Browne,,"Cleveland, Ohio, United States, North America",City,Direct,cleveland,41.4781,-81.6795,,,y,Jackson Browne,My Cleveland Heart,Single,Jackson Browne,https://musicbrainz.org/release-group/265c8f45-3c30-4a76-9042-66755beb122d
rock_hall,,1964,Who’s Afraid of Virginia Woolf,James Brown,,"Virginia, United States, North America",State/Region,Direct,virginia,37.769,-78.17,,,"n — Virginia Woolf, a person",James Brown,Grits & Soul,Album,James Brown,https://musicbrainz.org/release-group/dd5b2536-4ef0-414f-8738-419792de9d70
rock_hall,,1967,Funky Broadway,James Brown,,"Broadway, New York, New York, United States, North America",Street/Landmark,Direct,broadway,40.759,-73.9845,"also in the dataset by Dyke And The Blazers, Wilson Pickett",,y,James Brown,James Brown Plays the Real Thing,Album,James Brown,https://musicbrainz.org/release-group/0e2ea33e-5aaa-483f-844e-7a3343028982
rock_hall,,1969,Chicago,James Brown,,"Chicago, Illinois, United States, North America",City,Direct,chicago,41.8376,-87.6818,"also in the dataset by Elton John and Kiki Dee, Frank Sinatra, Graham Nash, Michael Jackson, Sufjan Stevens",,y,James Brown,Gettin’ Down to It,Album,James Brown,https://musicbrainz.org/release-group/ced0ec57-eee1-3c5e-9845-827429f59f4b
rock_hall,,1983,Tennessee Waltz,James Brown,,"Tennessee, United States, North America",State/Region,Direct,tennessee,35.747,-86.692,"also in the dataset by Anita O'Day, Bobby Comstock, Guy Lombardo, Jerry Fuller, Jo Stafford, Les Paul, Patti Page, Sam Cooke, Spike Jones, The Fontane Sisters",,y,James Brown,Bring It On!,Album,James Brown,https://musicbrainz.org/release-group/dc3829d1-bed0-4c50-9095-15d5c07eccde
rock_hall,,1986,The J. B. Mastermix (Featuring Living in America and Gravity),James Brown,,"United States, North America",Country,Direct,america,38.8951,-77.0364,,,"n — megamix of 'Living in America', already in the dataset",James Brown,Gravity,Single,James Brown,https://musicbrainz.org/release-group/9df6224c-461b-4c37-9241-39d104b3142a
rock_hall,,1996,Georgia on My Mind,James Brown,,"Georgia, United States, North America",State/Region,Direct,georgia,33.04,-83.643,"also in the dataset by Hoagy Carmichael, Michael Bolton, Ray Charles, The Righteous Brothers, Wes Montgomery, Willie Nelson",,y,James Brown,Soul Jubilee,Album,James Brown,https://musicbrainz.org/release-group/2cf3c8e6-c3b1-3182-9277-6d46b5840d7c
rock_hall,,1993,Columbus Stockade Blues,James Burton and Ralph Mooney,,"Columbus, Georgia, United States, North America",City,Direct,columbus,32.461,-84.9877,"new place — pin from geonamescache, check it; place changed from 'Columbus, Ohio, United States, North America'",,y — the Columbus stockade is in Georgia,James Burton,Corn Pickin' and Slick Slidin',Album,James Burton & Ralph Mooney,https://musicbrainz.org/release-group/6b72275f-9167-4bf3-9213-ec7ad4d3f00d
rock_hall,,1993,Spanish Eyes,James Burton and Ralph Mooney,,"Spain, Europe",Country,Demonym,spanish,40.4165,-3.7026,"also in the dataset by Al Martino, Fifth Avenue",,y,James Burton,Corn Pickin' and Slick Slidin',Album,James Burton & Ralph Mooney,https://musicbrainz.org/release-group/6b72275f-9167-4bf3-9213-ec7ad4d3f00d
rock_hall,,1993,The Texas Waltz,James Burton and Ralph Mooney,,"Texas, United States, North America",State/Region,Direct,texas,31.054,-97.563,,,y,James Burton,Corn Pickin' and Slick Slidin',Album,James Burton & Ralph Mooney,https://musicbrainz.org/release-group/6b72275f-9167-4bf3-9213-ec7ad4d3f00d
rock_hall,,1977,Looking for Love on Broadway,James Taylor,,"Broadway, New York, New York, United States, North America",Street/Landmark,Direct,broadway,40.759,-73.9845,,,y,James Taylor,JT,Album,James Taylor,https://musicbrainz.org/release-group/10539dc3-557c-3cc3-95ec-dd8b0f5d5340
rock_hall,,1978,All the Livelong Day “I Hear America Singing”,"Stephen Schwartz, Craig Carnelia, Micki Grant, Mary Rodgers, James Taylor",,"United States, North America",Country,Direct,america,38.8951,-77.0364,,,"? — cast-album credit lists songwriters, James Taylor among them — check he performs",James Taylor,Working,Album (soundtrack),"Stephen Schwartz, Craig Carnelia, Micki Grant, Mary Rodgers, James Taylor",https://musicbrainz.org/release-group/9d8216b5-0bfa-3b41-b0f5-a5cf81121649
rock_hall,,1981,London Town,James Taylor,,"London, England, United Kingdom, Europe",City,Direct,london,51.5085,-0.1257,"also in the dataset by Bucks Fizz, JDS, Light of the World, Paul McCartney and Wings",,y,James Taylor,Dad Loves His Work,Album,James Taylor,https://musicbrainz.org/release-group/052f864c-5e4f-3e4e-af1a-b619e56b2a31
rock_hall,,1985,Only a Dream in Rio,James Taylor,,"Rio de Janeiro, Brazil, South America",City,Direct,rio,-22.9064,-43.1822,,,y,James Taylor,That's Why I'm Here,Album,James Taylor,https://musicbrainz.org/release-group/7c13bc66-6ec3-3237-b3f7-e10e91cf29dd
rock_hall,,2002,Belfast to Boston,James Taylor,,"Belfast, Northern Ireland, United Kingdom, Europe",City,Direct,belfast,54.59682,-5.92541,,,y,James Taylor,October Road,Album,James Taylor,https://musicbrainz.org/release-group/f4ed449a-fc07-3c6d-a81c-a7b135f3ff24
rock_hall,,2002,Belfast to Boston,James Taylor,,"Boston, Massachusetts, United States, North America",City,Direct,boston,42.332,-71.0202,,,y,James Taylor,October Road,Album,James Taylor,https://musicbrainz.org/release-group/f4ed449a-fc07-3c6d-a81c-a7b135f3ff24
rock_hall,,2008,On Broadway,James Taylor,,"Broadway, New York, New York, United States, North America",Street/Landmark,Direct,broadway,40.759,-73.9845,"also in the dataset by George Benson, The Drifters",,y,James Taylor,Covers,Album,James Taylor,https://musicbrainz.org/release-group/449a6cab-74fa-39d1-94cd-4b4363688df2
rock_hall,,2008,Wichita Lineman,James Taylor,,"Wichita, Kansas, United States, North America",City,Direct,wichita,37.6907,-97.3427,"also in the dataset by Glen Campbell, Sergio Mendes & Brasil '66",,y,James Taylor,Covers,Album,James Taylor,https://musicbrainz.org/release-group/449a6cab-74fa-39d1-94cd-4b4363688df2
rock_hall,,2009,Memphis,James Taylor,,"Memphis, Tennessee, United States, North America",City,Direct,memphis,35.1035,-89.9785,"also in the dataset by Donnie Brooks, Joe Jackson, Johnny Rivers, Lonnie Mack",,y,James Taylor,Other Covers,EP,James Taylor,https://musicbrainz.org/release-group/cdc4f978-2f54-453e-adb3-ddb5dd9b3405
rock_hall,,2015,Far Afghanistan,James Taylor,,"Afghanistan, Asia",Country,Direct,afghanistan,34.5553,69.2075,"new place — pin approximate, check it",,y,James Taylor,Before This World,Album,James Taylor,https://musicbrainz.org/release-group/acc0910f-f491-4977-a5c9-7d8cdf3cd35d
rock_hall,,2020,Moon River,James Taylor,,"Moon River, Georgia, United States",Water/Natural Feature,Direct,moon river,,,,,n — Moon River — excluded by earlier decision (fictional),James Taylor,American Standard,Album,James Taylor,https://musicbrainz.org/release-group/133a7998-f7c3-497b-a4ba-c02a09bcf459
rock_hall,,2020,The Surrey With the Fringe on Top,James Taylor,,"Surrey, Canada",City,Direct,surrey,,,,,n — a surrey is a carriage,James Taylor,American Standard,Album,James Taylor,https://musicbrainz.org/release-group/133a7998-f7c3-497b-a4ba-c02a09bcf459
rock_hall,,2011,Mercedes Benz: The American Dream,G-Eazy ft. Janis Joplin,,"United States, North America",Country,Demonym,american,38.8951,-77.0364,,,? — Janis Joplin is a sample on a G-Eazy track,Janis Joplin,Mercedes Benz: The American Dream,Single,G‐Eazy featuring Janis Joplin,https://musicbrainz.org/release-group/b28b3710-a890-4b4b-a2dc-f053d8c7c19f
rock_hall,,2022,Kansas City Blues,Janis Joplin and Jorma Kaukonen,,"Kansas City, Missouri, United States, North America",City,Direct,kansas city,39.1252,-94.5511,,,y,Janis Joplin,The Legendary Typewriter Tape 6/25/64 Jorma's House,Album,Janis Joplin & Jorma Kaukonen,https://musicbrainz.org/release-group/5e4875de-9fea-4225-a80b-9d9baf90466d
rock_hall,,2007,American Dreamin',Jay-Z,,"United States, North America",Country,Demonym,american,38.8951,-77.0364,,,y,Jay-Z,American Gangster,Album,Jay Z & Jay-Z,https://musicbrainz.org/release-group/4632d7ca-8813-303b-b85d-c1125cb05671
rock_hall,,2007,American Gangster,Jay-Z,,"United States, North America",Country,Demonym,american,38.8951,-77.0364,,,y,Jay-Z,American Gangster,Album,Jay Z & Jay-Z,https://musicbrainz.org/release-group/4632d7ca-8813-303b-b85d-c1125cb05671
rock_hall,,2007,Hello Brooklyn 2.0,Jay-Z and Lil Wayne,,"Brooklyn, New York, New York, United States, North America",Neighborhood/District,Direct,brooklyn,40.6782,-73.9442,,,y,Jay-Z,American Gangster,Album,"Jay Z, Jay-Z & Lil Wayne",https://musicbrainz.org/release-group/4632d7ca-8813-303b-b85d-c1125cb05671
rock_hall,,1992,Thailand,Jeff Beck and Jed Leiber,,"Thailand, Asia",Country,Direct,thailand,13.754,100.5014,also in the dataset by Roddy Ricch,,y,Jeff Beck,Frankie’s House,Album (soundtrack),Jeff Beck and Jed Leiber,https://musicbrainz.org/release-group/4605fae2-0097-371b-8875-ebf302ef000a
rock_hall,,2003,Bulgaria,Jeff Beck,,"Bulgaria, Europe",Country,Direct,bulgaria,42.6977,23.3219,"new place — pin approximate, check it",,y,Jeff Beck,Jeff,Album,Jeff Beck,https://musicbrainz.org/release-group/991384f7-8ee0-3868-a69d-695ed05d1dd6
rock_hall,,2010,Corpus Christi Carol,Jeff Beck,,"Corpus Christi, Texas",City,Direct,corpus christi,,,,,"n — Corpus Christi Carol is about the feast, not the city",Jeff Beck,Emotion & Commotion,Album,Jeff Beck,https://musicbrainz.org/release-group/a5fec79a-eb30-442c-a349-55fa19930e3f
rock_hall,,2016,The Ballad of the Jersey Wives,Jeff Beck,,"New Jersey, United States, North America",State/Region,Nickname,jersey,40.298,-74.521,,,y,Jeff Beck,Loud Hailer,Album,Jeff Beck,https://musicbrainz.org/release-group/1cc99424-7508-419e-a118-88172e5fa60c
rock_hall,,1968,Ice Cream Phoenix,Jefferson Airplane,,"Phoenix, Arizona, United States, North America",City,Direct,phoenix,33.5722,-112.088,,,"n — the phoenix, the bird",Jefferson Airplane,Crown of Creation,Album,Jefferson Airplane,https://musicbrainz.org/release-group/8b2b0602-018e-3877-abe8-d21f22a0f59b
rock_hall,,1971,Never Argue With a German If You're Tired or European Song,Jefferson Airplane,,Europe,Continent/Region,Demonym,european,54.526,15.2551,contains another place in this title — pre-marked n; set y only if both places are the point of the title,n,n — the inner place in this title has its own row,Jefferson Airplane,Bark,Album,Jefferson Airplane,https://musicbrainz.org/release-group/a4f9d4f4-c2db-3134-9143-2afe22c0f061
rock_hall,,1971,Never Argue With a German If You're Tired or European Song,Jefferson Airplane,,"Germany, Europe",Country,Demonym,german,52.52437,13.41053,,,y,Jefferson Airplane,Bark,Album,Jefferson Airplane,https://musicbrainz.org/release-group/a4f9d4f4-c2db-3134-9143-2afe22c0f061
rock_hall,,1971,Third Week in the Chelsea,Jefferson Airplane,,"Chelsea, New York, New York, United States, North America",Neighborhood/District,Direct,chelsea,40.7465,-74.0014,,,y,Jefferson Airplane,Bark,Album,Jefferson Airplane,https://musicbrainz.org/release-group/a4f9d4f4-c2db-3134-9143-2afe22c0f061
rock_hall,,1924,London Blues,Jelly Roll Morton,,"London, England, United Kingdom, Europe",City,Direct,london,51.5085,-0.1257,,,y,Jelly Roll Morton,London Blues,Single,Jelly Roll Morton,https://musicbrainz.org/release-group/b6f8b7ad-4b16-4974-8e72-ca8efeb33d6d
rock_hall,,1924,Shreveport Stomp,Jelly Roll Morton,,"Shreveport, Louisiana, United States, North America",City,Direct,shreveport,32.5251,-93.7502,"new place — pin from geonamescache, check it",,y,Jelly Roll Morton,Shreveport Stomp,Single,Jelly Roll Morton,https://musicbrainz.org/release-group/aad19546-e159-47f1-9392-4507114c9357
rock_hall,,1924,Shreveport Stomps,Jelly Roll Morton,,"Shreveport, Louisiana",City,Direct,shreveport,,,,,n — same tune as Jelly Roll Morton's 'Shreveport Stomp',Jelly Roll Morton,Shreveport Stomps / Stratford Hunch,Single,Jelly Roll Morton,https://musicbrainz.org/release-group/fa8ec995-842b-4153-8fbb-395161fd6ae7
rock_hall,,1924,Stratford Hunch,Jelly Roll Morton,,"Stratford, Connecticut",City,Direct,stratford,,,,,"n — Stratford Hunch isn't Stratford, Connecticut",Jelly Roll Morton,Shreveport Stomps / Stratford Hunch,Single,Jelly Roll Morton,https://musicbrainz.org/release-group/fa8ec995-842b-4153-8fbb-395161fd6ae7
rock_hall,,1924,Stratford Huntch,Jelly Roll Morton,,"Stratford, Connecticut",City,Direct,stratford,,,,,"n — Stratford Hunch isn't Stratford, Connecticut",Jelly Roll Morton,Stratford Huntch,Single,Jelly Roll Morton,https://musicbrainz.org/release-group/891bae91-dd29-455b-a64a-5e0c86c83949
rock_hall,,1929,Seattle Hunch,Jelly Roll Morton,,"Seattle, Washington, United States, North America",City,Direct,seattle,47.6205,-122.3509,,,y,Jelly Roll Morton,Seattle Hunch / Freakish,Single,Jelly Roll Morton,https://musicbrainz.org/release-group/51ea94bc-b359-4707-9dd7-e4cdd382b5dd
rock_hall,,1939,Michigan Water Blues,Jelly Roll Morton,,"Michigan, United States, North America",State/Region,Direct,michigan,43.326,-84.536,,,y,Jelly Roll Morton,Naked Dance / Michigan Water Blues,Single,Jelly Roll Morton,https://musicbrainz.org/release-group/3ffe386a-98c2-4b4c-b80d-0d191d78dd98
rock_hall,,1947,"Kansas City Stomp, Concl.",Jelly Roll Morton,,"Kansas City, Missouri, United States, North America",City,Direct,kansas city,39.1252,-94.5511,,,"n — same tune as 'Kansas City Stomps', already in the dataset",Jelly Roll Morton,The Saga Of Mr. Jelly Lord Vol. III - Jazz Is . . . Strictly Music,Album,Jelly Roll Morton,https://musicbrainz.org/release-group/5dacd7ab-b0a3-41c2-afd7-87b07ddf2357
rock_hall,,1947,"Kansas City Stomp, Part 1",Jelly Roll Morton,,"Kansas City, Missouri, United States, North America",City,Direct,kansas city,39.1252,-94.5511,may be the same song as 'Kansas City Stomps' already in the dataset,,"n — same tune as 'Kansas City Stomps', already in the dataset",Jelly Roll Morton,The Saga Of Mr. Jelly Lord Vol. III - Jazz Is . . . Strictly Music,Album,Jelly Roll Morton,https://musicbrainz.org/release-group/5dacd7ab-b0a3-41c2-afd7-87b07ddf2357
rock_hall,,1947,"Maple Leaf Rag, Concl. (St. Louis Style)",Jelly Roll Morton,,"St. Louis, Missouri, United States, North America",City,Direct,st louis,38.6357,-90.2446,,,n — 'St. Louis style' describes a performance,Jelly Roll Morton,The Saga Of Mr. Jelly Lord Vol. III - Jazz Is . . . Strictly Music,Album,Jelly Roll Morton,https://musicbrainz.org/release-group/5dacd7ab-b0a3-41c2-afd7-87b07ddf2357
rock_hall,,1947,"Maple Leaf Rag, Part I (St. Louis Style)",Jelly Roll Morton,,"St. Louis, Missouri, United States, North America",City,Direct,st louis,38.6357,-90.2446,,,n — 'St. Louis style' describes a performance,Jelly Roll Morton,The Saga Of Mr. Jelly Lord Vol. III - Jazz Is . . . Strictly Music,Album,Jelly Roll Morton,https://musicbrainz.org/release-group/5dacd7ab-b0a3-41c2-afd7-87b07ddf2357
rock_hall,,1967,New Orleans Bump,Jelly Roll Morton,,"New Orleans, Louisiana, United States, North America",City,Direct,new orleans,30.0686,-89.939,"earliest MusicBrainz release is 1967, after Jelly Roll Morton died (1941) — probably a reissue; use the original release year",,y,Jelly Roll Morton,Mr. Jelly Lord,Album,Jelly Roll Morton,https://musicbrainz.org/release-group/2c4003b7-41fc-4120-9bac-5e12deb7b94d
rock_hall,,1991,New Orleans Blues,Jelly Roll Morton,,"New Orleans, Louisiana, United States, North America",City,Direct,new orleans,30.0686,-89.939,"earliest MusicBrainz release is 1991, after Jelly Roll Morton died (1941) — probably a reissue; use the original release year",,y,Jelly Roll Morton,The Pianist and Composer - Volume 1,Album,Jelly Roll Morton,https://musicbrainz.org/release-group/5e7978ed-61fe-43b1-a9c5-e6245ef2670a
rock_hall,,1992,Creole Boy,Jelly Roll Morton,,"Louisiana, United States, North America",State/Region,Demonym,creole,31.169,-91.867,"earliest MusicBrainz release is 1992, after Jelly Roll Morton died (1941) — probably a reissue; use the original release year",,"n — Broadway cast album of Jelly's Last Jam: Morton wrote it, the cast performs it",Jelly Roll Morton,Jelly's Last Jam,Album (soundtrack),Jelly Roll Morton,https://musicbrainz.org/release-group/61ae2414-130d-3837-a738-326abdeac121
rock_hall,,1992,Good Ole New York,Jelly Roll Morton,,"New York, New York, United States, North America",City,Direct,new york,40.6643,-73.9385,"earliest MusicBrainz release is 1992, after Jelly Roll Morton died (1941) — probably a reissue; use the original release year",,"n — Broadway cast album of Jelly's Last Jam: Morton wrote it, the cast performs it",Jelly Roll Morton,Jelly's Last Jam,Album (soundtrack),Jelly Roll Morton,https://musicbrainz.org/release-group/61ae2414-130d-3837-a738-326abdeac121
rock_hall,,1992,Michigan Water,Jelly Roll Morton,,"Michigan, United States, North America",State/Region,Direct,michigan,43.326,-84.536,"earliest MusicBrainz release is 1992, after Jelly Roll Morton died (1941) — probably a reissue; use the original release year",,"n — Broadway cast album of Jelly's Last Jam: Morton wrote it, the cast performs it",Jelly Roll Morton,Jelly's Last Jam,Album (soundtrack),Jelly Roll Morton,https://musicbrainz.org/release-group/61ae2414-130d-3837-a738-326abdeac121
rock_hall,,1992,That's the Way We Do Things in New York,Jelly Roll Morton,,"New York, New York, United States, North America",City,Direct,new york,40.6643,-73.9385,"earliest MusicBrainz release is 1992, after Jelly Roll Morton died (1941) — probably a reissue; use the original release year",,"n — Broadway cast album of Jelly's Last Jam: Morton wrote it, the cast performs it",Jelly Roll Morton,Jelly's Last Jam,Album (soundtrack),Jelly Roll Morton,https://musicbrainz.org/release-group/61ae2414-130d-3837-a738-326abdeac121
rock_hall,,1992,The Chicago Strut,Jelly Roll Morton,,"Chicago, Illinois, United States, North America",City,Direct,chicago,41.8376,-87.6818,"earliest MusicBrainz release is 1992, after Jelly Roll Morton died (1941) — probably a reissue; use the original release year",,"n — Broadway cast album of Jelly's Last Jam: Morton wrote it, the cast performs it",Jelly Roll Morton,Jelly's Last Jam,Album (soundtrack),Jelly Roll Morton,https://musicbrainz.org/release-group/61ae2414-130d-3837-a738-326abdeac121
rock_hall,,1992,The Creole Way,Jelly Roll Morton,,"Louisiana, United States, North America",State/Region,Demonym,creole,31.169,-91.867,"earliest MusicBrainz release is 1992, after Jelly Roll Morton died (1941) — probably a reissue; use the original release year",,"n — Broadway cast album of Jelly's Last Jam: Morton wrote it, the cast performs it",Jelly Roll Morton,Jelly's Last Jam,Album (soundtrack),Jelly Roll Morton,https://musicbrainz.org/release-group/61ae2414-130d-3837-a738-326abdeac121
rock_hall,,2003,West End Blues,Jelly Roll Morton,,"West End, New Orleans, Louisiana, United States, North America",Neighborhood/District,Direct,west end,30.009,-90.117,"new place — pin approximate, check it; place changed from 'West End, London, England, United Kingdom, Europe'; earliest MusicBrainz release is 2003, after Jelly Roll Morton died (1941) — probably a reissue; use the original release year",,"? — West End Blues is named for New Orleans's West End, not London's",Jelly Roll Morton,The Best of Jelly Roll Morton: Original Hits,Album,Jelly Roll Morton,https://musicbrainz.org/release-group/328d88b5-7032-41c6-9f66-479de41e5238
rock_hall,,2005,"""Maple Leaf Rag,"" New Orleans style",Jelly Roll Morton,,"New Orleans, Louisiana, United States, North America",City,Direct,new orleans,30.0686,-89.939,,,n — 'New Orleans style' describes a performance,Jelly Roll Morton,The Complete Library of Congress Recordings,Album,Jelly Roll Morton,https://musicbrainz.org/release-group/394a2ca6-8a57-3657-bd58-e420b22fe17c
rock_hall,,2005,"""Maple Leaf Rag,"" St. Louis style, conclusion",Jelly Roll Morton,,"St. Louis, Missouri, United States, North America",City,Direct,st louis,38.6357,-90.2446,,,n — 'St. Louis style' describes a performance,Jelly Roll Morton,The Complete Library of Congress Recordings,Album,Jelly Roll Morton,https://musicbrainz.org/release-group/394a2ca6-8a57-3657-bd58-e420b22fe17c
rock_hall,,2005,"""Panama""",Jelly Roll Morton,,"Panama, North America",Country,Direct,panama,9,-80,"also in the dataset by Al Hirt; earliest MusicBrainz release is 2005, after Jelly Roll Morton died (1941) — probably a reissue; use the original release year",,y,Jelly Roll Morton,The Complete Library of Congress Recordings,Album,Jelly Roll Morton,https://musicbrainz.org/release-group/394a2ca6-8a57-3657-bd58-e420b22fe17c
rock_hall,,2005,"""Spanish Swat""",Jelly Roll Morton,,"Spain, Europe",Country,Demonym,spanish,40.4165,-3.7026,"earliest MusicBrainz release is 2005, after Jelly Roll Morton died (1941) — probably a reissue; use the original release year",,y,Jelly Roll Morton,The Complete Library of Congress Recordings,Album,Jelly Roll Morton,https://musicbrainz.org/release-group/394a2ca6-8a57-3657-bd58-e420b22fe17c
rock_hall,,2006,Beale Street Blues,Jelly Roll Morton,,"Beale Street, Memphis, Tennessee, United States, North America",Street/Landmark,Direct,beale street,35.139444,-90.051944,"also in the dataset by Ella Fitzgerald; earliest MusicBrainz release is 2006, after Jelly Roll Morton died (1941) — probably a reissue; use the original release year",,y,Jelly Roll Morton,The Best of Jelly Roll Morton,Album,Jelly Roll Morton,https://musicbrainz.org/release-group/b9b666af-104f-4d52-bc6e-e93e12be19fa
rock_hall,,2006,I'm Alabama Bound,Jelly Roll Morton,,"Alabama, United States, North America",State/Region,Direct,alabama,32.806,-86.791,"earliest MusicBrainz release is 2006, after Jelly Roll Morton died (1941) — probably a reissue; use the original release year",,y,Jelly Roll Morton,The Library of Congress Recordings by Alan Lomax,Album,Jelly Roll Morton,https://musicbrainz.org/release-group/40fe3d9b-f5c1-4102-a4b3-923fd29344db
rock_hall,,2006,Jazz Discords and Story of Kansas City Stomp,Jelly Roll Morton,,"Kansas City, Missouri, United States, North America",City,Direct,kansas city,39.1252,-94.5511,,,n — a spoken story,Jelly Roll Morton,The Library of Congress Recordings by Alan Lomax,Album,Jelly Roll Morton,https://musicbrainz.org/release-group/40fe3d9b-f5c1-4102-a4b3-923fd29344db
rock_hall,,2006,"Spanish Tinge, The",Jelly Roll Morton,,"Spain, Europe",Country,Demonym,spanish,40.4165,-3.7026,"earliest MusicBrainz release is 2006, after Jelly Roll Morton died (1941) — probably a reissue; use the original release year",,y,Jelly Roll Morton,The Library of Congress Recordings by Alan Lomax,Album,Jelly Roll Morton,https://musicbrainz.org/release-group/40fe3d9b-f5c1-4102-a4b3-923fd29344db
rock_hall,,2010,New Orleans (Blues) Joys,Jelly Roll Morton,,"New Orleans, Louisiana, United States, North America",City,Direct,new orleans,30.0686,-89.939,"earliest MusicBrainz release is 2010, after Jelly Roll Morton died (1941) — probably a reissue; use the original release year",,y,Jelly Roll Morton,Volume 1 (1923-1929),Album,Jelly Roll Morton,https://musicbrainz.org/release-group/406d7dff-2496-4441-afec-86ff1a77090d
rock_hall,,,Night Train to Memphis,Jerry Lee Lewis,,"Memphis, Tennessee, United States, North America",City,Direct,memphis,35.1035,-89.9785,no release date on MusicBrainz — fill in year,,y,Jerry Lee Lewis,Jerry Lee Lewis,Album,Jerry Lee Lewis,https://musicbrainz.org/release-group/f8b70cea-fe9c-44bd-b353-06fbc756cf1a
rock_hall,,1965,Carry Me Back to Old Virginia,Jerry Lee Lewis,,"Virginia, United States, North America",State/Region,Direct,virginia,37.769,-78.17,,,y,Jerry Lee Lewis,Carry Me Back to Old Virginia / I Know What It Means,Single,Jerry Lee Lewis,https://musicbrainz.org/release-group/1d879a0e-5cb0-46e1-9ffb-8f9a3ed76665
rock_hall,,1965,Detroit City,Jerry Lee Lewis,,"Detroit, Michigan, United States, North America",City,Direct,detroit,42.383,-83.1022,"also in the dataset by Bobby Bare, Tom Jones",,y,Jerry Lee Lewis,Country Songs for City Folks,Album,Jerry Lee Lewis,https://musicbrainz.org/release-group/9bf5f866-02b6-4bb3-ac10-1f98c9517501
rock_hall,,1965,North to Alaska,Jerry Lee Lewis,,"Alaska, United States, North America",State/Region,Direct,alaska,61.37,-152.404,also in the dataset by Johnny Horton,,y,Jerry Lee Lewis,Country Songs for City Folks,Album,Jerry Lee Lewis,https://musicbrainz.org/release-group/9bf5f866-02b6-4bb3-ac10-1f98c9517501
rock_hall,,1966,Memphis Beat,Jerry Lee Lewis,,"Memphis, Tennessee, United States, North America",City,Direct,memphis,35.1035,-89.9785,,,y,Jerry Lee Lewis,Memphis Beat,Album,Jerry Lee Lewis,https://musicbrainz.org/release-group/f633badf-e5d2-458c-aaa8-17092f82bdb4
rock_hall,,1969,Jackson,Jerry Lee Lewis and Linda Gail Lewis,,"Jackson, Mississippi, United States, North America",City,Direct,jackson,32.3158,-90.2128,"also in the dataset by Cymbals Eat Guitars, Johnny Cash, Nancy Sinatra and Lee Hazlewood",,y,Jerry Lee Lewis,Together,Album,Jerry Lee Lewis & Linda Gail Lewis,https://musicbrainz.org/release-group/0c855469-3201-4c2e-966c-dd672a212748
rock_hall,,1969,Louisiana Man,Jerry Lee Lewis,,"Louisiana, United States, North America",State/Region,Direct,louisiana,31.169,-91.867,"also in the dataset by Bobbie Gentry, The Pozo Seco Singers",,y,Jerry Lee Lewis,She Still Comes Around (To Love What’s Left of Me),Album,Jerry Lee Lewis,https://musicbrainz.org/release-group/02e9785b-2419-47c4-94e8-3b0f8f68fdd9
rock_hall,,1969,Milwaukee Here I Come,Jerry Lee Lewis and Linda Gail Lewis,,"Milwaukee, Wisconsin, United States, North America",City,Direct,milwaukee,43.0633,-87.9667,,,y,Jerry Lee Lewis,Together,Album,Jerry Lee Lewis & Linda Gail Lewis,https://musicbrainz.org/release-group/0c855469-3201-4c2e-966c-dd672a212748
rock_hall,,1970,Waiting for a Train,Jerry Lee Lewis,,"A Train, New York, New York, United States, North America",Street/Landmark,Direct,a train,40.82404,-73.944769,,,"n — 'a train', not the A train subway line",Jerry Lee Lewis,She Even Woke Me Up to Say Goodbye,Album,Jerry Lee Lewis,https://musicbrainz.org/release-group/197e0311-aa87-4356-85af-bbf30848fdc2
rock_hall,,1972,No Traffic Out of Abilene,Jerry Lee Lewis,,"Abilene, Texas, United States, North America",City,Direct,abilene,32.4545,-99.7381,,,y,Jerry Lee Lewis,Who’s Gonna Play This Old Piano,Album,Jerry Lee Lewis,https://musicbrainz.org/release-group/9adbfc14-5001-472f-9592-4c4bc92d300c
rock_hall,,1973,Memphis,Jerry Lee Lewis,,"Memphis, Tennessee, United States, North America",City,Direct,memphis,35.1035,-89.9785,"also in the dataset by Donnie Brooks, Joe Jackson, Johnny Rivers, Lonnie Mack",,y,Jerry Lee Lewis,The Session Recorded in London With Great Guest Artists,Album,Jerry Lee Lewis,https://musicbrainz.org/release-group/90569312-d319-4a05-a479-33dcdee8ecbb
rock_hall,,1973,That Old Bourbon Street Church,Jerry Lee Lewis,,"Bourbon Street, New Orleans, Louisiana, United States, North America",Street/Landmark,Direct,bourbon street,29.9584,-90.0644,,,y,Jerry Lee Lewis,Southern Roots,Album,Jerry Lee Lewis,https://musicbrainz.org/release-group/6a354f15-e39b-4735-b87e-7b9c61f8b839
rock_hall,,1977,Georgia on My Mind,Jerry Lee Lewis,,"Georgia, United States, North America",State/Region,Direct,georgia,33.04,-83.643,"also in the dataset by Hoagy Carmichael, Michael Bolton, Ray Charles, The Righteous Brothers, Wes Montgomery, Willie Nelson",,y,Jerry Lee Lewis,Country Memories,Album,Jerry Lee Lewis,https://musicbrainz.org/release-group/d548399d-1b60-3482-9a75-908187a617ec
rock_hall,,1977,Tennessee Saturday Night,Jerry Lee Lewis,,"Tennessee, United States, North America",State/Region,Direct,tennessee,35.747,-86.692,also in the dataset by Pat Boone,,y,Jerry Lee Lewis,Country Memories,Album,Jerry Lee Lewis,https://musicbrainz.org/release-group/d548399d-1b60-3482-9a75-908187a617ec
rock_hall,,1978,Arkansas Seesaw,Jerry Lee Lewis,,"Arkansas, United States, North America",State/Region,Direct,arkansas,34.7465,-92.2896,"new place — pin approximate, check it",,y,Jerry Lee Lewis,Keeps Rockin’,Album,Jerry Lee Lewis,https://musicbrainz.org/release-group/c20aa166-5dd2-42b0-93b1-992ddf6d3bca
rock_hall,,1980,Alabama Jubilee,Jerry Lee Lewis,,"Alabama, United States, North America",State/Region,Direct,alabama,32.806,-86.791,also in the dataset by Ferko String Band,,y,Jerry Lee Lewis,When Two Worlds Collide,Album,Jerry Lee Lewis,https://musicbrainz.org/release-group/5bd8a188-95ee-3f0f-ae09-9283aa9d12e0
rock_hall,,1995,Miss the Mississippi and You,Jerry Lee Lewis,,"Mississippi, United States, North America",State/Region,Direct,mississippi,32.741,-89.678,,,y,Jerry Lee Lewis,Young Blood,Album,Jerry Lee Lewis,https://musicbrainz.org/release-group/aff38643-7f42-37a5-99a8-edaa57fe2582
rock_hall,,2006,What Makes the Irish Heart Beat,Jerry Lee Lewis and Don Henley,,"Ireland, Europe",Country,Demonym,irish,53.3331,-6.2489,,,y,Jerry Lee Lewis,Last Man Standing,Album,Jerry Lee Lewis with Don Henley,https://musicbrainz.org/release-group/c670b4bd-4168-32aa-883b-8a44e9e09213
rock_hall,,2010,Love on Broadway,Jerry Lee Lewis,,"Broadway, New York, New York, United States, North America",Street/Landmark,Direct,broadway,40.759,-73.9845,,,y,Jerry Lee Lewis,The Essential Sun Records Country Hits,Album,Jerry Lee Lewis,https://musicbrainz.org/release-group/fe6c8198-7a34-4df9-8dd5-da7304daa663
rock_hall,,2010,Sweet Virginia,Jerry Lee Lewis ft. Keith Richards,,"Virginia, United States, North America",State/Region,Direct,virginia,37.769,-78.17,also in the dataset by The Rolling Stones,,y,Jerry Lee Lewis,Mean Old Man,Album,Jerry Lee Lewis feat. Keith Richards,https://musicbrainz.org/release-group/9e5c011c-7f22-4147-b2b0-e76217f14090
rock_hall,,2014,Mississippi Kid,Jerry Lee Lewis,,"Mississippi, United States, North America",State/Region,Direct,mississippi,32.741,-89.678,,,y,Jerry Lee Lewis,Rock & Roll Time,Album,Jerry Lee Lewis,https://musicbrainz.org/release-group/b13babb2-5cea-4326-a767-843129c32a32
rock_hall,,1986,Big Train (From Memphis),"Carl Perkins, Jerry Lee Lewis, Roy Orbison and Johnny Cash",,"Memphis, Tennessee, United States, North America",City,Direct,memphis,35.1035,-89.9785,,,y,Jerry Lee Lewis; Carl Perkins; Roy Orbison; Johnny Cash,Class of ’55: Memphis Rock & Roll Homecoming,Album,"Carl Perkins, Jerry Lee Lewis, Roy Orbison & Johnny Cash",https://musicbrainz.org/release-group/51d7fe2f-b616-302d-9274-ace06d99b5ae
rock_hall,,1967,Spanish Castle Magic,The Jimi Hendrix Experience,,"Spain, Europe",Country,Demonym,spanish,40.4165,-3.7026,,,? — the Spanish Castle was a club near Seattle — your call,Jimi Hendrix,Axis: Bold as Love,Album,The Jimi Hendrix Experience,https://musicbrainz.org/release-group/d0b1e21e-cef6-4575-8d92-1afea1894ca3
rock_hall,,1975,Peace in Mississippi,Jimi Hendrix,,"Mississippi, United States, North America",State/Region,Direct,mississippi,32.741,-89.678,,,y,Jimi Hendrix,Crash Landing,Album,Jimi Hendrix,https://musicbrainz.org/release-group/ee86146e-ab9b-33b0-9bf7-65bc75e244fb
rock_hall,,2018,Georgia Blues,Jimi Hendrix,,"Georgia, United States, North America",State/Region,Direct,georgia,33.04,-83.643,,,y,Jimi Hendrix,Both Sides of the Sky,Album,Jimi Hendrix,https://musicbrainz.org/release-group/36dcb4f4-7efe-4f3a-943e-75c7ac232f83
rock_hall,,2018,Woodstock,Jimi Hendrix,,"Woodstock, New York, United States, North America",City,Direct,woodstock,42.0409,-74.1182,"also in the dataset by Crosby, Stills, Nash & Young, Joni Mitchell, Matthews Southern Comfort, The Assembled Multitude",,y,Jimi Hendrix,Both Sides of the Sky,Album,Jimi Hendrix,https://musicbrainz.org/release-group/36dcb4f4-7efe-4f3a-943e-75c7ac232f83
rock_hall,,1927,Blue Yodel No. 1 (T for Texas),Jimmie Rodgers,,"Texas, United States, North America",State/Region,Direct,texas,31.054,-97.563,,,y,Jimmie Rodgers,Away Out on the Mountain / Blue Yodel No. 1 (T for Texas),Single,Jimmie Rodgers,https://musicbrainz.org/release-group/f9a3c49c-1d84-33f7-b14b-48cdc4717bf6
rock_hall,,1928,Blue Yodel No. 4 (California Blues),Jimmie Rodgers,,"California, United States, North America",State/Region,Direct,california,36.116,-119.682,,,y,Jimmie Rodgers,Waiting for a Train / Blue Yodel No. 4 (California Blues),Single,Jimmie Rodgers,https://musicbrainz.org/release-group/ecda9f51-3bda-41b3-ae3d-ffafcd8f76a4
rock_hall,,1928,Waiting for a Train,Jimmie Rodgers,,"A Train, New York, New York, United States, North America",Street/Landmark,Direct,a train,40.82404,-73.944769,,,"n — 'a train', not the A train subway line",Jimmie Rodgers,Waiting for a Train / Blue Yodel No. 4 (California Blues),Single,Jimmie Rodgers,https://musicbrainz.org/release-group/ecda9f51-3bda-41b3-ae3d-ffafcd8f76a4
rock_hall,,1929,Everybody Does It in Hawaii,Jimmie Rodgers,,"Hawaii, United States, North America",State/Region,Direct,hawaii,21.094,-157.498,,,y,Jimmie Rodgers,Frankie and Johnnie / Everybody Does It in Hawaii,Single,Jimmie Rodgers,https://musicbrainz.org/release-group/18246f50-c954-3c0c-99ed-58a429f59205
rock_hall,,1929,My Carolina Sunshine Girl,Jimmie Rodgers,,"The Carolinas, United States, North America",State/Region,Direct,carolina,34.8,-79.5,,,y,Jimmie Rodgers,My Carolina Sunshine Girl / Desert Blues,Single,Jimmie Rodgers,https://musicbrainz.org/release-group/cda8b94a-d459-443f-bc49-bb5b3752eb92
rock_hall,,1930,Jimmie's Texas Blues,Jimmie Rodgers,,"Texas, United States, North America",State/Region,Direct,texas,31.054,-97.563,,,y,Jimmie Rodgers,Train Whistle Blues / Jimmie’s Texas Blues,Single,Jimmie Rodgers,https://musicbrainz.org/release-group/7e0acf60-1d08-4fd1-bde6-816e736c33d1
rock_hall,,1931,Mississippi River Blues,Jimmie Rodgers,,"Mississippi, United States, North America",State/Region,Direct,mississippi,32.741,-89.678,,,y,Jimmie Rodgers,T.B. Blues / Mississippi River Blues,Single,Jimmie Rodgers,https://musicbrainz.org/release-group/2aabf521-d94d-4b48-8db9-209d102fbafc
rock_hall,,1932,Peach Pickin' Time Down in Georgia,Jimmie Rodgers,,"Georgia, United States, North America",State/Region,Direct,georgia,33.04,-83.643,,,y,Jimmie Rodgers,Peach Pickin' Time Down in Georgia / Prairie Lullaby,Single,Jimmie Rodgers,https://musicbrainz.org/release-group/d909b489-fbaa-476d-9025-53eb04045d85
rock_hall,,1932,Roll Along Kentucky Moon,Jimmie Rodgers,,"Kentucky, United States, North America",State/Region,Direct,kentucky,37.668,-84.67,,,y,Jimmie Rodgers,Roll Along Kentucky Moon / For the Sake of Days Gone By,Single,Jimmie Rodgers,https://musicbrainz.org/release-group/a9b4d251-2bc3-45d0-8089-95d74c0889ce
rock_hall,,1933,Mississippi Delta Blues,Jimmie Rodgers,,"Mississippi Delta, Mississippi, United States, North America",Continent/Region,Direct,mississippi delta,33.75,-90.7,"new place — pin approximate, check it",,y,Jimmie Rodgers,Mississippi Delta Blues / Old Pal of My Heart,Single,Jimmie Rodgers,https://musicbrainz.org/release-group/e19c8d8d-e6fe-3232-96a3-ac50cc73507b
rock_hall,,1970,A Mile High in Denver,Jimmy Buffett,,"Denver, Colorado, United States, North America",City,Direct,denver,39.7618,-104.8806,,,y,Jimmy Buffett,Down to Earth,Album,Jimmy Buffett,https://musicbrainz.org/release-group/f0e7f0a8-1fc1-38e1-8145-b6d037d9a099
rock_hall,,1970,Captain America,Jimmy Buffett,,"United States, North America",Country,Direct,america,38.8951,-77.0364,,,y,Jimmy Buffett,Down to Earth,Album,Jimmy Buffett,https://musicbrainz.org/release-group/f0e7f0a8-1fc1-38e1-8145-b6d037d9a099
rock_hall,,1973,Cuban Crime of Passion,Jimmy Buffett,,"Cuba, North America",Country,Demonym,cuban,23.133,-82.383,,,y,Jimmy Buffett,A White Sport Coat and a Pink Crustacean,Album,Jimmy Buffett,https://musicbrainz.org/release-group/865031cd-4a84-308e-849c-5c57a5160a12
rock_hall,,1973,He Went to Paris,Jimmy Buffett,,"Paris, France, Europe",City,Direct,paris,48.8534,2.3488,,,y,Jimmy Buffett,A White Sport Coat and a Pink Crustacean,Album,Jimmy Buffett,https://musicbrainz.org/release-group/865031cd-4a84-308e-849c-5c57a5160a12
rock_hall,,1974,Dallas,Jimmy Buffett,,"Dallas, Texas, United States, North America",City,Direct,dallas,32.7942,-96.7655,also in the dataset by Jimmie Dale and The Flatlanders,,y,Jimmy Buffett,A1A,Album,Jimmy Buffett,https://musicbrainz.org/release-group/cfa59a34-e736-3f23-b587-d3e924921d1b
rock_hall,,1974,Livingston’s Gone to Texas,Jimmy Buffett,,"Texas, United States, North America",State/Region,Direct,texas,31.054,-97.563,,,y,Jimmy Buffett,Living and Dying in ¾ Time,Album,Jimmy Buffett,https://musicbrainz.org/release-group/bb7b7af7-004e-3796-8cbc-967083487561
rock_hall,,1974,West Nashville Grand Ballroom Gown,Jimmy Buffett,,"Nashville, Tennessee, United States, North America",City,Direct,nashville,36.1718,-86.785,,,y,Jimmy Buffett,Living and Dying in ¾ Time,Album,Jimmy Buffett,https://musicbrainz.org/release-group/bb7b7af7-004e-3796-8cbc-967083487561
rock_hall,,1975,Havaña Daydreamin’,Jimmy Buffett,,"Havana, Cuba, North America",City,Direct,havana,23.133,-82.383,,,y,Jimmy Buffett,Havaña Daydreamin’,Album,Jimmy Buffett,https://musicbrainz.org/release-group/e04baeae-3b27-3e54-9a93-219cd026b229
rock_hall,,1976,Death Valley Lives,Jimmy Buffett,,"Death Valley, California, United States, North America",Continent/Region,Direct,death valley,36.5,-117.08,,,y,Jimmy Buffett,High Cumberland Jubilee,Album,Jimmy Buffett,https://musicbrainz.org/release-group/a40e0072-86ac-3cc4-a3c3-341edaef3858
rock_hall,,1976,England,Jimmy Buffett,,"England, United Kingdom, Europe",Country,Direct,england,51.5074,-0.1278,also in the dataset by Ed Sheeran,,y,Jimmy Buffett,High Cumberland Jubilee,Album,Jimmy Buffett,https://musicbrainz.org/release-group/a40e0072-86ac-3cc4-a3c3-341edaef3858
rock_hall,,1976,High Cumberland Jubilee,Jimmy Buffett,,"Cumberland Mountains, Kentucky/Tennessee, United States, North America",Water/Natural Feature,Direct,cumberland,36.75,-83.6,"new place — pin approximate, check it; place changed from 'Cumberland, Rhode Island'",,"? — Cumberland Mountains (Kentucky/Tennessee), not Cumberland, Rhode Island",Jimmy Buffett,High Cumberland Jubilee,Album,Jimmy Buffett,https://musicbrainz.org/release-group/a40e0072-86ac-3cc4-a3c3-341edaef3858
rock_hall,,1977,Tampico Trauma,Jimmy Buffett,,"Tampico, Mexico, North America",City,Direct,tampico,22.2852,-97.8778,,,y,Jimmy Buffett,"Changes in Latitudes, Changes in Attitudes",Album,Jimmy Buffett,https://musicbrainz.org/release-group/3947b88f-2b40-3dd6-b1c7-ef1149f656ff
rock_hall,,1978,African Friend,Jimmy Buffett,,Africa,Continent/Region,Demonym,african,1.6508,17.6791,,,y,Jimmy Buffett,Son of a Son of a Sailor,Album,Jimmy Buffett,https://musicbrainz.org/release-group/7771d416-cce6-38f9-a80e-13dc1c88a4f2
rock_hall,,1978,Cheeseburger in Paradise,Jimmy Buffett,,"Paradise, Kentucky, United States, North America",City,Direct,paradise,37.268056,-86.983611,,,"n — paradise as in heaven or bliss, not Paradise, Kentucky",Jimmy Buffett,Son of a Son of a Sailor,Album,Jimmy Buffett,https://musicbrainz.org/release-group/7771d416-cce6-38f9-a80e-13dc1c88a4f2
rock_hall,,1980,Stars Fell on Alabama,Jimmy Buffett,,"Alabama, United States, North America",State/Region,Direct,alabama,32.806,-86.791,"also in the dataset by Billie Holiday, Don Rondo",,y,Jimmy Buffett,Coconut Telegraph,Album,Jimmy Buffett,https://musicbrainz.org/release-group/781b45c9-3e7c-37ff-9233-a4bb999fa2fd
rock_hall,,1981,On a Slow Boat to China,Jimmy Buffett,,"China, Asia",Country,Direct,china,39.9075,116.3972,"also in the dataset by Art Lund, Benny Goodman, Emile Ford and the Checkmates, Freddy Martin, Kay Kyser, Larry Clinton",,y,Jimmy Buffett,Somewhere Over China,Album,Jimmy Buffett,https://musicbrainz.org/release-group/08653011-21c5-3ed3-ae7a-fe80e7485019
rock_hall,,1981,Somewhere Over China,Jimmy Buffett,,"China, Asia",Country,Direct,china,39.9075,116.3972,,,y,Jimmy Buffett,Somewhere Over China,Album,Jimmy Buffett,https://musicbrainz.org/release-group/08653011-21c5-3ed3-ae7a-fe80e7485019
rock_hall,,1983,California Promises,Jimmy Buffett,,"California, United States, North America",State/Region,Direct,california,36.116,-119.682,,,y,Jimmy Buffett,One Particular Harbour,Album,Jimmy Buffett,https://musicbrainz.org/release-group/f2a54f7c-9f9c-3efd-94fa-6eef7542aad5
rock_hall,,1985,Last Mango in Paris,Jimmy Buffett,,"Paris, France, Europe",City,Direct,paris,48.8534,2.3488,,,y,Jimmy Buffett,Last Mango in Paris,Album,Jimmy Buffett,https://musicbrainz.org/release-group/d6fa51b5-3d25-3856-b3ad-db307e8b4661
rock_hall,,1986,Meet Me in Memphis,Jimmy Buffett,,"Memphis, Tennessee, United States, North America",City,Direct,memphis,35.1035,-89.9785,,,y,Jimmy Buffett,Floridays,Album,Jimmy Buffett,https://musicbrainz.org/release-group/079c7ba8-37df-3bcb-aa5e-c9520ecaa543
rock_hall,,1989,The Pascagoula Run,Jimmy Buffett,,"Pascagoula, Mississippi, United States, North America",City,Direct,pascagoula,30.3658,-88.5561,"new place — pin from geonamescache, check it",,y,Jimmy Buffett,Off to See the Lizard,Album,Jimmy Buffett,https://musicbrainz.org/release-group/b8dcb8a2-ca12-3461-bde2-8cc4efb7934b
rock_hall,,1994,Everybody's Got a Cousin in Miami,Jimmy Buffett,,"Miami, Florida, United States, North America",City,Direct,miami,25.7752,-80.2086,,,y,Jimmy Buffett,Fruitcakes,Album,Jimmy Buffett,https://musicbrainz.org/release-group/25884d9b-3d93-37be-8a2e-4e7647249f61
rock_hall,,1995,Mexico,Jimmy Buffett,,"Mexico, North America",Country,Direct,mexico,19.4285,-99.1277,"also in the dataset by Bob Moore, James Taylor, Long John Baldry",,y,Jimmy Buffett,Barometer Soup,Album,Jimmy Buffett,https://musicbrainz.org/release-group/6d80cf64-85dc-3dda-95b0-df52b2cc1c68
rock_hall,,1996,Christmas Island,Jimmy Buffett,,"Christmas Island, Asia",Country,Direct,christmas island,-10.4475,105.6904,also in the dataset by Dickie Valentine,,y,Jimmy Buffett,Christmas Island,Album,Jimmy Buffett,https://musicbrainz.org/release-group/194a5775-0b45-326d-a25c-48f211c0b870
rock_hall,,1996,Jamaica Mistaica,Jimmy Buffett,,"Jamaica, North America",Country,Direct,jamaica,17.997,-76.7936,,,y,Jimmy Buffett,Banana Wind,Album,Jimmy Buffett,https://musicbrainz.org/release-group/207e254f-8fa6-3b74-8b7c-73b8dd6c0d32
rock_hall,,1996,"Merry Christmas, Alabama (Never Far From Home)",Jimmy Buffett,,"Alabama, United States, North America",State/Region,Direct,alabama,32.806,-86.791,,,y,Jimmy Buffett,Christmas Island,Album,Jimmy Buffett,https://musicbrainz.org/release-group/194a5775-0b45-326d-a25c-48f211c0b870
rock_hall,,1998,The Handiest Frenchman in the Caribbean,Jimmy Buffett,,"Caribbean, North America",Continent/Region,Direct,the caribbean,14.5,-75,,,y,Jimmy Buffett,Don't Stop the Carnival,Album,Jimmy Buffett,https://musicbrainz.org/release-group/364cf999-8b5b-3375-889c-69bd71137e3a
rock_hall,,2002,Savannah Fare You Well,Jimmy Buffett,,"Savannah, Georgia, United States, North America",City,Direct,savannah,32.0025,-81.1536,,,y,Jimmy Buffett,Far Side of the World,Album,Jimmy Buffett,https://musicbrainz.org/release-group/f5d20538-691f-3617-9355-bf9f18b007bc
rock_hall,,2004,Coast of Carolina,Jimmy Buffett,,"The Carolinas, United States, North America",State/Region,Direct,carolina,34.8,-79.5,,,y,Jimmy Buffett,License to Chill,Album,Jimmy Buffett,https://musicbrainz.org/release-group/39d5d60f-f2bc-343a-95e0-e67c6fd982c7
rock_hall,,2006,Cinco de Mayo in Memphis,Jimmy Buffett,,"Memphis, Tennessee, United States, North America",City,Direct,memphis,35.1035,-89.9785,,,y,Jimmy Buffett,Take the Weather With You,Album,Jimmy Buffett,https://musicbrainz.org/release-group/11901100-2c6e-303d-a264-63756b26901b
rock_hall,,2013,I Want to Go Back to Cartagena,Jimmy Buffett,,"Cartagena, Colombia, South America",City,Direct,cartagena,10.3982,-75.4933,"new place — pin from geonamescache, check it",,y,Jimmy Buffett,Songs From St. Somewhere,Album,Jimmy Buffett,https://musicbrainz.org/release-group/de3b0c4d-76b9-404d-af03-6065cffe88f3
rock_hall,,2013,I'm No Russian,Jimmy Buffett,,"Russia, Europe",Country,Demonym,russian,55.752,37.6178,,,y,Jimmy Buffett,Songs From St. Somewhere,Album,Jimmy Buffett,https://musicbrainz.org/release-group/de3b0c4d-76b9-404d-af03-6065cffe88f3
rock_hall,,2020,15 Cuban Minutes,Jimmy Buffett,,"Cuba, North America",Country,Demonym,cuban,23.133,-82.383,,,y,Jimmy Buffett,Life on the Flip Side,Album,Jimmy Buffett,https://musicbrainz.org/release-group/f8451b54-5117-4b25-9359-1a000b58f2ab
rock_hall,,2023,Columbus,Jimmy Buffett,,"Columbus, Ohio, United States, North America",City,Direct,columbus,39.9848,-82.985,,,"n — Christopher Columbus, a person",Jimmy Buffett,Equal Strain on All Parts,Album,Jimmy Buffett,https://musicbrainz.org/release-group/fb927d48-5cbc-467f-8d53-bc229a713457
rock_hall,,2023,Mozambique,Jimmy Buffett ft. Emmylou Harris,,"Mozambique, Africa",Country,Direct,mozambique,-25.9655,32.5832,also in the dataset by Bob Dylan,,y,Jimmy Buffett,Equal Strain on All Parts,Album,Jimmy Buffett feat. Emmylou Harris,https://musicbrainz.org/release-group/fb927d48-5cbc-467f-8d53-bc229a713457
rock_hall,,2023,Portugal or PEI,Jimmy Buffett ft. Lennie Gallant and Will Kimbrough,,"Portugal, Europe",Country,Direct,portugal,38.7251,-9.1498,,,y,Jimmy Buffett,Equal Strain on All Parts,Album,Jimmy Buffett feat. Lennie Gallant & Will Kimbrough,https://musicbrainz.org/release-group/fb927d48-5cbc-467f-8d53-bc229a713457
rock_hall,,2023,University of Bourbon Street,Jimmy Buffett ft. Preservation Hall Jazz Band,,"Bourbon Street, New Orleans, Louisiana, United States, North America",Street/Landmark,Direct,bourbon street,29.9584,-90.0644,,,y,Jimmy Buffett,Equal Strain on All Parts,Album,Jimmy Buffett feat. Preservation Hall Jazz Band,https://musicbrainz.org/release-group/fb927d48-5cbc-467f-8d53-bc229a713457
rock_hall,,1962,Miss Jamaica,Jimmy Cliff,,"Jamaica, North America",Country,Direct,jamaica,17.997,-76.7936,,,y,Jimmy Cliff,Miss Jamaica / Gold Digger,Single,Jimmy Cliff,https://musicbrainz.org/release-group/e7ae78ce-21e9-4078-adb3-f237943eaf54
rock_hall,,1973,Oh Jamaica,Jimmy Cliff,,"Jamaica, North America",Country,Direct,jamaica,17.997,-76.7936,,,y,Jimmy Cliff,Unlimited,Album,Jimmy Cliff,https://musicbrainz.org/release-group/ad6fcf5c-fb2e-3c4c-8f58-0ab9af53a90c
rock_hall,,1983,American Dream,Jimmy Cliff,,"United States, North America",Country,Demonym,american,38.8951,-77.0364,"also in the dataset by Crosby, Stills, Nash & Young, Jakatta, LCD Soundsystem, Power of Dreams, Simon F",,y,Jimmy Cliff,The Power and the Glory,Album,Jimmy Cliff,https://musicbrainz.org/release-group/821a9956-e390-34f3-a8e4-9a90ccd427da
rock_hall,,1985,American Sweet,Jimmy Cliff,,"United States, North America",Country,Demonym,american,38.8951,-77.0364,,,y,Jimmy Cliff,Cliff Hanger,Album,Jimmy Cliff,https://musicbrainz.org/release-group/fc81103f-220b-3c09-83ad-862aa23fb083
rock_hall,,1992,War a Africa,Jimmy Cliff,,Africa,Continent/Region,Direct,africa,1.6508,17.6791,,,y,Jimmy Cliff,Breakout,Album,Jimmy Cliff,https://musicbrainz.org/release-group/0f8dcc6a-58e4-3973-ace4-d28b20c1cb35
rock_hall,,2002,Jamaica Time,Jimmy Cliff,,"Jamaica, North America",Country,Direct,jamaica,17.997,-76.7936,,,y,Jimmy Cliff,Fantastic Plastic People,Album,Jimmy Cliff,https://musicbrainz.org/release-group/fd914c03-e63d-3509-8a64-c94e8f3a0c31
rock_hall,,2002,War in Jerusalem,Jimmy Cliff,,"Jerusalem, Israel, Asia",City,Direct,jerusalem,31.769,35.2163,,,y,Jimmy Cliff,Fantastic Plastic People,Album,Jimmy Cliff,https://musicbrainz.org/release-group/fd914c03-e63d-3509-8a64-c94e8f3a0c31
rock_hall,,2011,Brixton Version,Jimmy Cliff,,"Brixton, London, England, United Kingdom, Europe",Neighborhood/District,Direct,brixton,51.46593,-0.10652,,,n — dub version of 'Guns of Brixton',Jimmy Cliff,Sacred Fire,EP,Jimmy Cliff,https://musicbrainz.org/release-group/ea4bddf2-6a95-48da-a20b-288741cf750e
rock_hall,,2011,Guns of Brixton,Jimmy Cliff,,"Brixton, London, England, United Kingdom, Europe",Neighborhood/District,Direct,brixton,51.46593,-0.10652,also in the dataset by The Clash,,y,Jimmy Cliff,Sacred Fire,EP,Jimmy Cliff,https://musicbrainz.org/release-group/ea4bddf2-6a95-48da-a20b-288741cf750e
rock_hall,,2011,Ruby Soho,Jimmy Cliff,,"Soho, London, England, United Kingdom, Europe",Neighborhood/District,Direct,soho,51.5137,-0.1341,matched on the bare name 'SoHo' — confirm it's this place,,n — Ruby Soho is a person,Jimmy Cliff,Sacred Fire,EP,Jimmy Cliff,https://musicbrainz.org/release-group/ea4bddf2-6a95-48da-a20b-288741cf750e
rock_hall,,1959,Going to New York,Jimmy Reed,,"New York, New York, United States, North America",City,Direct,new york,40.6643,-73.9385,,,y,Jimmy Reed,Rockin' With Reed,Album,Jimmy Reed,https://musicbrainz.org/release-group/1cd85ccd-0179-44f9-acb0-d1e289241672
rock_hall,,1962,Kansas City Baby,Jimmy Reed,,"Kansas City, Missouri, United States, North America",City,Direct,kansas city,39.1252,-94.5511,,,y,Jimmy Reed,Just Jimmy Reed,Album,Jimmy Reed,https://musicbrainz.org/release-group/a43d34f0-4b25-4466-b051-732a47c5eba9
rock_hall,,1963,New Chicago Blues,Jimmy Reed,,"Chicago, Illinois, United States, North America",City,Direct,chicago,41.8376,-87.6818,,,y,Jimmy Reed,Jimmy Reed Plays 12 String Guitar Blues,Album,Jimmy Reed,https://musicbrainz.org/release-group/f188776d-e756-41eb-8d4c-3e9554b79c24
rock_hall,,1963,St Louis Blues,Jimmy Reed,,"St. Louis, Missouri, United States, North America",City,Direct,st louis,38.6357,-90.2446,also in the dataset by Bessie Smith and Louis Armstrong,,y,Jimmy Reed,Jimmy Reed Sings the Best of the Blues,Album,Jimmy Reed,https://musicbrainz.org/release-group/53faf58d-5361-4803-b04f-c0228e4838cb
rock_hall,,1967,Crazy ’Bout Oklahoma,Jimmy Reed,,"Oklahoma, United States, North America",State/Region,Direct,oklahoma,35.565,-96.928,,,y,Jimmy Reed,Soulin’,Album,Jimmy Reed,https://musicbrainz.org/release-group/8c7159a1-d02d-4ecb-bce4-d023154618ef
rock_hall,,1973,I Ain’t From Chicago,Jimmy Reed,,"Chicago, Illinois, United States, North America",City,Direct,chicago,41.8376,-87.6818,,,y,Jimmy Reed,I Ain’t From Chicago,Album,Jimmy Reed,https://musicbrainz.org/release-group/bbcc11f4-cc49-42cd-8668-3440d08893e3
rock_hall,,1994,Crazy About Oklahoma,Jimmy Reed,,"Oklahoma, United States, North America",State/Region,Direct,oklahoma,35.565,-96.928,,,y,Jimmy Reed,Jimmy Reed is Back,Album,Jimmy Reed,https://musicbrainz.org/release-group/3272fd44-4d28-4d88-95f1-04fd9ebf5a11
rock_hall,,,Chicago In Mind,Jimmy Yancey,,"Chicago, Illinois, United States, North America",City,Direct,chicago,41.8376,-87.6818,no release date on MusicBrainz — fill in year,,y,Jimmy Yancey,The Unissued 1951 Yancey Wire,Album,Jimmy Yancey,https://musicbrainz.org/release-group/c073d49a-ed11-479b-a6c0-e51f0690b3cc
rock_hall,,,Scott Joplin's New Rag,Jimmy Yancey,,"Joplin, Missouri",City,Direct,joplin,,,no release date on MusicBrainz — fill in year,,"n — Scott Joplin, a person",Jimmy Yancey,The Unissued 1951 Yancey Wire,Album,Jimmy Yancey,https://musicbrainz.org/release-group/c073d49a-ed11-479b-a6c0-e51f0690b3cc
rock_hall,,,On the Banks of the Ohio,Joan Baez,,"Ohio, United States, North America",State/Region,Direct,ohio,40.388,-82.764,no release date on MusicBrainz — fill in year,,y,Joan Baez,Folk Songs,EP,Joan Baez,https://musicbrainz.org/release-group/a2a2d80b-5a6d-45b4-b134-a981fd35abc0
rock_hall,,1959,Banks of the Ohio,Joan Baez,,"Ohio, United States, North America",State/Region,Direct,ohio,40.388,-82.764,also in the dataset by Olivia Newton-John,,y,Joan Baez,Folksingers ’Round Harvard Square,Album,Joan Baez,https://musicbrainz.org/release-group/546af406-7acf-3867-b57e-3e3c5bab06fc
rock_hall,,1960,East Virginia,Joan Baez,,"Virginia, United States, North America",State/Region,Direct,virginia,37.769,-78.17,,,y,Joan Baez,Joan Baez,Album,Joan Baez,https://musicbrainz.org/release-group/637441f0-6ca3-3557-96f7-68f6701893fb
rock_hall,,1960,Mary Hamilton,Joan Baez,,"Hamilton, Canada",City,Direct,hamilton,,,,,n — a person,Joan Baez,Joan Baez,Album,Joan Baez,https://musicbrainz.org/release-group/637441f0-6ca3-3557-96f7-68f6701893fb
rock_hall,,1960,Wildwood Flower,Joan Baez,,"Wildwood, New Jersey, United States, North America",City,Direct,wildwood,38.9889,-74.8198,,,"n — 'wildwood' here is a wild wood, not Wildwood, New Jersey",Joan Baez,Joan Baez,Album,Joan Baez,https://musicbrainz.org/release-group/637441f0-6ca3-3557-96f7-68f6701893fb
rock_hall,,1964,Birmingham Sunday,Joan Baez,,"Birmingham, Alabama, United States, North America",City,Direct,birmingham,33.5274,-86.799,,,y,Joan Baez,Joan Baez/5,Album,Joan Baez,https://musicbrainz.org/release-group/826abf83-eaea-386d-8ee7-2fdfdc2faf71
rock_hall,,1967,The Lady Came From Baltimore,Joan Baez,,"Baltimore, Maryland, United States, North America",City,Direct,baltimore,39.3002,-76.6105,also in the dataset by Bobby Darin,,y,Joan Baez,Joan,Album,Joan Baez,https://musicbrainz.org/release-group/44c0dbdf-3a4c-395f-a1d6-7fbf0d0bc16f
rock_hall,,1968,Boots of Spanish Leather,Joan Baez,,"Spain, Europe",Country,Demonym,spanish,40.4165,-3.7026,also in the dataset by Bob Dylan,,y,Joan Baez,Any Day Now,Album,Joan Baez,https://musicbrainz.org/release-group/b548a57f-e42f-36f8-ab9f-764226b767e7
rock_hall,,1968,London,Joan Baez,,"London, England, United Kingdom, Europe",City,Direct,london,51.5085,-0.1257,"also in the dataset by AJ and Deno ft. EO, Bia ft. J. Cole, M24 ft. Tion Wayne, Sandy Denny and Thea Gilmore, Skepta & Fred Again",,y,Joan Baez,Baptism: A Journey Through Our Time,Album,Joan Baez,https://musicbrainz.org/release-group/6146a451-4518-300f-b6ca-3eb56e054ab7
rock_hall,,1968,Poems From the Japanese,Joan Baez,,"Japan, Asia",Country,Demonym,japanese,35.6895,139.6917,,,y,Joan Baez,Baptism: A Journey Through Our Time,Album,Joan Baez,https://musicbrainz.org/release-group/6146a451-4518-300f-b6ca-3eb56e054ab7
rock_hall,,1969,My Home's Across the Blue Ridge Mountains,Joan Baez,,"Blue Ridge Mountains, United States, North America",Water/Natural Feature,Direct,blue ridge,37.5,-79.5,"new place — pin approximate, check it",,y,Joan Baez,David's Album,Album,Joan Baez,https://musicbrainz.org/release-group/371bfeec-177e-3b45-b9aa-d66c122b37d2
rock_hall,,1971,Deportee (Plane Wreck at Los Gatos),Joan Baez,,"Los Gatos Canyon, Fresno County, California, United States, North America",Water/Natural Feature,Direct,los gatos,36.18,-120.46,"new place — pin approximate, check it; place changed from 'Los Gatos, California'",,"y — the 1948 crash was in Los Gatos Canyon near Coalinga, not the town of Los Gatos",Joan Baez,Blessed Are…,Album,Joan Baez,https://musicbrainz.org/release-group/35978eca-f96f-3434-ab9f-57e4a1f3e40a
rock_hall,,1971,Outside the Nashville City Limits,Joan Baez,,"Nashville, Tennessee, United States, North America",City,Direct,nashville,36.1718,-86.785,,,y,Joan Baez,Blessed Are…,Album,Joan Baez,https://musicbrainz.org/release-group/35978eca-f96f-3434-ab9f-57e4a1f3e40a
rock_hall,,1971,San Francisco Mabel Joy,Joan Baez,,"San Francisco, California, United States, North America",City,Direct,san francisco,37.78,-122.4193,,,y,Joan Baez,Blessed Are…,Album,Joan Baez,https://musicbrainz.org/release-group/35978eca-f96f-3434-ab9f-57e4a1f3e40a
rock_hall,,1971,The Brand New Tennessee Waltz,Joan Baez,,"Tennessee, United States, North America",State/Region,Direct,tennessee,35.747,-86.692,,,y,Joan Baez,Blessed Are…,Album,Joan Baez,https://musicbrainz.org/release-group/35978eca-f96f-3434-ab9f-57e4a1f3e40a
rock_hall,,1972,In the Quiet Morning (for Janis Joplin),Joan Baez,,"Joplin, Missouri",City,Direct,joplin,,,,,"n — Janis Joplin, a person",Joan Baez,Come From the Shadows,Album,Joan Baez,https://musicbrainz.org/release-group/7a35a313-ffa1-3ade-8416-0ddef682485e
rock_hall,,1972,Song of Bangladesh,Joan Baez,,"Bangladesh, Asia",Country,Direct,bangladesh,23.8103,90.4125,"new place — pin approximate, check it",,y,Joan Baez,Come From the Shadows,Album,Joan Baez,https://musicbrainz.org/release-group/7a35a313-ffa1-3ade-8416-0ddef682485e
rock_hall,,1974,Paso río (I Pass a River),Joan Baez,,"Rio de Janeiro, Brazil, South America",City,Direct,rio,-22.9064,-43.1822,,,n — rio means river here,Joan Baez,Gracias a la vida,Album,Joan Baez,https://musicbrainz.org/release-group/f4c750e8-380c-3578-a494-acdad801bd7b
rock_hall,,1989,Carrickfergus,Joan Baez,,"Carrickfergus, Northern Ireland, United Kingdom, Europe",City,Direct,carrickfergus,54.713611,-5.8075,also in the dataset by The Dubliners,,y,Joan Baez,Speaking of Dreams,Album,Joan Baez,https://musicbrainz.org/release-group/f9da7636-0230-3777-88c9-ae96de9f33bc
rock_hall,,1989,China,Joan Baez,,"China, Asia",Country,Direct,china,39.9075,116.3972,also in the dataset by Red Rockers,,y,Joan Baez,Speaking of Dreams,Album,Joan Baez,https://musicbrainz.org/release-group/f9da7636-0230-3777-88c9-ae96de9f33bc
rock_hall,,1989,El Salvador,Joan Baez,,"El Salvador, North America",Country,Direct,el salvador,13.68935,-89.18718,also in the dataset by Athlete,,y,Joan Baez,Speaking of Dreams,Album,Joan Baez,https://musicbrainz.org/release-group/f9da7636-0230-3777-88c9-ae96de9f33bc
rock_hall,,1989,Fairfax County,Joan Baez,,"Fairfax County, Virginia, United States, North America",State/Region,Direct,fairfax,38.83,-77.28,"new place — pin approximate, check it; place changed from 'Fairfax, Virginia'",,y — place corrected,Joan Baez,Speaking of Dreams,Album,Joan Baez,https://musicbrainz.org/release-group/f9da7636-0230-3777-88c9-ae96de9f33bc
rock_hall,,1992,Amsterdam,Joan Baez,,"Amsterdam, The Netherlands, Europe",City,Direct,amsterdam,52.37403,4.88969,"also in the dataset by Jacques Brel, Maggie MacNeal, Van Halen",,y,Joan Baez,Play Me Backwards,Album,Joan Baez,https://musicbrainz.org/release-group/b7b8b478-b926-3f12-80eb-423868042d45
rock_hall,,2003,Christmas in Washington,Joan Baez,,"Washington, D.C., United States, North America",City,Direct,washington,38.8951,-77.0364,"place changed from 'Washington Square, New York, New York, United States, North America'",,"y — Washington, D.C., not Washington Square",Joan Baez,Dark Chords on a Big Guitar,Album,Joan Baez,https://musicbrainz.org/release-group/0a2b1af3-7e09-3348-81b4-828dc0c11d20
rock_hall,,1983,Coney Island Whitefish,Joan Jett and the Blackhearts,,"Coney Island, New York, New York, United States, North America",Street/Landmark,Direct,coney island,40.5755,-73.9707,,,y,Joan Jett,Album,Album,Joan Jett and the Blackhearts,https://musicbrainz.org/release-group/70ab8e24-a86e-3c10-8919-ac42180b6ae0
rock_hall,,1983,The French Song,Joan Jett and the Blackhearts,,"France, Europe",Country,Demonym,french,48.8534,2.3488,also in the dataset by Lucille Starr,,y,Joan Jett,Album,Album,Joan Jett and the Blackhearts,https://musicbrainz.org/release-group/70ab8e24-a86e-3c10-8919-ac42180b6ae0
rock_hall,,1984,New Orleans,Joan Jett and the Blackhearts,,"New Orleans, Louisiana, United States, North America",City,Direct,new orleans,30.0686,-89.939,"also in the dataset by Bern Elliott and the Fenmen, Eddie Hodges, Gary U.S. Bonds, Gillan, Harley Quinne, Neil Diamond, The Staple Singers",,y,Joan Jett,Glorious Results of a Misspent Youth,Album,Joan Jett and the Blackhearts,https://musicbrainz.org/release-group/d65c8255-e7ed-4876-991b-e586ceaf1c15
rock_hall,,1990,Roadrunner USA,Joan Jett,,"United States, North America",Country,Direct,usa,38.8951,-77.0364,,,y,Joan Jett,The Hit List,Album,Joan Jett,https://musicbrainz.org/release-group/a060546b-9bcd-38ce-b5c3-f6fa118a45d9
rock_hall,,2000,I Left My Heart in San Francisco,Joan Jett and the Blackhearts,,"San Francisco, California, United States, North America",City,Direct,san francisco,37.78,-122.4193,also in the dataset by Tony Bennett,,y,Joan Jett,Unfinished Business,EP,Joan Jett and the Blackhearts,https://musicbrainz.org/release-group/2069b0bc-2309-3e00-998a-f3df404a465d
rock_hall,,1975,Jamaica Say You Will,Joe Cocker,,"Jamaica, North America",Country,Direct,jamaica,17.997,-76.7936,,,y,Joe Cocker,Jamaica Say You Will,Album,Joe Cocker,https://musicbrainz.org/release-group/f45fc9d7-5204-3da7-95f9-0244dbeeeba3
rock_hall,,1999,First We Take Manhattan,Joe Cocker,,"Manhattan, New York, New York, United States, North America",Neighborhood/District,Direct,manhattan,40.7831,-73.9712,"also in the dataset by Jennifer Warnes, Leonard Cohen",,y,Joe Cocker,No Ordinary World,Album,Joe Cocker,https://musicbrainz.org/release-group/54ccb167-31c2-3cf5-9734-593c920adb77
rock_hall,,1959,Tupelo Blues,John Lee Hooker,,"Tupelo, Mississippi, United States, North America",City,Direct,tupelo,34.2576,-88.7034,,,y,John Lee Hooker,The Country Blues of John Lee Hooker,Album,John Lee Hooker,https://musicbrainz.org/release-group/62c28d3c-6cc2-310f-ab00-5740e8240753
rock_hall,,1960,Goin’ to California,John Lee Hooker,,"California, United States, North America",State/Region,Direct,california,36.116,-119.682,,,y,John Lee Hooker,Travelin’,Album,John Lee Hooker,https://musicbrainz.org/release-group/8f5b08da-9083-38c7-b141-f22f5b8e5df5
rock_hall,,1961,Tupelo,John Lee Hooker,,"Tupelo, Mississippi, United States, North America",City,Direct,tupelo,34.2576,-88.7034,also in the dataset by Nick Cave,,y,John Lee Hooker,The Folk Lore of John Lee Hooker,Album,John Lee Hooker,https://musicbrainz.org/release-group/54d00a79-ef37-3f13-9a9f-9c8b9654b0b8
rock_hall,,1963,Birmingham Blues,John Lee Hooker,,"Birmingham, Alabama, United States, North America",City,Direct,birmingham,33.5274,-86.799,,,y,John Lee Hooker,On Campus,Album,John Lee Hooker,https://musicbrainz.org/release-group/6d68de93-51fe-4107-8676-b003944cca27
rock_hall,,1963,San Francisco,John Lee Hooker,,"San Francisco, California, United States, North America",City,Direct,san francisco,37.78,-122.4193,"also in the dataset by Cascada, Foxygen, Maxime le Forestier, Scott McKenzie, The Village People, Tor Endresen",,y,John Lee Hooker,The Big Soul of John Lee Hooker,Album,John Lee Hooker,https://musicbrainz.org/release-group/57e12470-24f4-3732-9df7-37902d5c96ae
rock_hall,,1964,"Jackson, Tennessee",John Lee Hooker,,"Jackson, Tennessee, United States, North America",City,Direct,jackson,35.6145,-88.814,"new place — pin from geonamescache, check it; place changed from 'Jackson, Mississippi, United States, North America'",,"y — Jackson, Tennessee",John Lee Hooker,Burning Hell,Album,John Lee Hooker,https://musicbrainz.org/release-group/aabfbbe3-645d-37ea-ba2c-71485faaac18
rock_hall,,1964,"Jackson, Tennessee",John Lee Hooker,,"Tennessee, United States, North America",State/Region,Direct,tennessee,35.747,-86.692,,,"n — Jackson, Tennessee row covers this title",John Lee Hooker,Burning Hell,Album,John Lee Hooker,https://musicbrainz.org/release-group/aabfbbe3-645d-37ea-ba2c-71485faaac18
rock_hall,,1969,Goin' to Louisiana,John Lee Hooker,,"Louisiana, United States, North America",State/Region,Direct,louisiana,31.169,-91.867,,,y,John Lee Hooker,That's Where It's At!,Album,John Lee Hooker,https://musicbrainz.org/release-group/d170e2ba-3ac5-32bb-84de-a9b2ad70f5e8
rock_hall,,1969,I Don’t Wanna Go to Vietnam,John Lee Hooker,,"Vietnam, Asia",Country,Direct,vietnam,21.0245,105.84117,,,y,John Lee Hooker,Simply the Truth,Album,John Lee Hooker,https://musicbrainz.org/release-group/dacbb87b-559b-3912-b137-d71a9b71b3fa
rock_hall,,1971,She Was in Chicago,John Lee Hooker,,"Chicago, Illinois, United States, North America",City,Direct,chicago,41.8376,-87.6818,,,y,John Lee Hooker,Any Where / Any Time / Any Place,Album,John Lee Hooker,https://musicbrainz.org/release-group/1ac5ad6e-6a25-3d96-aa0c-201aa88cd3be
rock_hall,,1973,"Born in Mississippi, Raised Up in Tennessee",John Lee Hooker,,"Mississippi, United States, North America",State/Region,Direct,mississippi,32.741,-89.678,,,y,John Lee Hooker,"Born in Mississippi, Raised Up in Tennessee",Album,John Lee Hooker,https://musicbrainz.org/release-group/8a2ef5b9-5069-4563-8ddb-393959fabf39
rock_hall,,1973,"Born in Mississippi, Raised Up in Tennessee",John Lee Hooker,,"Tennessee, United States, North America",State/Region,Direct,tennessee,35.747,-86.692,,,y,John Lee Hooker,"Born in Mississippi, Raised Up in Tennessee",Album,John Lee Hooker,https://musicbrainz.org/release-group/8a2ef5b9-5069-4563-8ddb-393959fabf39
rock_hall,,1990,Tennessee Blues,John Lee Hooker,,"Tennessee, United States, North America",State/Region,Direct,tennessee,35.747,-86.692,,,y,John Lee Hooker,Moanin' Blues,Album,John Lee Hooker,https://musicbrainz.org/release-group/1b530f28-3fa9-4647-92e8-afe681d27297
rock_hall,,1992,Boogie at Russian Hill,John Lee Hooker,,"Russia, Europe",Country,Demonym,russian,55.752,37.6178,,,"n — same song as 'Boogie at Russian Hall', already in the dataset",John Lee Hooker,Boom Boom,Album,John Lee Hooker,https://musicbrainz.org/release-group/183589a1-e186-399d-a69d-ef0dec1aeaac
rock_hall,,1997,Frisco Blues,John Lee Hooker,,"San Francisco, California, United States, North America",City,Nickname,frisco,37.78,-122.4193,,,y,John Lee Hooker,Don’t Look Back,Album,John Lee Hooker,https://musicbrainz.org/release-group/b8c0f495-559b-3ae3-8083-dec1e801a6e1
rock_hall,,1998,Frisco Blues,Van Morrison ft. John Lee Hooker,,"San Francisco, California, United States, North America",City,Nickname,frisco,37.78,-122.4193,,,y,John Lee Hooker; Van Morrison,The Blues Buddies,Album,Van Morrison feat. John Lee Hooker,https://musicbrainz.org/release-group/12c3e51d-e445-3352-b331-6bd3ca4dd89f
rock_hall,,1969,Cambridge 1969,John Lennon and Yoko Ono,,"Cambridge, England, United Kingdom, Europe",City,Direct,cambridge,52.2,0.1167,"new place — pin from geonamescache, check it",,y,John Lennon,Unfinished Music No. 2: Life With the Lions,Album,John Lennon and Yoko Ono,https://musicbrainz.org/release-group/ae59682d-3dfe-3a0c-b9e5-87623bd0ae6f
rock_hall,,1972,New York City,John Lennon and Yoko Ono,,"New York, New York, United States, North America",City,Direct,new york city,40.6643,-73.9385,also in the dataset by Zwol,,y,John Lennon,Some Time in New York City,Album,John Lennon & Yoko Ono,https://musicbrainz.org/release-group/e5153705-e798-343c-aeaf-1777db763dd6
rock_hall,,1972,The Luck of the Irish,John Lennon and Yoko Ono,,"Ireland, Europe",Country,Demonym,irish,53.3331,-6.2489,,,y,John Lennon,Some Time in New York City,Album,John Lennon & Yoko Ono,https://musicbrainz.org/release-group/e5153705-e798-343c-aeaf-1777db763dd6
rock_hall,,1973,Woman of Salem,Yoko Ono and Plastic Ono Band and Something Different,,"Salem, Massachusetts, United States, North America",City,Direct,salem,42.5013,-70.8975,"credited to Plastic Ono Band, Lennon's band; UK chart but a little-used US place — check it isn't a British namesake",,n — Yoko Ono's song; Lennon's band only backs her,John Lennon,Feeling the Space,Album,Yoko Ono / Plastic Ono Band & Something Different,https://musicbrainz.org/release-group/9df883dd-cafe-3901-9b56-92ca62dede15
rock_hall,,1968,Laurel Canyon Home,John Mayall,,"Laurel Canyon, Los Angeles, California, United States, North America",Neighborhood/District,Direct,laurel canyon,34.115,-118.375,"new place — pin approximate, check it; place changed from 'Laurel Canyon, Los Angeles'",,y — place corrected,John Mayall,Blues From Laurel Canyon,Album,John Mayall,https://musicbrainz.org/release-group/71986c3d-31b8-31aa-8dee-342a6ae69462
rock_hall,,1971,Back From Korea,John Mayall and Jerry McGee and Larry Taylor,,"Korea, Asia",Country,Direct,korea,37.566,126.9784,,,y,John Mayall,Memories,Album,John Mayall / Jerry McGee / Larry Taylor,https://musicbrainz.org/release-group/839ca4ba-8604-3ac4-83e5-6d81269979d5
rock_hall,,1973,California Campground,John Mayall,,"California, United States, North America",State/Region,Direct,california,36.116,-119.682,,,y,John Mayall,Ten Years Are Gone,Album,John Mayall,https://musicbrainz.org/release-group/bc54222a-8c94-3071-96ca-d9a0ba705432
rock_hall,,1977,Arizona Bound,John Mayall,,"Arizona, United States, North America",State/Region,Direct,arizona,33.729,-111.431,,,y,John Mayall,A Hard Core Package,Album,John Mayall,https://musicbrainz.org/release-group/dbd4e65e-8ff8-3661-8553-f281fd4e0001
rock_hall,,1980,Mexico City,John Mayall,,"Mexico City, Mexico, North America",City,Direct,mexico city,19.4285,-99.1277,,,y,John Mayall,Road Show Blues,Album,John Mayall,https://musicbrainz.org/release-group/172c2e7b-3554-3070-99c7-7df7cfe76b82
rock_hall,,1985,Ridin’ on the Santa Fe,John Mayall ft. Mick Taylor,,"Santa Fe, New Mexico, United States, North America",City,Direct,santa fe,35.666,-105.9737,,,y,John Mayall,Return of The Bluesbreakers,Album,John Mayall featuring Mick Taylor,https://musicbrainz.org/release-group/edaa9049-52b2-4887-a113-0682d27216d8
rock_hall,,1988,California,John Mayall,,"California, United States, North America",State/Region,Direct,california,36.116,-119.682,"also in the dataset by Amelia Lily, Belinda Carlisle, CO (Club Oriented), Debby Boone, EMA, Joni Mitchell, Lenny Kravitz, Low, Phantom Planet, The Wedding Present",,y,John Mayall,Night Riding,Album,John Mayall,https://musicbrainz.org/release-group/1702bc75-e90a-43a7-affd-70e3a8e68599
rock_hall,,1988,Chicago Line,John Mayall,,"Chicago, Illinois, United States, North America",City,Direct,chicago,41.8376,-87.6818,,,y,John Mayall,Chicago Line,Album,John Mayall,https://musicbrainz.org/release-group/13d255eb-3e04-30c6-8b1c-28bac01b4158
rock_hall,,1990,Send Me Down to Vicksburg,John Mayall ft. the Bluesbreakers,,"Vicksburg, Mississippi, United States, North America",City,Direct,vicksburg,32.3526,-90.8779,"new place — pin from geonamescache, check it",,y,John Mayall,A Sense of Place,Album,John Mayall featuring the Bluesbreakers,https://musicbrainz.org/release-group/ca68ad5e-5de9-3b01-b65c-1d1e54b3222d
rock_hall,,1999,The Strip,John Mayall & the Bluesbreakers,,"Sunset Strip, West Hollywood, California, United States, North America",Street/Landmark,Nickname,the strip,34.095,-118.38,"new place — pin approximate, check it; place changed from 'Las Vegas Strip, Nevada, United States, North America'; UK chart but a little-used US place — check it isn't a British namesake",,"? — John Mayall's 'The Strip' — probably the Sunset Strip, not Las Vegas",John Mayall,Padlock on the Blues,Album,John Mayall & the Bluesbreakers,https://musicbrainz.org/release-group/e58189fd-0fce-3734-ab0e-a3aef6d35042
rock_hall,,2000,Tucson Lady,John Mayall,,"Tucson, Arizona, United States, North America",City,Direct,tucson,32.1543,-110.8711,UK chart but a little-used US place — check it isn't a British namesake,,y,John Mayall,The Last of the British Blues,Album,John Mayall,https://musicbrainz.org/release-group/8c98b3b3-d8d9-3580-9938-becff1a36365
rock_hall,,2014,Floodin’ in California,John Mayall,,"California, United States, North America",State/Region,Direct,california,36.116,-119.682,,,y,John Mayall,A Special Life,Album,John Mayall,https://musicbrainz.org/release-group/da645fc5-1135-42b4-8629-fbc7353baef7
rock_hall,,1979,Great Mid‐West,John Cougar,,"American Midwest, United States, North America",Continent/Region,Direct,midwest,41.8781,-93.0977,,,y,John Mellencamp,John Cougar,Album,John Cougar,https://musicbrainz.org/release-group/340d76ef-aea4-348d-8c70-5c0a9109e2d1
rock_hall,,1979,Miami,John Cougar,,"Miami, Florida, United States, North America",City,Direct,miami,25.7752,-80.2086,"also in the dataset by Baxter Dury, Bob Seger, Eugene Church, Morgan Wallen ft. Lil Wayne and Rick Ross, Tory Lanez ft. Gunna, Will Smith",,y,John Mellencamp,John Cougar,Album,John Cougar,https://musicbrainz.org/release-group/340d76ef-aea4-348d-8c70-5c0a9109e2d1
rock_hall,,1979,Small Paradise,John Cougar,,"Paradise, Kentucky, United States, North America",City,Direct,paradise,37.268056,-86.983611,,,"n — paradise as in heaven or bliss, not Paradise, Kentucky",John Mellencamp,Taxi Dancer / Small Paradise,Single,John Cougar,https://musicbrainz.org/release-group/0ded1eec-387f-4313-8a29-f66d90795d14
rock_hall,,1979,Welcome to Chinatown,John Cougar,,"Chinatown, New York, New York, United States",Neighborhood/District,Direct,chinatown,,,,,n — Chinatown — excluded by earlier decision (can't pin to one city),John Mellencamp,John Cougar,Album,John Cougar,https://musicbrainz.org/release-group/340d76ef-aea4-348d-8c70-5c0a9109e2d1
rock_hall,,1982,China Girl,John Cougar,,"China, Asia",Country,Direct,china,39.9075,116.3972,"also in the dataset by David Bowie, Iggy Pop",,y,John Mellencamp,American Fool,Album,John Cougar,https://musicbrainz.org/release-group/c52bda92-b2e9-3d42-baa0-32b4130090e6
rock_hall,,1983,American Son,John Cougar,,"United States, North America",Country,Demonym,american,38.8951,-77.0364,,,y,John Mellencamp,The Kid Inside,Album,John Cougar,https://musicbrainz.org/release-group/f664cf65-5625-31bc-9e56-dacf78012ebf
rock_hall,,1987,Down and Out in Paradise,John Cougar Mellencamp,,"Paradise, Kentucky, United States, North America",City,Direct,paradise,37.268056,-86.983611,,,"n — paradise as in heaven or bliss, not Paradise, Kentucky",John Mellencamp,The Lonesome Jubilee,Album,John Cougar Mellencamp,https://musicbrainz.org/release-group/cee6fd05-70e9-3052-b8b0-b71a6d3d5a1c
rock_hall,,1993,French Shoes,John Mellencamp,,"France, Europe",Country,Demonym,french,48.8534,2.3488,,,y,John Mellencamp,Human Wheels,Album,John Mellencamp,https://musicbrainz.org/release-group/51727914-89bb-36af-bf2f-15e68e7ef0ab
rock_hall,,1993,When Jesus Left Birmingham,John Mellencamp,,"Birmingham, Alabama, United States, North America",City,Direct,birmingham,33.5274,-86.799,,,y,John Mellencamp,Human Wheels,Album,John Mellencamp,https://musicbrainz.org/release-group/51727914-89bb-36af-bf2f-15e68e7ef0ab
rock_hall,,2003,Baltimore Oriole,John Mellencamp,,"Baltimore, Maryland, United States, North America",City,Direct,baltimore,39.3002,-76.6105,,,n — Baltimore Oriole is a bird,John Mellencamp,Trouble No More,Album,John Mellencamp,https://musicbrainz.org/release-group/c3167403-1362-3a94-9c72-1d0697bcb541
rock_hall,,2003,Joliet Bound,John Mellencamp,,"Joliet, Illinois, United States, North America",City,Direct,joliet,41.5252,-88.0834,"new place — pin from geonamescache, check it",,y,John Mellencamp,Trouble No More,Album,John Mellencamp,https://musicbrainz.org/release-group/c3167403-1362-3a94-9c72-1d0697bcb541
rock_hall,,2003,To Washington,John Mellencamp,,"Washington, D.C., United States, North America",City,Direct,washington,38.8951,-77.0364,"place changed from 'Washington Square, New York, New York, United States, North America'",,"y — Washington, D.C., not Washington Square",John Mellencamp,Trouble No More,Album,John Mellencamp,https://musicbrainz.org/release-group/c3167403-1362-3a94-9c72-1d0697bcb541
rock_hall,,2008,Jena,John Mellencamp,,"Jena, Louisiana, United States, North America",City,Direct,jena,31.6832,-92.1337,"new place — pin approximate, check it; place changed from 'Jena, Germany'",,"y — Jena, Louisiana (the Jena Six)",John Mellencamp,"Life, Death, Love and Freedom",Album,John Mellencamp,https://musicbrainz.org/release-group/095baef0-19cd-330a-a9db-2fd3eece4a17
rock_hall,,2010,The West End,John Mellencamp,,"West End, London, England, United Kingdom, Europe",Neighborhood/District,Direct,west end,51.5103,-0.1301,,,? — which West End? check,John Mellencamp,No Better Than This,Album,John Mellencamp,https://musicbrainz.org/release-group/9a10b99b-d597-42f8-9c89-e8a50a3e3cb0
rock_hall,,2014,Blue Charlotte,John Mellencamp,,"Charlotte, North Carolina, United States, North America",City,Direct,charlotte,35.2087,-80.8307,,,n — a person named Charlotte,John Mellencamp,Plain Spoken,Album,John Mellencamp,https://musicbrainz.org/release-group/eaf94733-d365-48ed-833f-126acd225238
rock_hall,,2017,Damascus Road,John Mellencamp ft. Carlene Carter,,"Damascus, Syria, Asia",City,Direct,damascus,33.5102,36.2913,,,y,John Mellencamp,Sad Clowns & Hillbillies,Album,John Mellencamp featuring Carlene Carter,https://musicbrainz.org/release-group/64b39e3e-05c1-4889-982f-0cffc8138e0e
rock_hall,,2017,Grandview,John Mellencamp ft. Martina McBride,,"Grandview, Missouri, United States, North America",City,Direct,grandview,38.8858,-94.533,"new place — pin from geonamescache, check it",,? — Grandview may be a made-up town,John Mellencamp,Grandview,Single,John Mellencamp featuring Martina McBride,https://musicbrainz.org/release-group/497f7fdc-e4dc-403f-bbfd-2a7d4cb72b39
rock_hall,,2017,Mobile Blue,John Mellencamp,,"Mobile, Alabama, United States, North America",City,Direct,mobile,30.69436,-88.04305,,,y,John Mellencamp,Sad Clowns & Hillbillies,Album,John Mellencamp,https://musicbrainz.org/release-group/64b39e3e-05c1-4889-982f-0cffc8138e0e
rock_hall,,2017,Sugar Hill Mountain,John Mellencamp ft. Carlene Carter,,"Sugar Hill, Harlem, New York, New York, United States, North America",Neighborhood/District,Direct,sugar hill,40.8264,-73.945,,,"? — which Sugar Hill? check (Harlem's, or another)",John Mellencamp,Sad Clowns & Hillbillies,Album,John Mellencamp featuring Carlene Carter,https://musicbrainz.org/release-group/64b39e3e-05c1-4889-982f-0cffc8138e0e
rock_hall,,2023,The Eyes of Portland,John Mellencamp,,"Portland, Oregon, United States, North America",City,Direct,portland,45.537,-122.65,,,y,John Mellencamp,Orpheus Descending,Album,John Mellencamp,https://musicbrainz.org/release-group/2ee04d2a-fdf2-4474-958b-ee63689a9917
rock_hall,,1993,Back to Memphis,Johnnie Johnson and The Kentucky Headhunters,,"Memphis, Tennessee, United States, North America",City,Direct,memphis,35.1035,-89.9785,,,y,Johnnie Johnson,That'll Work,Album,Johnnie Johnson & The Kentucky Headhunters,https://musicbrainz.org/release-group/586ea33f-67ad-33d4-899a-086b3253ea8b
rock_hall,,2015,Shufflin' Back to Memphis,The Kentucky Headhunters and Johnnie Johnson,,"Memphis, Tennessee, United States, North America",City,Direct,memphis,35.1035,-89.9785,,,y,Johnnie Johnson,Meet Me in Bluesland,Album,The Kentucky Headhunters with Johnnie Johnson,https://musicbrainz.org/release-group/798ffb26-388c-4828-8f5b-4cbb4ffb3522
rock_hall,,1959,Remember the Alamo,Johnny Cash,,"The Alamo, San Antonio, Texas, United States, North America",Street/Landmark,Direct,the alamo,29.426,-98.4861,,,y,Johnny Cash,The Rebel - Johnny Yuma,EP,Johnny Cash,https://musicbrainz.org/release-group/962dc920-dc64-4826-abb6-d48a8d3b8dba
rock_hall,,1960,Going to Memphis,Johnny Cash,,"Memphis, Tennessee, United States, North America",City,Direct,memphis,35.1035,-89.9785,,,y,Johnny Cash,Ride This Train,Album,Johnny Cash,https://musicbrainz.org/release-group/b657899c-2f8e-3411-b794-6056a7bd44e0
rock_hall,,1961,“A Day in the Grand Canyon” Narrated by Johnny Cash,Johnny Cash,,"Grand Canyon, Arizona, United States, North America",Water/Natural Feature,Direct,grand canyon,36.06,-112.14,,,y,Johnny Cash,The Lure of the Grand Canyon,Album,Johnny Cash,https://musicbrainz.org/release-group/2379d5a7-b5ec-445c-bf0f-bb76ae84dd0a
rock_hall,,1963,Waiting for a Train,Johnny Cash,,"A Train, New York, New York, United States, North America",Street/Landmark,Direct,a train,40.82404,-73.944769,,,"n — 'a train', not the A train subway line",Johnny Cash,"Blood, Sweat and Tears",Album,Johnny Cash,https://musicbrainz.org/release-group/46a247e5-4d60-3213-872a-b3345f8454e3
rock_hall,,1965,Mister Garfield,Johnny Cash,,"Garfield, New Jersey",City,Direct,garfield,,,,,"n — President Garfield, a person",Johnny Cash,Johnny Cash Sings the Ballads of the True West,Album,Johnny Cash,https://musicbrainz.org/release-group/4c59b7f1-23e2-3f9b-9c98-74e35ea72996
rock_hall,,1965,The Streets of Laredo,Johnny Cash,,"Laredo, Texas, United States, North America",City,Direct,laredo,27.5477,-99.4869,,,y,Johnny Cash,Johnny Cash Sings the Ballads of the True West,Album,Johnny Cash,https://musicbrainz.org/release-group/4c59b7f1-23e2-3f9b-9c98-74e35ea72996
rock_hall,,1965,When It’s Springtime in Alaska (It’s Forty Below),Johnny Cash,,"Alaska, United States, North America",State/Region,Direct,alaska,61.37,-152.404,,,y,Johnny Cash,Orange Blossom Special,Album,Johnny Cash,https://musicbrainz.org/release-group/b7b44840-602a-3202-94ce-47f15f38e792
rock_hall,,1965,Wildwood Flower,Johnny Cash,,"Wildwood, New Jersey, United States, North America",City,Direct,wildwood,38.9889,-74.8198,,,"n — 'wildwood' here is a wild wood, not Wildwood, New Jersey",Johnny Cash,Orange Blossom Special,Album,Johnny Cash,https://musicbrainz.org/release-group/b7b44840-602a-3202-94ce-47f15f38e792
rock_hall,,1965,You Wild Colorado,Johnny Cash,,"Colorado, United States, North America",State/Region,Direct,colorado,39.059,-105.311,,,y,Johnny Cash,Orange Blossom Special,Album,Johnny Cash,https://musicbrainz.org/release-group/b7b44840-602a-3202-94ce-47f15f38e792
rock_hall,,1966,Austin Prison,Johnny Cash,,"Austin, Texas, United States, North America",City,Direct,austin,30.3072,-97.756,,,y,Johnny Cash,Everybody Loves a Nut,Album,Johnny Cash,https://musicbrainz.org/release-group/8546d6ff-c1da-32c8-8171-13a7bc287158
rock_hall,,1967,Fast Boat to Sydney,Johnny Cash and June Carter Cash,,"Sydney, Australia, Oceania",City,Direct,sydney,-33.8678,151.2073,"new place — pin from geonamescache, check it",,y,Johnny Cash,Carryin’ On With Johnny Cash & June Carter,Album,Johnny Cash & June Carter Cash,https://musicbrainz.org/release-group/50031fc5-b480-368a-a7f2-a5db73fd3370
rock_hall,,1968,The Flint Arrowhead,Johnny Cash,,"Flint, Michigan, United States, North America",City,Direct,flint,43.01253,-83.68746,,,n — a flint arrowhead,Johnny Cash,From Sea to Shining Sea,Album,Johnny Cash,https://musicbrainz.org/release-group/1e896abe-d5d5-348b-ad6e-6c9068793dad
rock_hall,,1968,You and Tennessee,Johnny Cash,,"Tennessee, United States, North America",State/Region,Direct,tennessee,35.747,-86.692,,,y,Johnny Cash,From Sea to Shining Sea,Album,Johnny Cash,https://musicbrainz.org/release-group/1e896abe-d5d5-348b-ad6e-6c9068793dad
rock_hall,,1969,Land of Israel,Johnny Cash,,"Israel, Asia",Country,Direct,israel,31.7683,35.2137,,,y,Johnny Cash,The Holy Land,Album,Johnny Cash,https://musicbrainz.org/release-group/de0ead03-22a3-3569-9c26-559dd9a059a0
rock_hall,,1969,San Quentin,Johnny Cash,,"San Quentin State Prison, San Quentin, California, United States, North America",Street/Landmark,Direct,san quentin,37.9387,-122.489,"new place — pin approximate, check it",,y,Johnny Cash,A Boy Named Sue / San Quentin,Single,Johnny Cash,https://musicbrainz.org/release-group/f12ba68b-abe5-4097-abfc-74b3453e461c
rock_hall,,1972,Arkansas Lovin’ Man,Johnny Cash,,"Arkansas, United States, North America",State/Region,Direct,arkansas,34.7465,-92.2896,"new place — pin approximate, check it",,y,Johnny Cash,A Thing Called Love,Album,Johnny Cash,https://musicbrainz.org/release-group/79620023-4a8e-3809-b103-37a37fc09dd9
rock_hall,,1972,Mississippi Sand,Johnny Cash,,"Mississippi, United States, North America",State/Region,Direct,mississippi,32.741,-89.678,,,y,Johnny Cash,A Thing Called Love,Album,Johnny Cash,https://musicbrainz.org/release-group/79620023-4a8e-3809-b103-37a37fc09dd9
rock_hall,,1972,The Battle of New Orleans,Johnny Cash,,"New Orleans, Louisiana, United States, North America",City,Direct,new orleans,30.0686,-89.939,"also in the dataset by Harpers Bizarre, Johnny Horton, Lonnie Donegan, The Nitty Gritty Dirt Band, Vaughn Monroe",,y,Johnny Cash,America: A 200-Year Salute in Story and Song,Album,Johnny Cash,https://musicbrainz.org/release-group/7201df58-d4e8-37cc-ba0f-c448cc8bc578
rock_hall,,1973,Kentucky Straight,Johnny Cash,,"Kentucky, United States, North America",State/Region,Direct,kentucky,37.668,-84.67,,,y,Johnny Cash,Any Old Wind That Blows,Album,Johnny Cash,https://musicbrainz.org/release-group/ac7804d4-7c88-358b-b02e-98022495e51e
rock_hall,,1973,Pick the Wildwood Flower,Johnny Cash and Mother Maybelle Carter,,"Wildwood, New Jersey, United States, North America",City,Direct,wildwood,38.9889,-74.8198,,,"n — 'wildwood' here is a wild wood, not Wildwood, New Jersey",Johnny Cash,Pick the Wildwood Flower,Single,Johnny Cash with Mother Maybelle Carter,https://musicbrainz.org/release-group/b41dee61-34b7-4800-9aad-6961b3d5b054
rock_hall,,1973,The City of New Orleans,Johnny Cash and June Carter Cash,,"New Orleans, Louisiana, United States, North America",City,Direct,new orleans,30.0686,-89.939,"also in the dataset by Arlo Guthrie, Steve Goodman",,y,Johnny Cash,Johnny Cash and His Woman,Album,Johnny Cash & June Carter Cash,https://musicbrainz.org/release-group/5d783581-59e0-4453-8fc0-16680e9365e5
rock_hall,,1975,Cocaine Carolina,Johnny Cash ft. David Allan Coe,,"The Carolinas, United States, North America",State/Region,Direct,carolina,34.8,-79.5,,,y,Johnny Cash,John R. Cash,Album,Johnny Cash feat. David Allan Coe,https://musicbrainz.org/release-group/c2c96c62-f99a-39db-adb1-9b7114e033d1
rock_hall,,1975,Down at Drippin’ Springs,Johnny Cash,,"Springs, South Africa",City,Direct,springs,,,,,"n — springs, not Springs, South Africa",Johnny Cash,Look at Them Beans,Album,Johnny Cash,https://musicbrainz.org/release-group/7fe38ba5-1e2a-3a14-81e5-cae7c8c9520d
rock_hall,,1975,My Old Kentucky Home (Turpentine and Dandelion Wine),Johnny Cash,,"Kentucky, United States, North America",State/Region,Direct,kentucky,37.668,-84.67,also in the dataset by Bing Crosby,,y,Johnny Cash,John R. Cash,Album,Johnny Cash,https://musicbrainz.org/release-group/c2c96c62-f99a-39db-adb1-9b7114e033d1
rock_hall,,1975,Texas - 1947,Johnny Cash,,"Texas, United States, North America",State/Region,Direct,texas,31.054,-97.563,"also in the dataset by Blake Shelton, Chris Rea, The Charlie Daniels Band",,y,Johnny Cash,Look at Them Beans,Album,Johnny Cash,https://musicbrainz.org/release-group/7fe38ba5-1e2a-3a14-81e5-cae7c8c9520d
rock_hall,,1975,The Lady Came From Baltimore,Johnny Cash,,"Baltimore, Maryland, United States, North America",City,Direct,baltimore,39.3002,-76.6105,also in the dataset by Bobby Darin,,y,Johnny Cash,John R. Cash,Album,Johnny Cash,https://musicbrainz.org/release-group/c2c96c62-f99a-39db-adb1-9b7114e033d1
rock_hall,,1975,The Night They Drove Old Dixie Down,Johnny Cash,,"American South, United States, North America",Continent/Region,Nickname,dixie,33,-86,"also in the dataset by Joan Baez, The Band",,y,Johnny Cash,John R. Cash,Album,Johnny Cash,https://musicbrainz.org/release-group/c2c96c62-f99a-39db-adb1-9b7114e033d1
rock_hall,,1976,Michigan City Howdy Do,Johnny Cash and The Tennessee Three,,"Michigan City, Indiana, United States, North America",City,Direct,michigan city,41.7075,-86.895,"new place — pin from geonamescache, check it",,y,Johnny Cash,One Piece at a Time,Album,Johnny Cash and The Tennessee Three,https://musicbrainz.org/release-group/fb232775-b189-3af3-bbcc-47aaf5da0e3f
rock_hall,,1978,Cajun Born,Johnny Cash,,"Louisiana, United States, North America",State/Region,Demonym,cajun,31.169,-91.867,,,y,Johnny Cash,Gone Girl,Album,Johnny Cash,https://musicbrainz.org/release-group/5b34c369-8d4e-4d6e-b887-ec23a0dd17e8
rock_hall,,1979,Lay Me Down in Dixie,Johnny Cash,,"American South, United States, North America",Continent/Region,Nickname,dixie,33,-86,,,y,Johnny Cash,A Believer Sings the Truth,Album,Johnny Cash,https://musicbrainz.org/release-group/2ec3dc56-82eb-439f-bc42-0ab6ddc80eb9
rock_hall,,1980,An American Trilogy,Johnny Cash,,"United States, North America",Country,Demonym,american,38.8951,-77.0364,"also in the dataset by Elvis Presley, Mickey Newbury",,y,Johnny Cash,Sings with the BC Goodpasture Christian School,Album,Johnny Cash,https://musicbrainz.org/release-group/7c7716a8-77b3-4d5b-9481-7b8d18e6db3c
rock_hall,,1980,Rockabilly Blues (Texas 1955),Johnny Cash,,"Texas, United States, North America",State/Region,Direct,texas,31.054,-97.563,,,y,Johnny Cash,Rockabilly Blues,Album,Johnny Cash,https://musicbrainz.org/release-group/7ee343b6-5c20-3776-8791-c3dc7a65e0fe
rock_hall,,1981,Chattanooga City Limit Sign,Johnny Cash,,"Chattanooga, Tennessee, United States, North America",City,Direct,chattanooga,35.0456,-85.3097,,,y,Johnny Cash,The Baron,Album,Johnny Cash,https://musicbrainz.org/release-group/f884417a-4e14-341a-9913-b9399f3ab9a2
rock_hall,,1981,Mobile Bay,Johnny Cash,,"Mobile, Alabama, United States, North America",City,Direct,mobile,30.69436,-88.04305,,,y,Johnny Cash,The Baron,Album,Johnny Cash,https://musicbrainz.org/release-group/f884417a-4e14-341a-9913-b9399f3ab9a2
rock_hall,,1982,Georgia on a Fast Train,Johnny Cash,,"Georgia, United States, North America",State/Region,Direct,georgia,33.04,-83.643,,,y,Johnny Cash,The Adventures of Johnny Cash,Album,Johnny Cash,https://musicbrainz.org/release-group/9b3f001a-682e-49d9-ab28-cfb23fc7ed5b
rock_hall,,1982,Good Old American Guest,Johnny Cash,,"United States, North America",Country,Demonym,american,38.8951,-77.0364,,,y,Johnny Cash,The Adventures of Johnny Cash,Album,Johnny Cash,https://musicbrainz.org/release-group/9b3f001a-682e-49d9-ab28-cfb23fc7ed5b
rock_hall,,1982,Paradise,Johnny Cash,,"Paradise, Kentucky, United States, North America",City,Direct,paradise,37.268056,-86.983611,also in the dataset by John Prine,,"? — may be a cover of John Prine's 'Paradise' (Paradise, Kentucky) — check",Johnny Cash,The Adventures of Johnny Cash,Album,Johnny Cash,https://musicbrainz.org/release-group/9b3f001a-682e-49d9-ab28-cfb23fc7ed5b
rock_hall,,1983,Joshua Gone Barbados,Johnny Cash,,"Barbados, North America",Country,Direct,barbados,13.10732,-59.62021,,,y,Johnny Cash,Johnny 99,Album,Johnny Cash,https://musicbrainz.org/release-group/ad4f68e8-59be-35e1-bc92-8d2b42068c5d
rock_hall,,1984,Battle of Nashville,Johnny Cash,,"Nashville, Tennessee, United States, North America",City,Direct,nashville,36.1718,-86.785,,,y,Johnny Cash,The Chicken in Black,Single,Johnny Cash,https://musicbrainz.org/release-group/70a132ec-c387-48f1-b8a4-f0de99c0471a
rock_hall,,1986,American by Birth,Johnny Cash and Waylon Jennings,,"United States, North America",Country,Demonym,american,38.8951,-77.0364,,,y,Johnny Cash,Heroes,Album,Johnny Cash & Waylon Jennings,https://musicbrainz.org/release-group/c959dbbe-087f-3a1e-9dd0-6609fc9aded0
rock_hall,,1994,Tennessee Stud,Johnny Cash,,"Tennessee, United States, North America",State/Region,Direct,tennessee,35.747,-86.692,also in the dataset by Eddy Arnold,,y,Johnny Cash,American Recordings,Album,Johnny Cash,https://musicbrainz.org/release-group/a4e748bc-d200-3a3d-bd51-d366a0785a40
rock_hall,,1995,#1 Folsom Prison Blues,Johnny Cash,,"Folsom Prison, Folsom, California, United States, North America",Street/Landmark,Direct,folsom prison,38.695,-121.1625,may be the same song as 'Folsom Prison Blues' already in the dataset,,"n — same song as 'Folsom Prison Blues', already in the dataset",Johnny Cash,Greatest Hits: Best of the Best,EP,Johnny Cash,https://musicbrainz.org/release-group/43a6e420-a2df-3fbe-aec4-2ff6f7da804d
rock_hall,,2003,Wichita Lineman,Johnny Cash,,"Wichita, Kansas, United States, North America",City,Direct,wichita,37.6907,-97.3427,"also in the dataset by Glen Campbell, Sergio Mendes & Brasil '66",,y,Johnny Cash,Hurt / Personal Jesus,Single,Johnny Cash,https://musicbrainz.org/release-group/a263fc22-cbcc-3530-b11e-137744ce5fb2
rock_hall,,2010,Aloha Oe,Johnny Cash,,"Aloha, Oregon",City,Direct,aloha,,,,,"n — 'aloha' is a greeting, not Aloha, Oregon",Johnny Cash,American VI: Ain’t No Grave,Album,Johnny Cash,https://musicbrainz.org/release-group/4cc447fa-4649-4551-8fed-d7d2b4e14632
rock_hall,,2012,Starkville City Jail,Johnny Cash,,"Starkville, Mississippi, United States, North America",City,Direct,starkville,33.4505,-88.8196,"new place — pin from geonamescache, check it",,y,Johnny Cash,Legends,Album,Johnny Cash,https://musicbrainz.org/release-group/296922b7-fdd7-4e0f-b6d1-3d0c2e05b2a4
rock_hall,,2014,Tennessee,Johnny Cash,,"Tennessee, United States, North America",State/Region,Direct,tennessee,35.747,-86.692,"also in the dataset by Arrested Development, Jan & Dean; may be the same song as 'Tennessee Flat-Top Box' already in the dataset",,y,Johnny Cash,Out Among the Stars,Album,Johnny Cash,https://musicbrainz.org/release-group/5013fdcb-e87a-47bf-b313-103cd72a70f3
rock_hall,,2020,Galway Bay,Johnny Cash and the Royal Philharmonic Orchestra,,"Galway Bay, Ireland, Europe",Water/Natural Feature,Direct,galway bay,53.2,-9.2,also in the dataset by Bing Crosby,,y,Johnny Cash,Johnny Cash and the Royal Philharmonic Orchestra,Album,Johnny Cash and the Royal Philharmonic Orchestra,https://musicbrainz.org/release-group/f8572b9e-79b6-4803-86d8-6a6c8ca4a3e8
rock_hall,,2024,Have You Ever Been to Little Rock?,Johnny Cash,,"Little Rock, Arkansas, United States, North America",City,Direct,little rock,34.7254,-92.3586,,,y,Johnny Cash,Songwriter,Album,Johnny Cash,https://musicbrainz.org/release-group/7534d959-215f-42b8-b4db-9d66c39962e8
rock_hall,,1988,New Moon Over Jamaica,Johnny Cash and Paul McCartney,,"Jamaica, North America",Country,Direct,jamaica,17.997,-76.7936,,,y,Johnny Cash; Paul McCartney,Water From the Wells of Home,Album,Johnny Cash with Paul McCartney,https://musicbrainz.org/release-group/d59b78ec-6507-3800-9028-05c8789d0471
rock_hall,,1986,Let America Be America Again,"Will D. Campbell and Johnny Cash, Willie Nelson, Jessie Colter and Waylon Jennings",,"United States, North America",Country,Direct,america,38.8951,-77.0364,,,y,Johnny Cash; Willie Nelson,Another Day in America / Let America Be America Again,Single,"Will D. Campbell with Johnny Cash, Willie Nelson, Jessie Colter & Waylon Jennings",https://musicbrainz.org/release-group/ae902cdf-cadd-4b53-84f3-e0e2aee308e9
rock_hall,,1969,Chelsea Morning,Joni Mitchell,,"Chelsea, New York, New York, United States, North America",Neighborhood/District,Direct,chelsea,40.7465,-74.0014,also in the dataset by Judy Collins,,y,Joni Mitchell,Clouds,Album,Joni Mitchell,https://musicbrainz.org/release-group/e0f5f627-ce00-3ed1-a3d4-8e19440b7acf
rock_hall,,1970,Morning Morgantown,Joni Mitchell,,"Morgantown, West Virginia, United States, North America",City,Direct,morgantown,39.6295,-79.9559,"new place — pin from geonamescache, check it",,? — Morning Morgantown may be a made-up town,Joni Mitchell,Ladies of the Canyon,Album,Joni Mitchell,https://musicbrainz.org/release-group/b04408f3-7a41-30f0-89c0-eba1efea3aae
rock_hall,,1979,The Dry Cleaner From Des Moines,Joni Mitchell,,"Des Moines, Iowa, United States, North America",City,Direct,des moines,41.59083,-93.62083,,,y,Joni Mitchell,Mingus,Album,Joni Mitchell,https://musicbrainz.org/release-group/a8579333-0a29-3f17-95e2-ec58d5c94a2d
rock_hall,,1982,Chinese Cafe,Joni Mitchell,,"China, Asia",Country,Demonym,chinese,39.9075,116.3972,,,y,Joni Mitchell,Wild Things Run Fast,Album,Joni Mitchell,https://musicbrainz.org/release-group/fbd0f3a8-8f84-3ca6-bb89-47f4f1710ded
rock_hall,,1985,Ethiopia,Joni Mitchell,,"Ethiopia, Africa",Country,Direct,ethiopia,9.0249,38.7469,"new place — pin approximate, check it",,y,Joni Mitchell,Dog Eat Dog,Album,Joni Mitchell,https://musicbrainz.org/release-group/0e361dbc-ef9e-368f-bd09-eadd9949403c
rock_hall,,1994,Yvette in English,Joni Mitchell,,"England, United Kingdom, Europe",Country,Demonym,english,51.5074,-0.1278,,,n — English the language,Joni Mitchell,Turbulent Indigo,Album,Joni Mitchell,https://musicbrainz.org/release-group/44c2e136-1f25-3497-bf10-cce444ed8003
rock_hall,,1998,Harlem in Havana,Joni Mitchell,,"Harlem, New York, New York, United States, North America",Neighborhood/District,Direct,harlem,40.8116,-73.9465,,,y,Joni Mitchell,Taming the Tiger,Album,Joni Mitchell,https://musicbrainz.org/release-group/6be55409-66a3-39a1-bab1-be3e1abb9f3e
rock_hall,,1998,Harlem in Havana,Joni Mitchell,,"Havana, Cuba, North America",City,Direct,havana,23.133,-82.383,,,y,Joni Mitchell,Taming the Tiger,Album,Joni Mitchell,https://musicbrainz.org/release-group/6be55409-66a3-39a1-bab1-be3e1abb9f3e
rock_hall,,2005,Faith in the Heartland,Journey,,"American Heartland, United States, North America",Continent/Region,Direct,heartland,39.8,-95.0,"new place — pin approximate, check it",,? — 'the Heartland' isn't one place — your call,Journey,Generations,Album,Journey,https://musicbrainz.org/release-group/7f8cd8a4-c3f4-328d-8c51-bf40d12cd15e
rock_hall,,1974,Rocka Rolla,Judas Priest,,"Rolla, Missouri",City,Direct,rolla,,,,,"n — rock 'n' rolla, not Rolla, Missouri",Judas Priest,Rocka Rolla / Never Satisfied,Single,Judas Priest,https://musicbrainz.org/release-group/50ccc9d7-d2f5-40fb-a8d7-2511494a7cd8
rock_hall,,1978,Kashka From Baghdad,Kate Bush,,"Baghdad, Iraq, Asia",City,Direct,baghdad,33.34058,44.40088,,,y,Kate Bush,Lionheart,Album,Kate Bush,https://musicbrainz.org/release-group/ab47675f-548d-3703-8689-28e5b5150bac
rock_hall,,1978,Oh England My Lionheart,Kate Bush,,"England, United Kingdom, Europe",Country,Direct,england,51.5074,-0.1278,,,y,Kate Bush,Lionheart,Album,Kate Bush,https://musicbrainz.org/release-group/ab47675f-548d-3703-8689-28e5b5150bac
rock_hall,,1980,Egypt,Kate Bush,,"Egypt, Africa",Country,Direct,egypt,30.0626,31.2497,,,y,Kate Bush,Never for Ever,Album,Kate Bush,https://musicbrainz.org/release-group/b3c5541a-e1d0-354f-b6c8-565c37dde332
rock_hall,,1959,Cuban Twilight,King Curtis,,"Cuba, North America",Country,Demonym,cuban,23.133,-82.383,,,y,King Curtis,"Have Tenor Sax, Will Blow",Album,King Curtis,https://musicbrainz.org/release-group/06a60c62-eccc-448e-b232-a69b5e540e37
rock_hall,,1961,Harlem Nocturne,King Curtis,,"Harlem, New York, New York, United States, North America",Neighborhood/District,Direct,harlem,40.8116,-73.9465,"also in the dataset by Johnny Otis, The Viscounts",,y,King Curtis,Old Gold,Album,King Curtis,https://musicbrainz.org/release-group/0f7edc6b-4084-4a83-8883-761beb30a79b
rock_hall,,1961,You Came a Long Way From St. Louis,King Curtis,,"St. Louis, Missouri, United States, North America",City,Direct,st louis,38.6357,-90.2446,,,y,King Curtis,Old Gold,Album,King Curtis,https://musicbrainz.org/release-group/0f7edc6b-4084-4a83-8883-761beb30a79b
rock_hall,,1962,Night Train to Memphis,King Curtis,,"Memphis, Tennessee, United States, North America",City,Direct,memphis,35.1035,-89.9785,,,y,King Curtis,Country Soul,Album,King Curtis,https://musicbrainz.org/release-group/239de7bc-1557-4906-adaf-67f73117cdfb
rock_hall,,1962,St. Louis Blues,King Curtis,,"St. Louis, Missouri, United States, North America",City,Direct,st louis,38.6357,-90.2446,also in the dataset by Bessie Smith and Louis Armstrong,,y,King Curtis,Doing the Dixie Twist,Album,King Curtis,https://musicbrainz.org/release-group/846bca27-eae0-4d00-96a2-0a86216388a2
rock_hall,,1962,Tennessee Waltz,King Curtis,,"Tennessee, United States, North America",State/Region,Direct,tennessee,35.747,-86.692,"also in the dataset by Anita O'Day, Bobby Comstock, Guy Lombardo, Jerry Fuller, Jo Stafford, Les Paul, Patti Page, Sam Cooke, Spike Jones, The Fontane Sisters",,y,King Curtis,Country Soul,Album,King Curtis,https://musicbrainz.org/release-group/239de7bc-1557-4906-adaf-67f73117cdfb
rock_hall,,1963,Jersey Bounce,King Curtis,,"New Jersey, United States, North America",State/Region,Nickname,jersey,40.298,-74.521,"also in the dataset by Benny Goodman, Jimmy Dorsey",,y,King Curtis,Sax in Motion,Album,King Curtis,https://musicbrainz.org/release-group/2c2b40d8-fc89-4e10-83ee-b76bfda337ef
rock_hall,,1964,Memphis,King Curtis,,"Memphis, Tennessee, United States, North America",City,Direct,memphis,35.1035,-89.9785,"also in the dataset by Donnie Brooks, Joe Jackson, Johnny Rivers, Lonnie Mack; may be the same song as 'Memphis Soul Stew' already in the dataset",,y,King Curtis,Soul Serenade,Album,King Curtis,https://musicbrainz.org/release-group/17c777f7-8f65-38c1-9f48-6b284ce0d82a
rock_hall,,1966,I Left My Heart in San Francisco,King Curtis,,"San Francisco, California, United States, North America",City,Direct,san francisco,37.78,-122.4193,also in the dataset by Tony Bennett,,y,King Curtis,That Lovin’ Feeling,Album,King Curtis,https://musicbrainz.org/release-group/765f37a5-d9dc-4535-b32f-e93dd189b141
rock_hall,,1966,On Broadway,King Curtis,,"Broadway, New York, New York, United States, North America",Street/Landmark,Direct,broadway,40.759,-73.9845,"also in the dataset by George Benson, The Drifters",,y,King Curtis,That Lovin’ Feeling,Album,King Curtis,https://musicbrainz.org/release-group/765f37a5-d9dc-4535-b32f-e93dd189b141
rock_hall,,1966,The Girl From Ipanema,King Curtis,,"Ipanema, Rio de Janeiro, Brazil, South America",Neighborhood/District,Direct,ipanema,-22.9838,-43.2045,also in the dataset by Stan Getz and Astrud Gilberto,,y,King Curtis,That Lovin’ Feeling,Album,King Curtis,https://musicbrainz.org/release-group/765f37a5-d9dc-4535-b32f-e93dd189b141
rock_hall,,1968,By the Time I Get to Phoenix,King Curtis,,"Phoenix, Arizona, United States, North America",City,Direct,phoenix,33.5722,-112.088,"also in the dataset by Glen Campbell and Anne Murray, Isaac Hayes, The Mad Lads",,y,King Curtis,Sweet Soul,Album,King Curtis,https://musicbrainz.org/release-group/7fd8a97e-7e2f-40e7-8038-06523b480789
rock_hall,,1969,Wichita Lineman,King Curtis,,"Wichita, Kansas, United States, North America",City,Direct,wichita,37.6907,-97.3427,"also in the dataset by Glen Campbell, Sergio Mendes & Brasil '66",,y,King Curtis,Instant Groove,Album,King Curtis,https://musicbrainz.org/release-group/c50c2f3c-cca2-39d9-b90d-b085ca769c8e
rock_hall,,1972,Central Park,King Curtis,,"Central Park, New York, New York, United States, North America",Street/Landmark,Direct,central park,40.7829,-73.9654,,,y,King Curtis,Everybody’s Talkin’,Album,King Curtis,https://musicbrainz.org/release-group/a41a3b07-2d0b-3f29-bb2f-b692ea7fde22
rock_hall,,1980,She’s So European,Kiss,,Europe,Continent/Region,Demonym,european,54.526,15.2551,,,y,Kiss,Shandi / She’s So European,Single,KISS,https://musicbrainz.org/release-group/17d04467-9363-4287-90e5-e27f0469dfd8
rock_hall,,1996,New York Groove,Kiss,,"New York, New York, United States, North America",City,Direct,new york,40.6643,-73.9385,also in the dataset by Ace Frehley,,y,Kiss,Blockbuster Special Promo CD,Single,KISS,https://musicbrainz.org/release-group/4e00867c-3ee7-357c-8752-6510720fbff2
rock_hall,,1986,Broadway,Kool & The Gang,,"Broadway, New York, New York, United States, North America",Street/Landmark,Direct,broadway,40.759,-73.9845,also in the dataset by Goo Goo Dolls,,y,Kool & the Gang,Forever,Album,Kool & the Gang,https://musicbrainz.org/release-group/41ec7d1f-566b-3b7f-a119-b58fa683c247
rock_hall,,2004,Hollywood Swingin’,Kool & the Gang ft. Jamiroquai,,"Hollywood, California, United States, North America",Neighborhood/District,Direct,hollywood,34.0928,-118.3287,may be the same song as 'Hollywood Swinging' already in the dataset,,"n — same song as 'Hollywood Swinging', already in the dataset",Kool & the Gang,The Hits: Reloaded,Album,Kool & the Gang feat. Jamiroquai,https://musicbrainz.org/release-group/8dc2f028-1e03-3051-b223-8460dab33d76
rock_hall,,2007,America,Kool & The Gang,,"United States, North America",Country,Direct,america,38.8951,-77.0364,"also in the dataset by David Essex, Full Intention, Gary Numan, Killing Joke, King Kurt, Leonard Bernstein, Neil Diamond, Prince And The Revolution, Razorlight, Simon & Garfunkel, The Five Stairsteps, The Nice, Yes",,y,Kool & the Gang,Still Kool,Album,Kool & the Gang,https://musicbrainz.org/release-group/fd9afa61-e540-3730-be80-2952f0af991d
rock_hall,,1977,Europe Endless,Kraftwerk,,Europe,Continent/Region,Direct,europe,54.526,15.2551,,,y,Kraftwerk,Trans Europa Express,Album,Kraftwerk,https://musicbrainz.org/release-group/33101a28-ae05-3a69-873c-684e336fe2df
rock_hall,,1978,Metropolis,Kraftwerk,,"Metropolis, Illinois, United States, North America",City,Direct,metropolis,37.15117,-88.732,,,"n — Metropolis, the film",Kraftwerk,Die Mensch·Maschine,Album,Kraftwerk,https://musicbrainz.org/release-group/d147e89b-90ca-35b6-9f7b-3e34b8edf63f
rock_hall,,1987,The Bristol Hotel,LL Cool J,,"Bristol, Pennsylvania, United States, North America",City,Direct,bristol,40.1035,-74.8529,,,? — LL Cool J's Bristol Hotel — which Bristol? check,LL Cool J,Bigger and Deffer,Album,L.L. Cool J,https://musicbrainz.org/release-group/c1952092-24a2-3a1e-8597-0dad68d7ab51
rock_hall,,1995,Hollis to Hollywood,LL Cool J,,"Hollis, Queens, New York, New York, United States, North America",City,Direct,hollis,40.71344,-73.76708,,,y,LL Cool J,Mr. Smith,Album,LL Cool J,https://musicbrainz.org/release-group/6f8c92de-6217-314b-84d9-28857f831a34
rock_hall,,1995,Hollis to Hollywood,LL Cool J,,"Hollywood, California, United States, North America",Neighborhood/District,Direct,hollywood,34.0928,-118.3287,,,y,LL Cool J,Mr. Smith,Album,LL Cool J,https://musicbrainz.org/release-group/6f8c92de-6217-314b-84d9-28857f831a34
rock_hall,,2002,Paradise,LL Cool J ft. Amerie,,"Paradise, Kentucky, United States, North America",City,Direct,paradise,37.268056,-86.983611,also in the dataset by John Prine,,"n — paradise as in heaven or bliss, not Paradise, Kentucky",LL Cool J,10,Album,LL Cool J feat. Amerie,https://musicbrainz.org/release-group/1510944a-3476-354b-83ae-4d8cc0dcbd45
rock_hall,,2006,It’s LL and Santana,LL Cool J ft. Juelz Santana,,"Santana, Brazil",City,Direct,santana,,,,,"n — Santana the band/person, not Santana, Brazil",LL Cool J,Todd Smith,Album,LL Cool J feat. Juelz Santana,https://musicbrainz.org/release-group/0b3296f5-4445-3e8c-aef5-edfb65979234
rock_hall,,2008,American Girl,LL Cool J,,"United States, North America",Country,Demonym,american,38.8951,-77.0364,"also in the dataset by Bonnie McKee, Tom Petty and the Heartbreakers",,y,LL Cool J,Exit 13,Album,LL Cool J,https://musicbrainz.org/release-group/bd117669-6fb9-38f5-9265-e3f3681f8ee1
rock_hall,,2008,New York,LL Cool J,,"New York, New York, United States, North America",City,Direct,new york,40.6643,-73.9385,also in the dataset by Ja Rule ft. Fat Joe and Jadakiss,,y,LL Cool J,Exit 13,Album,LL Cool J,https://musicbrainz.org/release-group/bd117669-6fb9-38f5-9265-e3f3681f8ee1
rock_hall,,2008,"New York, New York",LL Cool J,,"New York, New York, United States, North America",City,Direct,new york,40.6643,-73.9385,"also in the dataset by Gerard Kenny, Grandmaster Flash, Moby ft. Debbie Harry, Paul Maddox and DJ Grh, Ryan Adams",,y,LL Cool J,Exit 13,Album,LL Cool J,https://musicbrainz.org/release-group/bd117669-6fb9-38f5-9265-e3f3681f8ee1
rock_hall,,1959,St. Louis Blues,LaVern Baker,,"St. Louis, Missouri, United States, North America",City,Direct,st louis,38.6357,-90.2446,also in the dataset by Bessie Smith and Louis Armstrong,,y,LaVern Baker,Blues Ballads,Album,LaVern Baker,https://musicbrainz.org/release-group/f9062194-f75f-431d-b3f4-9a12da6c9e23
rock_hall,,1961,Hey Memphis,LaVern Baker,,"Memphis, Tennessee, United States, North America",City,Direct,memphis,35.1035,-89.9785,,,y,LaVern Baker,Hey Memphis / Voodoo Voodoo,Single,LaVern Baker,https://musicbrainz.org/release-group/ce789672-3330-4659-aabb-2d3c2f64e337
rock_hall,,1992,Tennessee Waltz,LaVern Baker,,"Tennessee, United States, North America",State/Region,Direct,tennessee,35.747,-86.692,"also in the dataset by Anita O'Day, Bobby Comstock, Guy Lombardo, Jerry Fuller, Jo Stafford, Les Paul, Patti Page, Sam Cooke, Spike Jones, The Fontane Sisters",,y,LaVern Baker,Woke Up This Mornin',Album,LaVern Baker,https://musicbrainz.org/release-group/2e36d9f3-cdbd-3e7c-8664-c6fb7037a13d
rock_hall,,1966,California Shoeshine Boys,Laura Nyro,,"California, United States, North America",State/Region,Direct,california,36.116,-119.682,,,y,Laura Nyro,More Than a New Discovery,Album,Laura Nyro,https://musicbrainz.org/release-group/778c0db9-cc07-3f3d-b754-de23469dcaf6
rock_hall,,1969,Mercy on Broadway,Laura Nyro,,"Broadway, New York, New York, United States, North America",Street/Landmark,Direct,broadway,40.759,-73.9845,,,y,Laura Nyro,New York Tendaberry,Album,Laura Nyro,https://musicbrainz.org/release-group/34b5e032-0eac-3c6d-ace2-fb0844d34474
rock_hall,,1969,New York Tendaberry,Laura Nyro,,"New York, New York, United States, North America",City,Direct,new york,40.6643,-73.9385,,,y,Laura Nyro,New York Tendaberry,Album,Laura Nyro,https://musicbrainz.org/release-group/34b5e032-0eac-3c6d-ace2-fb0844d34474
rock_hall,,1970,Been on a Train,Laura Nyro,,"A Train, New York, New York, United States, North America",Street/Landmark,Direct,a train,40.82404,-73.944769,,,"n — 'a train', not the A train subway line",Laura Nyro,Christmas and the Beads of Sweat,Album,Laura Nyro,https://musicbrainz.org/release-group/a06e2586-d5ad-31c3-96eb-9ccd85f414a1
rock_hall,,1970,Upstairs by a Chinese Lamp,Laura Nyro,,"China, Asia",Country,Demonym,chinese,39.9075,116.3972,,,? — demonym in an object/story name — your call,Laura Nyro,Christmas and the Beads of Sweat,Album,Laura Nyro,https://musicbrainz.org/release-group/a06e2586-d5ad-31c3-96eb-9ccd85f414a1
rock_hall,,1970,When I Was a Freeport and You Were the Main Drag,Laura Nyro,,"Freeport, New York",City,Direct,freeport,,,,,"n — wordplay, not Freeport",Laura Nyro,Christmas and the Beads of Sweat,Album,Laura Nyro,https://musicbrainz.org/release-group/a06e2586-d5ad-31c3-96eb-9ccd85f414a1
rock_hall,,1971,Spanish Harlem,Laura Nyro and LaBelle,,"East Harlem, New York, New York, United States, North America",Neighborhood/District,Direct,spanish harlem,40.7957,-73.9389,"also in the dataset by Aretha Franklin, Ben E. King, Jimmy Justice, King Curtis, Sounds Incorporated",,y,Laura Nyro,Gonna Take a Miracle,Album,Laura Nyro and LaBelle,https://musicbrainz.org/release-group/c93ff06b-8a90-3537-8f38-7bdd2e17feaa
rock_hall,,1978,American Dreamer,Laura Nyro,,"United States, North America",Country,Demonym,american,38.8951,-77.0364,,,y,Laura Nyro,Nested,Album,Laura Nyro,https://musicbrainz.org/release-group/a28e70db-9a9e-3bb7-8717-426d216c69b4
rock_hall,,1940,Alabama Bound,Lead Belly and The Golden Gate Quartet,,"Alabama, United States, North America",State/Region,Direct,alabama,32.806,-86.791,,,y,Lead Belly,The Midnight Special,Album,Lead Belly and The Golden Gate Quartet,https://musicbrainz.org/release-group/ed46af6a-255d-4b56-8cbf-d4da3337b7c4
rock_hall,,1941,New York City,Lead Belly,,"New York, New York, United States, North America",City,Direct,new york city,40.6643,-73.9385,also in the dataset by Zwol,,y,Lead Belly,"New York City / You Can't Lose Me, Cholly",Single,Lead Belly,https://musicbrainz.org/release-group/1f9689cb-63f0-4b0c-b8f5-b8d465393cdd
rock_hall,,1944,In New Orleans,Lead Belly,,"New Orleans, Louisiana, United States, North America",City,Direct,new orleans,30.0686,-89.939,,,y,Lead Belly,(Black Gal) Where Did You Sleep Last Night? / In New Orleans,Single,Lead Belly,https://musicbrainz.org/release-group/b7d8eea9-f687-4848-a9d1-2efdf9c449a6
rock_hall,,1947,Alabama Bound,Lead Belly and Woody Guthrie and Cisco Houston,,"Alabama, United States, North America",State/Region,Direct,alabama,32.806,-86.791,,,n — same song as the Lead Belly and The Golden Gate Quartet row (1940),Lead Belly; Woody Guthrie,Midnight Special,Album,Lead Belly with Woody Guthrie and Cisco Houston,https://musicbrainz.org/release-group/4ffb7557-ec0e-40cb-957b-d71e446cb53b
rock_hall,,1970,Dixie Lullaby,Leon Russell,,"American South, United States, North America",Continent/Region,Nickname,dixie,33,-86,,,y,Leon Russell,Leon Russell,Album,Leon Russell,https://musicbrainz.org/release-group/27400ea7-c05b-3f6a-b6eb-57aecfb8f231
rock_hall,,1971,Alcatraz,Leon Russell,,"Alcatraz Island, San Francisco, California, United States, North America",Street/Landmark,Direct,alcatraz,37.8267,-122.423,"new place — pin approximate, check it",,y,Leon Russell,Leon Russell and the Shelter People,Album,Leon Russell,https://musicbrainz.org/release-group/76a01f5a-0349-3cc8-9c22-761957ce678a
rock_hall,,1971,Home Sweet Oklahoma,Leon Russell,,"Oklahoma, United States, North America",State/Region,Direct,oklahoma,35.565,-96.928,,,y,Leon Russell,Leon Russell and the Shelter People,Album,Leon Russell,https://musicbrainz.org/release-group/76a01f5a-0349-3cc8-9c22-761957ce678a
rock_hall,,1971,"It Takes a Lot to Laugh, It Takes a Train to Cry",Leon Russell,,"A Train, New York, New York, United States, North America",Street/Landmark,Direct,a train,40.82404,-73.944769,,,"n — 'a train', not the A train subway line",Leon Russell,Leon Russell and the Shelter People,Album,Leon Russell,https://musicbrainz.org/release-group/76a01f5a-0349-3cc8-9c22-761957ce678a
rock_hall,,1971,Sweet Home Chicago,Leon Russell and Marc Benno,,"Chicago, Illinois, United States, North America",City,Direct,chicago,41.8376,-87.6818,also in the dataset by Robert Johnson,,y,Leon Russell,Asylum Choir II,Album,Leon Russell & Marc Benno,https://musicbrainz.org/release-group/cd7cbb0f-2421-37b2-9a64-cbf3cfff1854
rock_hall,,1972,Acid Annapolis,Leon Russell,,"Annapolis, Maryland, United States, North America",City,Direct,annapolis,38.9786,-76.4918,"new place — pin from geonamescache, check it",,y,Leon Russell,Carney,Album,Leon Russell,https://musicbrainz.org/release-group/2b7b92ad-313c-3589-a2f0-f87e5ba18f9f
rock_hall,,1972,Cajun Love Song,Leon Russell,,"Louisiana, United States, North America",State/Region,Demonym,cajun,31.169,-91.867,,,y,Leon Russell,Carney,Album,Leon Russell,https://musicbrainz.org/release-group/2b7b92ad-313c-3589-a2f0-f87e5ba18f9f
rock_hall,,1972,Christmas in Chicago,Leon Russell,,"Chicago, Illinois, United States, North America",City,Direct,chicago,41.8376,-87.6818,,,y,Leon Russell,Slipping Into Christmas / Christmas in Chicago,Single,Leon Russell,https://musicbrainz.org/release-group/8ba6b0e5-8f48-400a-bf50-0a2d4f70ed62
rock_hall,,1972,Manhattan Island Serenade,Leon Russell,,"Manhattan, New York, New York, United States, North America",Neighborhood/District,Direct,manhattan,40.7831,-73.9712,,,y,Leon Russell,Carney,Album,Leon Russell,https://musicbrainz.org/release-group/2b7b92ad-313c-3589-a2f0-f87e5ba18f9f
rock_hall,,1973,Battle of New Orleans,Leon Russell,,"New Orleans, Louisiana, United States, North America",City,Direct,new orleans,30.0686,-89.939,"also in the dataset by Harpers Bizarre, Johnny Horton, Lonnie Donegan, The Nitty Gritty Dirt Band, Vaughn Monroe",,y,Leon Russell,Hank Wilson’s Back!,Album,Leon Russell,https://musicbrainz.org/release-group/de4de126-1b1d-324d-bba4-25b849aeb199
rock_hall,,1973,Virginia,Leon Russell,,"Virginia, United States, North America",State/Region,Direct,virginia,37.769,-78.17,also in the dataset by The Jeevas,,y,Leon Russell,Looking Back,Album,Leon Russell,https://musicbrainz.org/release-group/01d69e29-c64d-4e6d-b68c-e25f44aa06ae
rock_hall,,1974,Spanish Harlem,Leon Russell,,"East Harlem, New York, New York, United States, North America",Neighborhood/District,Direct,spanish harlem,40.7957,-73.9389,"also in the dataset by Aretha Franklin, Ben E. King, Jimmy Justice, King Curtis, Sounds Incorporated",,y,Leon Russell,Stop All That Jazz,Album,Leon Russell,https://musicbrainz.org/release-group/15bc2e8b-8156-3e93-b83c-1ec65c1b4f06
rock_hall,,1974,The Ballad of Hollis Brown,Leon Russell,,"Hollis, Queens, New York, New York, United States, North America",City,Direct,hollis,40.71344,-73.76708,,,n — Hollis Brown is a person,Leon Russell,Stop All That Jazz,Album,Leon Russell,https://musicbrainz.org/release-group/15bc2e8b-8156-3e93-b83c-1ec65c1b4f06
rock_hall,,1978,From Maine to Mexico,Leon Russell,,"Maine, United States, North America",State/Region,Direct,maine,45.25,-69.24,,,y,Leon Russell,Americana,Album,Leon Russell,https://musicbrainz.org/release-group/e7dc6d3a-e116-4faf-bb5d-6571568d9055
rock_hall,,1978,From Maine to Mexico,Leon Russell,,"Mexico, North America",Country,Direct,mexico,19.4285,-99.1277,,,y,Leon Russell,Americana,Album,Leon Russell,https://musicbrainz.org/release-group/e7dc6d3a-e116-4faf-bb5d-6571568d9055
rock_hall,,1998,Okie From Muskogee,Leon Russell,,"Muskogee, Oklahoma, United States, North America",City,Direct,muskogee,35.7479,-95.3697,also in the dataset by Merle Haggard And The Strangers,,y,Leon Russell,"Legend in My Time: Hank Wilson, Volume III",Album,Leon Russell,https://musicbrainz.org/release-group/ab1af49e-e003-3743-859f-a4aa4ed13c00
rock_hall,,2000,Deep in the Heart of Dixie,Leon Russell,,"American South, United States, North America",Continent/Region,Nickname,dixie,33,-86,,,y,Leon Russell,Crazy Love,Album,Leon Russell,https://musicbrainz.org/release-group/60d673a5-7bd7-4e4f-bc40-be03055d949e
rock_hall,,2001,Columbus Stockade Blues,Leon Russell,,"Columbus, Georgia, United States, North America",City,Direct,columbus,32.461,-84.9877,"new place — pin from geonamescache, check it; place changed from 'Columbus, Ohio, United States, North America'",,y — the Columbus stockade is in Georgia,Leon Russell,"Rhythm & Bluegrass: Hank Wilson, Volume 4",Album,Leon Russell,https://musicbrainz.org/release-group/9e1cfd4a-088b-4190-b072-b34f776dc7fe
rock_hall,,2003,Big Easy,Leon Russell,,"New Orleans, Louisiana, United States, North America",City,Nickname,big easy,30.0686,-89.939,,,y,Leon Russell,Almost Piano,Album,Leon Russell,https://musicbrainz.org/release-group/4f33528a-7f14-476c-8d93-60498b561fd7
rock_hall,,2003,Down In Dixieland,Leon Russell,,"American South, United States, North America",Continent/Region,Nickname,dixieland,33,-86,,,y,Leon Russell,In Your Dreams,Album,Leon Russell,https://musicbrainz.org/release-group/87f35540-0468-4491-87ae-3294776d113d
rock_hall,,2003,Down In Louisiana,Leon Russell,,"Louisiana, United States, North America",State/Region,Direct,louisiana,31.169,-91.867,,,y,Leon Russell,In Your Dreams,Album,Leon Russell,https://musicbrainz.org/release-group/87f35540-0468-4491-87ae-3294776d113d
rock_hall,,2003,Oklahoma Boogie,Leon Russell,,"Oklahoma, United States, North America",State/Region,Direct,oklahoma,35.565,-96.928,,,y,Leon Russell,In Your Dreams,Album,Leon Russell,https://musicbrainz.org/release-group/87f35540-0468-4491-87ae-3294776d113d
rock_hall,,2007,California Dreams,Leon Russell,,"California, United States, North America",State/Region,Direct,california,36.116,-119.682,,,y,Leon Russell,Bad Country,Album,Leon Russell,https://musicbrainz.org/release-group/b9a91f2d-aaf0-4567-844e-bf7e66947129
rock_hall,,2007,Oklahoma Girl,Leon Russell,,"Oklahoma, United States, North America",State/Region,Direct,oklahoma,35.565,-96.928,,,y,Leon Russell,Bad Country,Album,Leon Russell,https://musicbrainz.org/release-group/b9a91f2d-aaf0-4567-844e-bf7e66947129
rock_hall,,2007,Rio Grande,Leon Russell,,"Rio Grande, Texas, United States, North America",Water/Natural Feature,Direct,rio grande,25.956111,-97.145278,,,y,Leon Russell,Bad Country,Album,Leon Russell,https://musicbrainz.org/release-group/b9a91f2d-aaf0-4567-844e-bf7e66947129
rock_hall,,2007,Tennessee Hayride,Leon Russell,,"Tennessee, United States, North America",State/Region,Direct,tennessee,35.747,-86.692,,,y,Leon Russell,Bad Country,Album,Leon Russell,https://musicbrainz.org/release-group/b9a91f2d-aaf0-4567-844e-bf7e66947129
rock_hall,,2014,Fool's Paradise,Leon Russell,,"Paradise, Kentucky, United States, North America",City,Direct,paradise,37.268056,-86.983611,,,"n — paradise as in heaven or bliss, not Paradise, Kentucky",Leon Russell,Life Journey,Album,Leon Russell,https://musicbrainz.org/release-group/808dd7de-a56e-4b82-8a8a-0abc109d73f5
rock_hall,,2014,Georgia On My Mind,Leon Russell,,"Georgia, United States, North America",State/Region,Direct,georgia,33.04,-83.643,"also in the dataset by Hoagy Carmichael, Michael Bolton, Ray Charles, The Righteous Brothers, Wes Montgomery, Willie Nelson",,y,Leon Russell,Life Journey,Album,Leon Russell,https://musicbrainz.org/release-group/808dd7de-a56e-4b82-8a8a-0abc109d73f5
rock_hall,,2014,New York State of Mind,Leon Russell,,"New York, New York, United States, North America",City,Direct,new york,40.6643,-73.9385,also in the dataset by Billy Joel,,y,Leon Russell,Life Journey,Album,Leon Russell,https://musicbrainz.org/release-group/808dd7de-a56e-4b82-8a8a-0abc109d73f5
rock_hall,,1979,Sioux City Sue,Willie Nelson and Leon Russell,,"Sioux City, Iowa, United States, North America",City,Direct,sioux city,42.4953,-96.3915,"also in the dataset by Bing Crosby, Dick Thomas",,y,Leon Russell; Willie Nelson,One for the Road,Album,Willie Nelson & Leon Russell,https://musicbrainz.org/release-group/e9a0a6f3-c6e8-3eb4-89ba-cb868348c5bb
rock_hall,,1979,The Lost Canadian (Un Canadien errant),Leonard Cohen,,"Canada, North America",Country,Demonym,canadian,45.4112,-75.6981,,,y,Leonard Cohen,Recent Songs,Album,Leonard Cohen,https://musicbrainz.org/release-group/1d60df56-dec4-3b33-bca6-ce6f16ef85c5
rock_hall,,1988,Chelsea Hotel No. 2,Leonard Cohen,,"Chelsea, New York, New York, United States, North America",Neighborhood/District,Direct,chelsea,40.7465,-74.0014,,,y,Leonard Cohen,I’m Your Man,Single,Leonard Cohen,https://musicbrainz.org/release-group/19a49d60-c186-32b4-ad02-7580487efc8c
rock_hall,,2004,Tennessee Waltz,Leonard Cohen,,"Tennessee, United States, North America",State/Region,Direct,tennessee,35.747,-86.692,"also in the dataset by Anita O'Day, Bobby Comstock, Guy Lombardo, Jerry Fuller, Jo Stafford, Les Paul, Patti Page, Sam Cooke, Spike Jones, The Fontane Sisters",,y,Leonard Cohen,Dear Heather,Album,Leonard Cohen,https://musicbrainz.org/release-group/28fad854-8a88-3814-b303-8aca625c206d
rock_hall,,2014,Samson in New Orleans,Leonard Cohen,,"New Orleans, Louisiana, United States, North America",City,Direct,new orleans,30.0686,-89.939,,,y,Leonard Cohen,Popular Problems,Album,Leonard Cohen,https://musicbrainz.org/release-group/3339bbbc-fce1-404d-9789-e0c07ab6db6e
rock_hall,,2019,The Night of Santiago,Leonard Cohen,,"Santiago, Chile",City,Direct,santiago,,,,,"n — the feast night of Santiago, not Santiago, Chile",Leonard Cohen,Thanks for the Dance,Album,Leonard Cohen,https://musicbrainz.org/release-group/54d8e12b-a37a-4071-9c46-b7ca25aff9f8
rock_hall,,1949,Aloha Oe (Farewell to Thee),Les Paul and His Trio,,"Aloha, Oregon",City,Direct,aloha,,,,,"n — 'aloha' is a greeting, not Aloha, Oregon",Les Paul,Hawaiian Paradise,EP,Les Paul and His Trio,https://musicbrainz.org/release-group/8487f5d3-8437-409e-9d19-9961420ab0f3
rock_hall,,1949,Hawaiian Paradise,Les Paul and His Trio,,"Hawaii, United States, North America",State/Region,Demonym,hawaiian,21.094,-157.498,,,y,Les Paul,Hawaiian Paradise,EP,Les Paul and His Trio,https://musicbrainz.org/release-group/8487f5d3-8437-409e-9d19-9961420ab0f3
rock_hall,,1949,Hawaiian Paradise,Les Paul and His Trio,,"Paradise, Kentucky, United States, North America",City,Direct,paradise,37.268056,-86.983611,,,"n — paradise as in heaven or bliss, not Paradise, Kentucky",Les Paul,Hawaiian Paradise,EP,Les Paul and His Trio,https://musicbrainz.org/release-group/8487f5d3-8437-409e-9d19-9961420ab0f3
rock_hall,,1949,Song of the Islands (Na Lei o Hawaii),Les Paul and His Trio,,"Hawaii, United States, North America",State/Region,Direct,hawaii,21.094,-157.498,,,y,Les Paul,Hawaiian Paradise,EP,Les Paul and His Trio,https://musicbrainz.org/release-group/8487f5d3-8437-409e-9d19-9961420ab0f3
rock_hall,,1949,Sweet Hawaiian Moonlight,Les Paul and His Trio,,"Hawaii, United States, North America",State/Region,Demonym,hawaiian,21.094,-157.498,,,y,Les Paul,Hawaiian Paradise,EP,Les Paul and His Trio,https://musicbrainz.org/release-group/8487f5d3-8437-409e-9d19-9961420ab0f3
rock_hall,,1949,"To You, Sweetheart, Aloha",Les Paul and His Trio,,"Aloha, Oregon",City,Direct,aloha,,,,,"n — 'aloha' is a greeting, not Aloha, Oregon",Les Paul,Hawaiian Paradise,EP,Les Paul and His Trio,https://musicbrainz.org/release-group/8487f5d3-8437-409e-9d19-9961420ab0f3
rock_hall,,1950,Brazil,Les Paul,,"Brazil, South America",Country,Direct,brazil,-15.7939,-47.8828,"also in the dataset by Baby Doll, Crispy and Company, Declan McKenna, Jimmy Dorsey, The Ritchie Family, Xavier Cugat",,y,Les Paul,The New Sound!,Album,Les Paul,https://musicbrainz.org/release-group/9667f203-2569-4ada-9196-e8965521b0b6
rock_hall,,1952,St. Louis Blues,Les Paul & Mary Ford,,"St. Louis, Missouri, United States, North America",City,Direct,st louis,38.6357,-90.2446,also in the dataset by Bessie Smith and Louis Armstrong,,y,Les Paul,Bye Bye Blues!,Album,Les Paul & Mary Ford,https://musicbrainz.org/release-group/f2863a5e-5a4e-4920-bf64-ae1c980baf08
rock_hall,,1955,Nuevo Laredo,Les Paul & Mary Ford,,"Nuevo Laredo, Mexico, North America",City,Direct,nuevo laredo,27.4763,-99.5164,"new place — pin from geonamescache, check it",,y,Les Paul,Les And Mary,Album,Les Paul & Mary Ford,https://musicbrainz.org/release-group/83b4dfd6-9bf1-418e-9724-799817f5024d
rock_hall,,1959,Blue Hawaii,Les Paul & Mary Ford,,"Hawaii, United States, North America",State/Region,Direct,hawaii,21.094,-157.498,also in the dataset by Billy Vaughn,,y,Les Paul,Lovers’ Luau,Album,Les Paul & Mary Ford,https://musicbrainz.org/release-group/c8c21258-c8c6-3de0-ba45-7a763e431dcc
rock_hall,,1959,Farewell to Thee (Aloha Oe),Les Paul & Mary Ford,,"Aloha, Oregon",City,Direct,aloha,,,,,"n — 'aloha' is a greeting, not Aloha, Oregon",Les Paul,Lovers’ Luau,Album,Les Paul & Mary Ford,https://musicbrainz.org/release-group/c8c21258-c8c6-3de0-ba45-7a763e431dcc
rock_hall,,1959,Hawaiian Charms,Les Paul & Mary Ford,,"Hawaii, United States, North America",State/Region,Demonym,hawaiian,21.094,-157.498,,,y,Les Paul,Lovers’ Luau,Album,Les Paul & Mary Ford,https://musicbrainz.org/release-group/c8c21258-c8c6-3de0-ba45-7a763e431dcc
rock_hall,,1962,Columbus Stockade Blues,Les Paul & Mary Ford,,"Columbus, Georgia, United States, North America",City,Direct,columbus,32.461,-84.9877,"new place — pin from geonamescache, check it; place changed from 'Columbus, Ohio, United States, North America'",,y — the Columbus stockade is in Georgia,Les Paul,Swingin' South,Album,Les Paul & Mary Ford,https://musicbrainz.org/release-group/2110b474-75a3-4005-baa1-137e0135c528
rock_hall,,1965,The Poor People of Paris,Les Paul & Mary Ford,,"Paris, France, Europe",City,Direct,paris,48.8534,2.3488,"also in the dataset by Les Baxter, Winifred Atwell",,y,Les Paul,The Fabulous Les Paul & Mary Ford,Album,Les Paul & Mary Ford,https://musicbrainz.org/release-group/b3455dda-90df-37f8-a157-b016ec02dc54
rock_hall,,1968,Los Angeles,Les Paul,,"Los Angeles, California, United States, North America",City,Direct,los angeles,34.0194,-118.4108,also in the dataset by X,,y,Les Paul,Now!,Album,Les Paul,https://musicbrainz.org/release-group/c7fdfa84-7b5c-4ff0-8070-36d5e53ec9e8
rock_hall,,2009,Back Home Again in Indiana,Les Paul,,"Indiana, United States, North America",State/Region,Direct,indiana,39.849,-86.258,,,y,Les Paul,California Melodies,Album,Les Paul,https://musicbrainz.org/release-group/79184a2e-ee18-3cd9-9905-70bcd7e2dea0
rock_hall,,2009,Way Down Yonder in New Orleans,Les Paul,,"New Orleans, Louisiana, United States, North America",City,Direct,new orleans,30.0686,-89.939,also in the dataset by Freddy Cannon,,y,Les Paul,California Melodies,Album,Les Paul,https://musicbrainz.org/release-group/79184a2e-ee18-3cd9-9905-70bcd7e2dea0
rock_hall,,1973,Colorado,Linda Ronstadt,,"Colorado, United States, North America",State/Region,Direct,colorado,39.059,-105.311,"also in the dataset by Danny Holien, Grizzly Bear, Paper Bird, Xandra",,y,Linda Ronstadt,Don’t Cry Now,Album,Linda Ronstadt,https://musicbrainz.org/release-group/c8646141-f871-3e19-a7c8-9d49fc2c9a7b
rock_hall,,1977,Blue Bayou,Linda Ronstadt,,"Louisiana Bayou, Louisiana, United States, North America",Water/Natural Feature,Direct,blue bayou,29.9,-91.3,,,y,Linda Ronstadt,Simple Dreams,Album,Linda Ronstadt,https://musicbrainz.org/release-group/875cd93f-35f3-35bf-a773-fdd17260edcc
rock_hall,,1992,En mi soledad,Linda Ronstadt,,"Soledad, Colombia",City,Direct,soledad,,,,,n — soledad means solitude,Linda Ronstadt,Frenesí,Album,Linda Ronstadt,https://musicbrainz.org/release-group/260ff57d-08e9-3114-b829-147aa769d9c7
rock_hall,,1998,He Rode All the Way to Texas,"Emmylou Harris, Linda Ronstadt, Dolly Parton",,"Texas, United States, North America",State/Region,Direct,texas,31.054,-97.563,,,y,Linda Ronstadt; Dolly Parton,Trio II,Album,"Emmylou Harris, Linda Ronstadt, Dolly Parton",https://musicbrainz.org/release-group/5e187555-0c0e-3232-b521-93ab733d7c30
rock_hall,,2016,Waltz Across Texas Tonight,"Dolly Parton, Emmylou Harris and Linda Ronstadt",,"Texas, United States, North America",State/Region,Direct,texas,31.054,-97.563,,,y,Linda Ronstadt; Dolly Parton,Trio: Farther Along,Album,"Dolly Parton, Emmylou Harris & Linda Ronstadt",https://musicbrainz.org/release-group/f9697225-cd83-406d-b032-21cd4f9ea203
rock_hall,,1971,God Out West,Link Wray,,"American West, United States, North America",Continent/Region,Direct,out west,40,-112,,,y,Link Wray,Link Wray,Album,Link Wray,https://musicbrainz.org/release-group/3119a110-05c6-3cec-9e52-fca73e05d518
rock_hall,,1973,Alabama Electric Circus,Link Wray,,"Alabama, United States, North America",State/Region,Direct,alabama,32.806,-86.791,,,y,Link Wray,Beans and Fatback,Album,Link Wray,https://musicbrainz.org/release-group/0e0bab3c-25f1-3fae-b23e-0b92d25a7c3b
rock_hall,,1973,From Tulsa to North Caroline,Link Wray,,"Tulsa, Oklahoma, United States, North America",City,Direct,tulsa,36.1279,-95.9023,,,y,Link Wray,Beans and Fatback,Album,Link Wray,https://musicbrainz.org/release-group/0e0bab3c-25f1-3fae-b23e-0b92d25a7c3b
rock_hall,,1973,Georgia Pines,Link Wray,,"Georgia, United States, North America",State/Region,Direct,georgia,33.04,-83.643,also in the dataset by The Candymen,,y,Link Wray,Beans and Fatback,Album,Link Wray,https://musicbrainz.org/release-group/0e0bab3c-25f1-3fae-b23e-0b92d25a7c3b
rock_hall,,1973,"Tucson, Arizona",Link Wray,,"Tucson, Arizona, United States, North America",City,Direct,tucson + arizona,32.1543,-110.8711,,,y,Link Wray,Be What You Want To,Album,Link Wray,https://musicbrainz.org/release-group/08d07ba0-0520-3b96-bf02-b42c9f91b1a6
rock_hall,,1990,American Sunset,Link Wray,,"United States, North America",Country,Demonym,american,38.8951,-77.0364,,,y,Link Wray,Wild Side of the City Lights,Album,Link Wray,https://musicbrainz.org/release-group/1708f9ea-3ab9-419b-b59d-cf4362ccf2ce
rock_hall,,1990,Dallas Blues,Link Wray,,"Dallas, Texas, United States, North America",City,Direct,dallas,32.7942,-96.7655,,,y,Link Wray,Apache,Album,Link Wray,https://musicbrainz.org/release-group/66bd23b3-d152-39c9-9681-d9cea294a161
rock_hall,,1993,Guitar Man From New Orleans,Link Wray,,"New Orleans, Louisiana, United States, North America",City,Direct,new orleans,30.0686,-89.939,,,y,Link Wray,Indian Child,Album,Link Wray,https://musicbrainz.org/release-group/4315358c-de9f-4973-b310-9c2a3984bb8b
rock_hall,,1994,Tijuana,Link Wray,,"Tijuana, Mexico, North America",City,Direct,tijuana,32.5027,-117.0037,,,y,Link Wray,Rumble,Album,Link Wray,https://musicbrainz.org/release-group/36c4b8c5-4b11-4e45-9afb-e266d6dfa0b1
rock_hall,,1994,Turnpike USA,Link Wray,,"United States, North America",Country,Direct,usa,38.8951,-77.0364,,,y,Link Wray,Rumble,Album,Link Wray,https://musicbrainz.org/release-group/36c4b8c5-4b11-4e45-9afb-e266d6dfa0b1
rock_hall,,1996,Paradise,Lionel Richie,,"Paradise, Kentucky, United States, North America",City,Direct,paradise,37.268056,-86.983611,also in the dataset by John Prine,,"n — paradise as in heaven or bliss, not Paradise, Kentucky",Lionel Richie,Louder Than Words,Album,Lionel Richie,https://musicbrainz.org/release-group/36f85f65-e7c3-39fd-8586-467437dfc480
rock_hall,,2009,Somewhere in London,Lionel Richie,,"London, England, United Kingdom, Europe",City,Direct,london,51.5085,-0.1257,,,y,Lionel Richie,Just Go,Album,Lionel Richie,https://musicbrainz.org/release-group/b1332748-3cc5-3dd2-8d2a-7c3e3c669aaf
rock_hall,,1964,The Girl From Ipanema,Little Anthony and the Imperials,,"Ipanema, Rio de Janeiro, Brazil, South America",Neighborhood/District,Direct,ipanema,-22.9838,-43.2045,also in the dataset by Stan Getz and Astrud Gilberto,,y,Little Anthony and the Imperials,I'm on the Outside (Looking in),Album,Little Anthony and the Imperials,https://musicbrainz.org/release-group/21e91212-1602-4505-bc47-dee9cee87f33
rock_hall,,1971,Born on the Bayou,Little Richard,,"Louisiana Bayou, Louisiana, United States, North America",Continent/Region,Direct,the bayou,29.9,-91.3,also in the dataset by Creedence Clearwater Revival,,y,Little Richard,King of Rock and Roll,Album,Little Richard,https://musicbrainz.org/release-group/b46e657e-1c9d-41f3-9fd9-1b9b77a03b0a
rock_hall,,1973,Mississippi,Little Richard,,"Mississippi, United States, North America",State/Region,Direct,mississippi,32.741,-89.678,"also in the dataset by Bob Dylan, John Phillips, Pussycat; may be the same song as 'Greenwood, Mississippi' already in the dataset",,y,Little Richard,Right Now!,Album,Little Richard,https://musicbrainz.org/release-group/ba1b9b0a-28b1-42a2-bc8c-0d5cff6f95e8
rock_hall,,2020,California (I'm Comin'),Little Richard,,"California, United States, North America",State/Region,Direct,california,36.116,-119.682,"also in the dataset by Amelia Lily, Belinda Carlisle, CO (Club Oriented), Debby Boone, EMA, Joni Mitchell, Lenny Kravitz, Low, Phantom Planet, The Wedding Present",,y,Little Richard,Southern Child,Album,Little Richard,https://musicbrainz.org/release-group/fddd841e-5284-4544-bf9c-db4866e547c2
rock_hall,,2007,Evans Shuffle,Little Walter,,"Evans, Georgia",City,Direct,evans,,,,,n — a person named Evans,Little Walter,Juke,Album,Little Walter,https://musicbrainz.org/release-group/a0d1c562-e9da-34dd-9914-23118702008c
rock_hall,,,Remix of Personality (From the Don King Movie – Only in America) (XX Rated),Lloyd Price,,"United States, North America",Country,Direct,america,38.8951,-77.0364,no release date on MusicBrainz — fill in year,,n — America only appears in a film title in the parentheses,Lloyd Price,Abwnb (...Body With Nobody...),Album,Lloyd Price,https://musicbrainz.org/release-group/8a3b0601-210a-4f1a-b031-26ac646f4cbf
rock_hall,,1963,Tennessee Waltz,Lloyd Price,,"Tennessee, United States, North America",State/Region,Direct,tennessee,35.747,-86.692,"also in the dataset by Anita O'Day, Bobby Comstock, Guy Lombardo, Jerry Fuller, Jo Stafford, Les Paul, Patti Page, Sam Cooke, Spike Jones, The Fontane Sisters",,y,Lloyd Price,Misty,Album,Lloyd Price,https://musicbrainz.org/release-group/be1266d6-86b9-4016-9bff-a1100e98f545
rock_hall,,1969,By the Time I Get to Phoenix,Lloyd Price,,"Phoenix, Arizona, United States, North America",City,Direct,phoenix,33.5722,-112.088,"also in the dataset by Glen Campbell and Anne Murray, Isaac Hayes, The Mad Lads",,y,Lloyd Price,Now!,Album,Lloyd Price,https://musicbrainz.org/release-group/c864faac-b5c9-4ead-bac6-61bb2a92dc7a
rock_hall,,1972,New York Telephone Conversation,Lou Reed,,"New York, New York, United States, North America",City,Direct,new york,40.6643,-73.9385,,,y,Lou Reed,Transformer,Album,Lou Reed,https://musicbrainz.org/release-group/6c8345df-f822-33af-b64a-eff2e46941b9
rock_hall,,1989,Last Great American Whale,Lou Reed,,"United States, North America",Country,Demonym,american,38.8951,-77.0364,,,y,Lou Reed,Dirty Blvd.,Single,Lou Reed,https://musicbrainz.org/release-group/a4c20347-42f5-450a-bfb0-b70f691e7891
rock_hall,,1996,NYC Man,Lou Reed,,"New York, New York, United States, North America",City,Nickname,nyc,40.6643,-73.9385,,,y,Lou Reed,Set the Twilight Reeling,Album,Lou Reed,https://musicbrainz.org/release-group/6e8ee4ff-ba4d-346d-b289-5b630c8c9ae4
rock_hall,,2000,Baton Rouge,Lou Reed,,"Baton Rouge, Louisiana, United States, North America",City,Direct,baton rouge,30.4433,-91.1875,"new place — pin from geonamescache, check it",,y,Lou Reed,Ecstasy,Album,Lou Reed,https://musicbrainz.org/release-group/001c2db4-68d0-34ba-80e0-992628859eba
rock_hall,,2000,Future Farmers of America,Lou Reed,,"United States, North America",Country,Direct,america,38.8951,-77.0364,,,y,Lou Reed,Ecstasy,Album,Lou Reed,https://musicbrainz.org/release-group/001c2db4-68d0-34ba-80e0-992628859eba
rock_hall,,2003,Broadway Song,Lou Reed,,"Broadway, New York, New York, United States, North America",Street/Landmark,Direct,broadway,40.759,-73.9845,,,y,Lou Reed,The Raven,Album,Lou Reed,https://musicbrainz.org/release-group/e288b7b4-1e64-32ca-b7ad-494e9b294415
rock_hall,,2007,Hudson River Wind (Blend the Ambiance),Lou Reed,,"Hudson River, New York, United States, North America",Water/Natural Feature,Direct,hudson river,41.7,-73.95,"new place — pin approximate, check it",,y,Lou Reed,Hudson River Wind Meditations,Album,Lou Reed,https://musicbrainz.org/release-group/8a317972-c157-3584-b44a-cd2cb138c14e
rock_hall,,,A Foogy Day in London Town,Ella Fitzgerald and Louis Armstrong,,"London, England, United Kingdom, Europe",City,Direct,london,51.5085,-0.1257,no release date on MusicBrainz — fill in year,,y,Louis Armstrong,Ella Et Louis,Album,Ella Fitzgerald & Louis Armstrong,https://musicbrainz.org/release-group/df345556-73fb-48a3-ac46-d0acec1fde24
rock_hall,,,Beale Street Stomp,Louis Armstrong & His All-Stars,,"Beale Street, Memphis, Tennessee, United States, North America",Street/Landmark,Direct,beale street,35.139444,-90.051944,no release date on MusicBrainz — fill in year,,"n — same song as the Louis Armstrong & His Orchestra, Billie Holiday, Woody Herman and His Orchestra and Original New Orleans Ragtime Band row (2018)",Louis Armstrong,New Orleans,Album (soundtrack),Louis Armstrong & His All‐Stars,https://musicbrainz.org/release-group/6af65263-1ffb-3d13-a19a-1b42f654153c
rock_hall,,1926,Georgia Grind,Louis Armstrong and His Hot Five,,"Georgia, United States, North America",State/Region,Direct,georgia,33.04,-83.643,,,y,Louis Armstrong,Georgia Grind / Come Back Sweet Papa,Single,Louis Armstrong and His Hot Five,https://musicbrainz.org/release-group/42fcf377-462b-4e1f-b2cf-c8fe036fd3f0
rock_hall,,1927,Irish Black Bottom,Louis Armstrong and His Hot Five,,"Ireland, Europe",Country,Demonym,irish,53.3331,-6.2489,,,y,Louis Armstrong,You Made Me Love You / Irish Black Bottom,Single,Louis Armstrong and His Hot Five,https://musicbrainz.org/release-group/a7673e05-ed3b-46c1-ac23-c590faed2acf
rock_hall,,1928,West End Blues,Louis Armstrong and His Hot Five,,"West End, New Orleans, Louisiana, United States, North America",Neighborhood/District,Direct,west end,30.009,-90.117,"new place — pin approximate, check it; place changed from 'West End, London, England, United Kingdom, Europe'",,"? — West End Blues is named for New Orleans's West End, not London's",Louis Armstrong,West End Blues / Fireworks,Single,Louis Armstrong and His Hot Five,https://musicbrainz.org/release-group/0b80bcc8-926a-49fa-9101-8d83288474b7
rock_hall,,1929,Sweet Savannah Sue,Louis Armstrong & His Orchestra,,"Savannah, Georgia, United States, North America",City,Direct,savannah,32.0025,-81.1536,,,y,Louis Armstrong,Sweet Savannah Sue / That Rhythm Man,Single,Louis Armstrong & His Orchestra,https://musicbrainz.org/release-group/1d5688d2-d0d4-4cf7-8e82-c0d8b021a265
rock_hall,,1930,Dallas Blues,Louis Armstrong & His Orchestra,,"Dallas, Texas, United States, North America",City,Direct,dallas,32.7942,-96.7655,,,y,Louis Armstrong,Dallas Blues / Bessie Couldn’t Help It,Single,Louis Armstrong & His Orchestra,https://musicbrainz.org/release-group/48b8ddb5-3207-4fd2-b4c0-174f6c0b031b
rock_hall,,1930,I'm a Ding Dong Daddy From Dumas,Louis Armstrong,,"Dumas, Texas, United States, North America",City,Direct,dumas,35.8656,-101.9732,"new place — pin approximate, check it",,y,Louis Armstrong,I'm a Ding Dong Daddy From Dumas / I'm in the Market for You,Single,Louis Armstrong,https://musicbrainz.org/release-group/32f8c135-986f-474c-8f7d-6b87cdb43e55
rock_hall,,1931,"Chinatown, My Chinatown",Louis Armstrong & His Orchestra,,"Chinatown, New York, New York, United States",Neighborhood/District,Direct,chinatown,,,,,n — Chinatown — excluded by earlier decision (can't pin to one city),Louis Armstrong,"Chinatown, My Chinatown / Star Dust",Single,Louis Armstrong & His Orchestra,https://musicbrainz.org/release-group/626d243c-28b0-4019-9a18-8fe41e211d60
rock_hall,,1931,When It's Sleepy Time Down South,Louis Armstrong & His Orchestra,,"American South, United States, North America",Continent/Region,Direct,down south,33,-86,also in the dataset by Dean Martin,,y,Louis Armstrong,"When It's Sleepy Time Down South / I'll Be Glad When You're Dead, You Rascal You",Single,Louis Armstrong & His Orchestra,https://musicbrainz.org/release-group/ff1b92b7-406c-4a41-b556-32b16b6ba815
rock_hall,,1932,Georgia on My Mind,Louis Armstrong & His Orchestra,,"Georgia, United States, North America",State/Region,Direct,georgia,33.04,-83.643,"also in the dataset by Hoagy Carmichael, Michael Bolton, Ray Charles, The Righteous Brothers, Wes Montgomery, Willie Nelson",,y,Louis Armstrong,Lazy River / Georgia on My Mind,Single,Louis Armstrong & His Orchestra,https://musicbrainz.org/release-group/3b467c9b-42b0-4185-978e-d1c81d899f09
rock_hall,,1933,Mississippi Basin,Louis Armstrong and His Orchestra,,"Mississippi, United States, North America",State/Region,Direct,mississippi,32.741,-89.678,,,y,Louis Armstrong,Mississippi Basin / Sweet Sue-Just You,Single,Louis Armstrong and His Orchestra,https://musicbrainz.org/release-group/e22a1782-14d3-49d1-b5b1-d1eaac8b4b4e
rock_hall,,1936,"To You, Sweetheart Aloha",Louis Armstrong and The Polynesians,,"Aloha, Oregon",City,Direct,aloha,,,,,"n — 'aloha' is a greeting, not Aloha, Oregon",Louis Armstrong,"On a Cocoanut Island / To You, Sweetheart Aloha",Single,Louis Armstrong with The Polynesians,https://musicbrainz.org/release-group/4eed3d94-f0e2-4e95-9877-e9eec7894c1e
rock_hall,,1937,Cuban Pete,Louis Armstrong and His Orchestra,,"Cuba, North America",Country,Demonym,cuban,23.133,-82.383,also in the dataset by Jim Carrey,,y,Louis Armstrong,Cuban Pete / She’s the Daughter of a Planter From Havana,Single,Louis Armstrong and His Orchestra,https://musicbrainz.org/release-group/db7341ed-8020-4164-a0b2-1867a5c3df90
rock_hall,,1937,Hawaiian Hospitality,Louis Armstrong and Andy Iona and His Islanders,,"Hawaii, United States, North America",State/Region,Demonym,hawaiian,21.094,-157.498,,,y,Louis Armstrong,Hawaiian Hospitality / On a Little Bamboo Bridge,Single,Louis Armstrong with Andy Iona and His Islanders,https://musicbrainz.org/release-group/80a6b226-ecff-4ede-8979-fb5ab3284905
rock_hall,,1937,She’s the Daughter of a Planter From Havana,Louis Armstrong and His Orchestra,,"Havana, Cuba, North America",City,Direct,havana,23.133,-82.383,,,y,Louis Armstrong,Cuban Pete / She’s the Daughter of a Planter From Havana,Single,Louis Armstrong and His Orchestra,https://musicbrainz.org/release-group/db7341ed-8020-4164-a0b2-1867a5c3df90
rock_hall,,1937,When Ruben Swings the Cuban,Louis Armstrong and Jimmy Dorsey and His Orchestra,,"Cuba, North America",Country,Demonym,cuban,23.133,-82.383,,,y,Louis Armstrong,When Ruben Swings the Cuban / Mahogany Hall Stomp,Single,Louis Armstrong with Jimmy Dorsey and His Orchestra,https://musicbrainz.org/release-group/e64876e2-aa18-47c1-8097-2896311eba6c
rock_hall,,1938,Mexican Swing,Louis Armstrong And His Orchestra,,"Mexico, North America",Country,Demonym,mexican,19.4285,-99.1277,,,y,Louis Armstrong,So Little Time (So Much to Do) / Mexican Swing,Single,Louis Armstrong And His Orchestra,https://musicbrainz.org/release-group/543d9a7e-be88-43bf-a891-8c9cb5d605de
rock_hall,,1939,Shanty Boat on the Mississippi,Louis Armstrong And His Orchestra,,"Mississippi, United States, North America",State/Region,Direct,mississippi,32.741,-89.678,,,y,Louis Armstrong,Baby Won't You Please Come Home / Shanty Boat on the Mississippi,Single,Louis Armstrong And His Orchestra,https://musicbrainz.org/release-group/27abbed3-31ea-42e6-8736-015930e5cf49
rock_hall,,1940,Harlem Stomp,Louis Armstrong And His Orchestra,,"Harlem, New York, New York, United States, North America",Neighborhood/District,Direct,harlem,40.8116,-73.9465,,,y,Louis Armstrong,You've Got Me Voodoo'd / Harlem Stomp,Single,Louis Armstrong And His Orchestra,https://musicbrainz.org/release-group/3f0edcf3-526c-4813-ae36-2ee8fcbaf00d
rock_hall,,1940,Ory’s Creole Trombone,Louis Armstrong and His Hot Seven,,"Louisiana, United States, North America",State/Region,Demonym,creole,31.169,-91.867,also in the dataset by Kid Ory,,y,Louis Armstrong,Ory’s Creole Trombone / The Last Time,Single,Louis Armstrong and His Hot Seven,https://musicbrainz.org/release-group/e498711f-7656-4fcf-95be-ec2df36f4121
rock_hall,,1941,Chicago Breakdown,Louis Armstrong and His Hot Seven ft. Earl Hines,,"Chicago, Illinois, United States, North America",City,Direct,chicago,41.8376,-87.6818,also in the dataset by Big Maceo Merriweather,,y,Louis Armstrong,Louis and Earl,Album,Louis Armstrong and His Hot Seven featuring Earl Hines,https://musicbrainz.org/release-group/ad407935-f42b-419b-b4e2-6f63dfb7cfdf
rock_hall,,1946,Do You Know What It Means to Miss New Orleans,Louis Armstrong and His Dixieland Seven,,"New Orleans, Louisiana, United States, North America",City,Direct,new orleans,30.0686,-89.939,also in the dataset by Fats Domino,,y,Louis Armstrong,Do You Know What It Means to Miss New Orleans / Endie,Single,Louis Armstrong & His Dixieland Seven,https://musicbrainz.org/release-group/b05a971e-453b-36e8-9e39-8d48971e92d6
rock_hall,,1950,New Orleans Function,Louis Armstrong & His All-Stars,,"New Orleans, Louisiana, United States, North America",City,Direct,new orleans,30.0686,-89.939,,,y,Louis Armstrong,New Orleans Nights,Album,Louis Armstrong & His All‐Stars,https://musicbrainz.org/release-group/4c97178e-83a8-4ded-9308-bfe313e71232
rock_hall,,1950,Panama,Louis Armstrong & His All-Stars,,"Panama, North America",Country,Direct,panama,9,-80,also in the dataset by Al Hirt,,y,Louis Armstrong,New Orleans Nights,Album,Louis Armstrong & His All‐Stars,https://musicbrainz.org/release-group/4c97178e-83a8-4ded-9308-bfe313e71232
rock_hall,,1953,April in Portugal,Louis Armstrong,,"Portugal, Europe",Country,Direct,portugal,38.7251,-9.1498,"also in the dataset by Freddy Martin, Les Baxter, Richard Hayman, Vic Damone",,y,Louis Armstrong,Serenades,EP,Louis Armstrong,https://musicbrainz.org/release-group/14d087ea-e110-40a2-85ac-3de5e175e5b4
rock_hall,,1954,Atlanta Blues (Make Me One Pallet on Your Floor),Louis Armstrong,,"Atlanta, Georgia, United States, North America",City,Direct,atlanta,33.7629,-84.4227,,,y,Louis Armstrong,Louis Armstrong Plays W.C. Handy,Album,Louis Armstrong,https://musicbrainz.org/release-group/3c6e5005-cad2-4444-825f-71e4b8324d51
rock_hall,,1954,Beale Street Blues,Louis Armstrong,,"Beale Street, Memphis, Tennessee, United States, North America",Street/Landmark,Direct,beale street,35.139444,-90.051944,also in the dataset by Ella Fitzgerald,,y,Louis Armstrong,Louis Armstrong Plays W.C. Handy,Album,Louis Armstrong,https://musicbrainz.org/release-group/3c6e5005-cad2-4444-825f-71e4b8324d51
rock_hall,,1954,"The Memphis Blues (or, Mister Crump)",Louis Armstrong,,"Memphis, Tennessee, United States, North America",City,Direct,memphis,35.1035,-89.9785,"also in the dataset by Jim Europe's 369th Infantry Hellfighters Band, Victor Military Band",,y,Louis Armstrong,Louis Armstrong Plays W.C. Handy,Album,Louis Armstrong,https://musicbrainz.org/release-group/3c6e5005-cad2-4444-825f-71e4b8324d51
rock_hall,,1955,Christmas Night in Harlem,Louis Armstrong and the All-Stars,,"Harlem, New York, New York, United States, North America",Neighborhood/District,Direct,harlem,40.8116,-73.9465,,,y,Louis Armstrong,Christmas in New Orleans / Christmas Night in Harlem,Single,Louis Armstrong and the All‐Stars,https://musicbrainz.org/release-group/7ce70bdd-8a9a-4153-a24d-33b1d1808a32
rock_hall,,1955,Christmas in New Orleans,Louis Armstrong and the All-Stars,,"New Orleans, Louisiana, United States, North America",City,Direct,new orleans,30.0686,-89.939,,,y,Louis Armstrong,Christmas in New Orleans / Christmas Night in Harlem,Single,Louis Armstrong and the All‐Stars,https://musicbrainz.org/release-group/7ce70bdd-8a9a-4153-a24d-33b1d1808a32
rock_hall,,1955,Stars Fell on Alabama,Louis Armstrong,,"Alabama, United States, North America",State/Region,Direct,alabama,32.806,-86.791,"also in the dataset by Billie Holiday, Don Rondo",,y,Louis Armstrong,Bostoner All Star Session,EP,Louis Armstrong,https://musicbrainz.org/release-group/b935f509-a333-4006-be07-ba81007c682c
rock_hall,,1956,(Back Home Again in) Indiana,Louis Armstrong,,"Indiana, United States, North America",State/Region,Direct,indiana,39.849,-86.258,also in the dataset by Freddy Cannon,,y,Louis Armstrong,Satchmo The Great,Album (soundtrack),Louis Armstrong,https://musicbrainz.org/release-group/67edb20d-4136-3ff1-899b-1536cd1350a0
rock_hall,,1956,April in Paris,Ella Fitzgerald and Louis Armstrong,,"Paris, France, Europe",City,Direct,paris,48.8534,2.3488,also in the dataset by Count Basie,,y,Louis Armstrong,Ella and Louis,Album,Ella Fitzgerald & Louis Armstrong,https://musicbrainz.org/release-group/6a8ec885-544e-3b31-859a-a73289a01421
rock_hall,,1956,Way Down Yonder in New Orleans,Louis Armstrong & His All-Stars,,"New Orleans, Louisiana, United States, North America",City,Direct,new orleans,30.0686,-89.939,also in the dataset by Freddy Cannon,,y,Louis Armstrong,Blueberry Hill / Way Down Yonder in New Orleans,Single,Louis Armstrong & His All‐Stars,https://musicbrainz.org/release-group/fbda08c4-4907-4b05-976d-09b19f379e30
rock_hall,,1957,Autumn in New York,Ella Fitzgerald and Louis Armstrong,,"New York, New York, United States, North America",City,Direct,new york,40.6643,-73.9385,also in the dataset by Frank Sinatra,,y,Louis Armstrong,Ella and Louis Again,Album,Ella Fitzgerald & Louis Armstrong,https://musicbrainz.org/release-group/7108712f-b350-310b-9419-232dceaaba00
rock_hall,,1957,Russian Lullaby,Louis Armstrong & His All-Stars,,"Russia, Europe",Country,Demonym,russian,55.752,37.6178,also in the dataset by Ella Fitzgerald,,y,Louis Armstrong,Satchmo on Stage,Album,Louis Armstrong & His All‐Stars,https://musicbrainz.org/release-group/1cb61fc9-3a14-4f52-8b78-d7ba8097791c
rock_hall,,1957,There’s a Boat Dat’s Leavin’ Soon for New York,Ella Fitzgerald and Louis Armstrong,,"New York, New York, United States, North America",City,Direct,new york,40.6643,-73.9385,,,y,Louis Armstrong,Porgy & Bess,Album,Ella Fitzgerald & Louis Armstrong,https://musicbrainz.org/release-group/95a6a9de-094e-3234-bca2-b7a6918b1d95
rock_hall,,1960,Bourbon Street Parade,Louis Armstrong and The Dukes of Dixieland,,"Bourbon Street, New Orleans, Louisiana, United States, North America",Street/Landmark,Direct,bourbon street,29.9584,-90.0644,,,y,Louis Armstrong,Louie and the Dukes of Dixieland,Album,Louis Armstrong & The Dukes of Dixieland,https://musicbrainz.org/release-group/399a036d-da20-4ab1-b64d-f873569652e5
rock_hall,,1960,Dixie,Louis Armstrong and The Dukes of Dixieland,,"American South, United States, North America",Continent/Region,Nickname,dixie,33,-86,,,y,Louis Armstrong,Louie and the Dukes of Dixieland,Album,Louis Armstrong & The Dukes of Dixieland,https://musicbrainz.org/release-group/399a036d-da20-4ab1-b64d-f873569652e5
rock_hall,,1960,New Orleans,Louis Armstrong and The Dukes of Dixieland,,"New Orleans, Louisiana, United States, North America",City,Direct,new orleans,30.0686,-89.939,"also in the dataset by Bern Elliott and the Fenmen, Eddie Hodges, Gary U.S. Bonds, Gillan, Harley Quinne, Neil Diamond, The Staple Singers",,y,Louis Armstrong,Louie and the Dukes of Dixieland,Album,Louis Armstrong & The Dukes of Dixieland,https://musicbrainz.org/release-group/399a036d-da20-4ab1-b64d-f873569652e5
rock_hall,,1960,Old Kentucky Home,Louis Armstrong & His All-Stars,,"Kentucky, United States, North America",State/Region,Direct,kentucky,37.668,-84.67,,,y,Louis Armstrong,Satchmo Plays King Oliver,Album,Louis Armstrong & His All‐Stars,https://musicbrainz.org/release-group/99c82c39-bfd0-40ba-895e-cbf1667fba24
rock_hall,,1960,Rocky Mountain Moon,Bing Crosby and Louis Armstrong,,"Rocky Mountains, North America",Water/Natural Feature,Direct,rocky mountain,43.7,-110.6,,,y,Louis Armstrong,Bing & Satchmo,Album,Bing Crosby & Louis Armstrong,https://musicbrainz.org/release-group/de4dfc70-cf26-37dc-a6d0-5ab56e7fa338
rock_hall,,1960,Washington and Lee Swing,Louis Armstrong and The Dukes of Dixieland,,"Washington Square, New York, New York, United States, North America",Street/Landmark,Direct,washington,40.7308,-73.9973,,,"n — Washington and Lee, a university fight song",Louis Armstrong,Louie and the Dukes of Dixieland,Album,Louis Armstrong & The Dukes of Dixieland,https://musicbrainz.org/release-group/399a036d-da20-4ab1-b64d-f873569652e5
rock_hall,,1961,Drop Me Off in Harlem,Louis Armstrong and Duke Ellington,,"Harlem, New York, New York, United States, North America",Neighborhood/District,Direct,harlem,40.8116,-73.9465,also in the dataset by Ella Fitzgerald and Duke Ellington,,y,Louis Armstrong,Recording Together for the First Time,Album,Louis Armstrong & Duke Ellington,https://musicbrainz.org/release-group/a2a439e6-35b8-4be8-ac40-e7794e402091
rock_hall,,1961,The Beautiful American,Louis Armstrong and Duke Ellington,,"United States, North America",Country,Demonym,american,38.8951,-77.0364,,,y,Louis Armstrong,Recording Together for the First Time,Album,Louis Armstrong & Duke Ellington,https://musicbrainz.org/release-group/a2a439e6-35b8-4be8-ac40-e7794e402091
rock_hall,,1962,Skokiaan (South African Song),Louis Armstrong and the All-Stars,,"South Africa, Africa",Country,Demonym,south african,-25.7449,28.1878,"also in the dataset by Bill Haley And His Comets, The Four Lads",,y,Louis Armstrong,I Love Jazz!,Album,Louis Armstrong and the All‐Stars,https://musicbrainz.org/release-group/5175695f-50ae-3952-a00a-212534785206
rock_hall,,1964,Moon River,Louis Armstrong and the All-Stars,,"Moon River, Georgia, United States",Water/Natural Feature,Direct,moon river,,,,,n — Moon River — excluded by earlier decision (fictional),Louis Armstrong,"Hello, Dolly!",Album,Louis Armstrong and the All‐Stars,https://musicbrainz.org/release-group/0435d127-cf55-3c6e-b487-e764ebd8cc24
rock_hall,,1970,Boy From New Orleans,Louis Armstrong,,"New Orleans, Louisiana, United States, North America",City,Direct,new orleans,30.0686,-89.939,,,y,Louis Armstrong,Louis Armstrong and His Friends,Album,Louis Armstrong,https://musicbrainz.org/release-group/769e79f6-c24f-43b8-bc92-e207802eeae5
rock_hall,,1981,I Love Paris,"Louis Armstrong and His All Stars, Tyree Glenn, Marty Napoleon",,"Paris, France, Europe",City,Direct,paris,48.8534,2.3488,"also in the dataset by Frank Sinatra; earliest MusicBrainz release is 1981, after Louis Armstrong died (1975) — probably a reissue; use the original release year",,y,Louis Armstrong,I Giganti Del Jazz Vol. 45,Album,"Louis Armstrong and His All Stars, Tyree Glenn, Marty Napoleon",https://musicbrainz.org/release-group/a9a4fc94-bd85-49e3-bf88-81dce77312da
rock_hall,,1981,The Girl From Ipanema,"Louis Armstrong and His All Stars, Tyree Glenn, Marty Napoleon",,"Ipanema, Rio de Janeiro, Brazil, South America",Neighborhood/District,Direct,ipanema,-22.9838,-43.2045,"also in the dataset by Stan Getz and Astrud Gilberto; earliest MusicBrainz release is 1981, after Louis Armstrong died (1975) — probably a reissue; use the original release year",,y,Louis Armstrong,I Giganti Del Jazz Vol. 45,Album,"Louis Armstrong and His All Stars, Tyree Glenn, Marty Napoleon",https://musicbrainz.org/release-group/a9a4fc94-bd85-49e3-bf88-81dce77312da
rock_hall,,1982,Sleepy Time Down South,Louis Armstrong and His All Stars,,"American South, United States, North America",Continent/Region,Direct,down south,33,-86,,,n — Louis Armstrong's 'When It's Sleepy Time Down South' (1931) is already queued,Louis Armstrong,Louis Armstrong & His All Stars,Album,Louis Armstrong & His All Stars,https://musicbrainz.org/release-group/7d3dba51-be6d-4f66-94d5-2b787ad4256d
rock_hall,,1982,Theme: Sleepy Time Down South,Louis Armstrong and His All Stars,,"American South, United States, North America",Continent/Region,Direct,down south,33,-86,,,n — Louis Armstrong's 'When It's Sleepy Time Down South' (1931) is already queued,Louis Armstrong,Louis Armstrong & His All Stars,Album,Louis Armstrong & His All Stars,https://musicbrainz.org/release-group/7d3dba51-be6d-4f66-94d5-2b787ad4256d
rock_hall,,1989,Stars Fell in Alabama,Louis Armstrong & His All-Stars,,"Alabama, United States, North America",State/Region,Direct,alabama,32.806,-86.791,"earliest MusicBrainz release is 1989, after Louis Armstrong died (1975) — probably a reissue; use the original release year",,y,Louis Armstrong,Vol.011 - Louis Armstrong and the All Stars at Symphony Hall,Album,Louis Armstrong & His All‐Stars,https://musicbrainz.org/release-group/d7d01245-26a0-4df7-92e3-05879adc109a
rock_hall,,1995,New Orleans Stomp,Louis Armstrong,,"New Orleans, Louisiana, United States, North America",City,Direct,new orleans,30.0686,-89.939,"earliest MusicBrainz release is 1995, after Louis Armstrong died (1975) — probably a reissue; use the original release year",,y,Louis Armstrong,Jazz do it,Album,Louis Armstrong,https://musicbrainz.org/release-group/31c1f835-ae2a-4eab-bc55-4a0f9d90917b
rock_hall,,1998,Paris Blues,Duke Ellington ft. Louis Armstrong,,"Paris, France, Europe",City,Direct,paris,48.8534,2.3488,"earliest MusicBrainz release is 1998, after Louis Armstrong died (1975) — probably a reissue; use the original release year",,y,Louis Armstrong,Paris Blues,Album (soundtrack),Duke Ellington feat. Louis Armstrong,https://musicbrainz.org/release-group/742a4fcd-3841-3dc0-b7d7-b17f1525c236
rock_hall,,1998,Paris Stairs,Duke Ellington ft. Louis Armstrong,,"Paris, France, Europe",City,Direct,paris,48.8534,2.3488,"earliest MusicBrainz release is 1998, after Louis Armstrong died (1975) — probably a reissue; use the original release year",,y,Louis Armstrong,Paris Blues,Album (soundtrack),Duke Ellington feat. Louis Armstrong,https://musicbrainz.org/release-group/742a4fcd-3841-3dc0-b7d7-b17f1525c236
rock_hall,,1998,What's Paris Blues?,Duke Ellington ft. Louis Armstrong,,"Paris, France, Europe",City,Direct,paris,48.8534,2.3488,,,n — a spoken soundtrack cue,Louis Armstrong,Paris Blues,Album (soundtrack),Duke Ellington feat. Louis Armstrong,https://musicbrainz.org/release-group/742a4fcd-3841-3dc0-b7d7-b17f1525c236
rock_hall,,2005,Where the Blues Were Born in New Orleans,Louis Armstrong,,"New Orleans, Louisiana, United States, North America",City,Direct,new orleans,30.0686,-89.939,"earliest MusicBrainz release is 2005, after Louis Armstrong died (1975) — probably a reissue; use the original release year",,y,Louis Armstrong,Louis Armstrong - Great Moments 8,Album,Louis Armstrong,https://musicbrainz.org/release-group/841cbd80-042f-47ea-9337-ef6477ea19a6
rock_hall,,1947,Do You Know What It Means to Miss New Orleans,Louis Armstrong and Billie Holiday,,"New Orleans, Louisiana, United States, North America",City,Direct,new orleans,30.0686,-89.939,also in the dataset by Fats Domino,,n — same song as the Louis Armstrong and His Dixieland Seven row (1946),Louis Armstrong; Billie Holiday,Do You Know What It Means to Miss New Orleans / Who’s Sorry Now,Single,Louis Armstrong and Billie Holiday,https://musicbrainz.org/release-group/df6d7eda-9b44-49f3-acd3-6b849be8adc9
rock_hall,,2018,Beale Street Stomp,"Louis Armstrong & His Orchestra, Billie Holiday, Woody Herman and His Orchestra and Original New Orleans Ragtime Band",,"Beale Street, Memphis, Tennessee, United States, North America",Street/Landmark,Direct,beale street,35.139444,-90.051944,"earliest MusicBrainz release is 2018, after Louis Armstrong died (1975) — probably a reissue; use the original release year",,y,Louis Armstrong; Billie Holiday,New Orleans Original Film Soundtrack,Album (soundtrack),"Louis Armstrong & His Orchestra, Billie Holiday, Woody Herman and His Orchestra & Original New Orleans Ragtime Band",https://musicbrainz.org/release-group/c4332a6b-bc7d-41e5-b16e-4d75a0c5a20a
rock_hall,,2018,West End Blues,"Louis Armstrong & His Orchestra, Billie Holiday, Woody Herman and His Orchestra and Original New Orleans Ragtime Band",,"West End, London, England, United Kingdom, Europe",Neighborhood/District,Direct,west end,51.5103,-0.1301,,,n — same recording as Louis Armstrong's 'West End Blues',Louis Armstrong; Billie Holiday,New Orleans Original Film Soundtrack,Album (soundtrack),"Louis Armstrong & His Orchestra, Billie Holiday, Woody Herman and His Orchestra & Original New Orleans Ragtime Band",https://musicbrainz.org/release-group/c4332a6b-bc7d-41e5-b16e-4d75a0c5a20a
rock_hall,,2018,Where the Blues Were Born in New Orleans,"Louis Armstrong & His Orchestra, Billie Holiday, Woody Herman and His Orchestra and Original New Orleans Ragtime Band",,"New Orleans, Louisiana, United States, North America",City,Direct,new orleans,30.0686,-89.939,,,n — same recording as Louis Armstrong's 'Where the Blues Were Born in New Orleans',Louis Armstrong; Billie Holiday,New Orleans Original Film Soundtrack,Album (soundtrack),"Louis Armstrong & His Orchestra, Billie Holiday, Woody Herman and His Orchestra & Original New Orleans Ragtime Band",https://musicbrainz.org/release-group/c4332a6b-bc7d-41e5-b16e-4d75a0c5a20a
rock_hall,,,"Salt Porc, West Virginia",Louis Jordan and His Tympany Five,,"West Virginia, United States, North America",State/Region,Direct,west virginia,39,-80,no release date on MusicBrainz — fill in year,,"n — same song as Louis Jordan's 'Salt Pork, West Virginia'",Louis Jordan,"More Hits, More Rarities",Album,Louis Jordan and His Tympany Five,https://musicbrainz.org/release-group/0fd77de9-a74e-4b51-b717-4ba47195761e
rock_hall,,1958,Route 66,Louis Jordan,,"U.S. Route 66, United States, North America",Street/Landmark,Direct,route 66,35.2,-101.8,"also in the dataset by Depeche Mode, Nat King Cole, The Manhattan Transfer",,y,Louis Jordan,"Man, We're Wailin'",Album,Louis Jordan,https://musicbrainz.org/release-group/60c5bee1-f767-4963-9a8c-967dc3cb254b
rock_hall,,1962,Salt Pork West Virginia,Louis Jordan,,"West Virginia, United States, North America",State/Region,Direct,west virginia,39,-80,,,y,Louis Jordan,Somebody Up There Digs Me,Album,Louis Jordan,https://musicbrainz.org/release-group/e6974ee7-b717-4ac6-83f4-1064fd0ac88b
rock_hall,,1964,El Camino Real,Louis Jordan,,"El Camino Real, California, United States, North America",Street/Landmark,Direct,el camino real,36.0,-120.9,"new place — pin approximate, check it; place changed from 'El Camino Real, California'",,y — place corrected,Louis Jordan,Hallelujah... Louis Jordan Is Back!,Album,Louis Jordan,https://musicbrainz.org/release-group/b3d5bd54-7471-4798-a9ae-9f35e5acc822
rock_hall,,1977,Back Home Again in Indiana,Louis Jordan and Chris Barber,,"Indiana, United States, North America",State/Region,Direct,indiana,39.849,-86.258,"earliest MusicBrainz release is 1977, after Louis Jordan died (1975) — probably a reissue; use the original release year",,y,Louis Jordan,Louis Jordan & Chris Barber,Album,Louis Jordan & Chris Barber,https://musicbrainz.org/release-group/cabe4f67-f20f-4774-a30f-5bbbbbe1b404
rock_hall,,1985,Texas Stew,Louis Jordan,,"Texas, United States, North America",State/Region,Direct,texas,31.054,-97.563,"earliest MusicBrainz release is 1985, after Louis Jordan died (1975) — probably a reissue; use the original release year",,y,Louis Jordan,Rock 'n Roll Call,Album,Louis Jordan,https://musicbrainz.org/release-group/9581a37b-d458-33c8-a524-d91f99ffe1f3
rock_hall,,2024,The Texas and Pacific,Louis Jordan and His Tympany Five,,"Texas, United States, North America",State/Region,Direct,texas,31.054,-97.563,"earliest MusicBrainz release is 2024, after Louis Jordan died (1975) — probably a reissue; use the original release year",,y,Louis Jordan,Hey Everybody - It's Louis Jordan & His Tympany Five,Album,Louis Jordan and His Tympany Five,https://musicbrainz.org/release-group/4d8c21e6-18d3-419d-9312-0cbc2f65b754
rock_hall,,1998,Nights in Harlem,Luther Vandross ft. Precise,,"Harlem, New York, New York, United States, North America",Neighborhood/District,Direct,harlem,40.8116,-73.9465,,,y,Luther Vandross,I Know,Album,Luther Vandross featuring Precise,https://musicbrainz.org/release-group/dc101825-33f2-35dc-9989-0e55b6288441
rock_hall,,2007,New York City Band,Luther Vandross and New York City Band,,"New York, New York, United States, North America",City,Direct,new york city,40.6643,-73.9385,,,"n — the New York City Band, a group name",Luther Vandross,New York City Band,Album,Luther Vandross & New York City Band,https://musicbrainz.org/release-group/9f8d8506-c847-4697-81c0-e28d8cff1229
rock_hall,,2007,Sunnyside,Luther Vandross and New York City Band,,"Sunnyside, New York",City,Direct,sunnyside,,,,,"n — the sunny side, not Sunnyside, New York",Luther Vandross,New York City Band,Album,Luther Vandross & New York City Band,https://musicbrainz.org/release-group/9f8d8506-c847-4697-81c0-e28d8cff1229
rock_hall,,2019,My Body (Louie Vega expansions NYC inst.),Luther Vandross,,"New York, New York, United States, North America",City,Nickname,nyc,40.6643,-73.9385,,,n — NYC only in a remix tag,Luther Vandross,My Body (Louie Vega Remixes),EP,Luther Vandross,https://musicbrainz.org/release-group/5675b840-9788-4fb9-8be7-fe68d468e346
rock_hall,,1973,Mississippi Kid,Lynyrd Skynyrd,,"Mississippi, United States, North America",State/Region,Direct,mississippi,32.741,-89.678,,,y,Lynyrd Skynyrd,(pronounced ’lĕh-’nérd ’skin-’nérd),Album,Lynyrd Skynyrd,https://musicbrainz.org/release-group/33446893-8c9f-30b6-aa73-d719df371430
rock_hall,,1974,Down South Jukin',Lynyrd Skynyrd,,"American South, United States, North America",Continent/Region,Direct,down south,33,-86,,,y,Lynyrd Skynyrd,Free Bird / Down South Jukin',Single,Lynyrd Skynyrd,https://musicbrainz.org/release-group/ec8299b6-42d3-4eb9-beea-549ce5b72304
rock_hall,,2009,That Ain't My America,Lynyrd Skynyrd,,"United States, North America",Country,Direct,america,38.8951,-77.0364,,,y,Lynyrd Skynyrd,God & Guns,Album,Lynyrd Skynyrd,https://musicbrainz.org/release-group/54509acd-3e77-48da-ab6b-32875576ac71
rock_hall,,2012,Mississippi Blood,Lynyrd Skynyrd,,"Mississippi, United States, North America",State/Region,Direct,mississippi,32.741,-89.678,,,y,Lynyrd Skynyrd,Last of a Dyin’ Breed,Album,Lynyrd Skynyrd,https://musicbrainz.org/release-group/aa9b21e4-dc12-424f-89f2-9ab63b5e619c
rock_hall,,1988,Kickin’ 4 Brooklyn,MC Lyte,,"Brooklyn, New York, New York, United States, North America",Neighborhood/District,Direct,brooklyn,40.6782,-73.9442,,,y,MC Lyte,Lyte as a Rock,Album,MC Lyte,https://musicbrainz.org/release-group/85969d2f-fe2e-36cf-9ee8-ab0d42398ec3
rock_hall,,1993,Brooklyn,MC Lyte,,"Brooklyn, New York, New York, United States, North America",Neighborhood/District,Direct,brooklyn,40.6782,-73.9442,also in the dataset by Cody Jameson,,y,MC Lyte,Ain't No Other,Album,MC Lyte,https://musicbrainz.org/release-group/d4dcfc11-7df3-3f0c-9c6b-b4a6010d7937
rock_hall,,1969,Motor City Is Burning,MC5,,"Detroit, Michigan, United States, North America",City,Nickname,motor city,42.383,-83.1022,also in the dataset by John Lee Hooker,,y,MC5,Kick Out the Jams / Motor City Is Burning,Single,MC5,https://musicbrainz.org/release-group/d6f0713c-18e9-43bf-920a-313c08e90897
rock_hall,,1970,Back in the USA,MC5,,"United States, North America",Country,Direct,usa,38.8951,-77.0364,"also in the dataset by Chuck Berry, Linda Ronstadt",,y,MC5,Back in the USA,Album,MC5,https://musicbrainz.org/release-group/1dc35b25-2e1a-30e1-87c0-6dd07aa8f592
rock_hall,,1970,The American Ruse,MC5,,"United States, North America",Country,Demonym,american,38.8951,-77.0364,,,y,MC5,Back in the USA,Album,MC5,https://musicbrainz.org/release-group/1dc35b25-2e1a-30e1-87c0-6dd07aa8f592
rock_hall,,1927,Georgia Cakewalk,Ma Rainey,,"Georgia, United States, North America",State/Region,Direct,georgia,33.04,-83.643,,,y,Ma Rainey,Ma Rainey's Black Bottom / Georgia Cakewalk,Single,Ma Rainey,https://musicbrainz.org/release-group/aec6f0c0-c2bb-47cf-a1c6-a22bd18664c7
rock_hall,,1989,Pray for Spanish Eyes,Madonna,,"Spain, Europe",Country,Demonym,spanish,40.4165,-3.7026,,,y,Madonna,Oh Father,Single,Madonna,https://musicbrainz.org/release-group/88f09c45-ff8d-4299-b557-3a9ea6f934e5
rock_hall,,1989,Spanish Eyes,Madonna,,"Spain, Europe",Country,Demonym,spanish,40.4165,-3.7026,"also in the dataset by Al Martino, Fifth Avenue",,y,Madonna,Like a Prayer,Album,Madonna,https://musicbrainz.org/release-group/1f75a8df-176c-3d23-8f1f-b0c8935682ec
rock_hall,,1997,Buenos Aires,Madonna,,"Buenos Aires, Argentina, South America",City,Direct,buenos aires,-34.6037,-58.3816,,,y,Madonna,Buenos Aires,Single,Madonna,https://musicbrainz.org/release-group/f407312d-bc59-4d32-925a-be84ed1700ce
rock_hall,,2000,Paradise (Not for Me),Madonna,,"Paradise, Kentucky, United States, North America",City,Direct,paradise,37.268056,-86.983611,also in the dataset by John Prine,,"n — paradise as in heaven or bliss, not Paradise, Kentucky",Madonna,Music,Album,Madonna,https://musicbrainz.org/release-group/0a0808d5-8f78-382f-87af-f9d6fedf3f68
rock_hall,,2003,Into the Hollywood Groove,Madonna and Missy,,"Hollywood, California, United States, North America",Neighborhood/District,Direct,hollywood,34.0928,-118.3287,may be the same song as 'Hollywood' already in the dataset,,n — a mashup of 'Into the Groove' and 'Hollywood',Madonna,A New Groove: A New Jean,Single,Madonna & Missy,https://musicbrainz.org/release-group/1b1cfc08-5ef9-3a2e-8847-77b4df27e040
rock_hall,,2005,I Love New York,Madonna,,"New York, New York, United States, North America",City,Direct,new york,40.6643,-73.9385,,,y,Madonna,Confessions on a Dance Floor,Album,Madonna,https://musicbrainz.org/release-group/122677be-e664-362d-95eb-be3ae126ec03
rock_hall,,2008,Spanish Lesson,Madonna,,"Spain, Europe",Country,Demonym,spanish,40.4165,-3.7026,,,y,Madonna,Hard Candy,Album,Madonna,https://musicbrainz.org/release-group/8160f309-f93b-31f3-86da-248aeff39c1f
rock_hall,,1961,Rockin' in Jerusalem,Mahalia Jackson,,"Jerusalem, Israel, Asia",City,Direct,jerusalem,31.769,35.2163,,,y,Mahalia Jackson,Everytime I Feel the Spirit,Album,Mahalia Jackson,https://musicbrainz.org/release-group/d9ebc125-639e-45bb-84f1-7ff6432b6e34
rock_hall,,1963,Walk in Jerusalem,Mahalia Jackson,,"Jerusalem, Israel, Asia",City,Direct,jerusalem,31.769,35.2163,,,y,Mahalia Jackson,Mahalia Jackson's Greatest Hits,Album,Mahalia Jackson,https://musicbrainz.org/release-group/ad269c62-277f-44f9-834e-206fc9c69832
rock_hall,,1990,Up in Jerusalem,Mahalia Jackson,,"Jerusalem, Israel, Asia",City,Direct,jerusalem,31.769,35.2163,"earliest MusicBrainz release is 1990, after Mahalia Jackson died (1972) — probably a reissue; use the original release year",,y,Mahalia Jackson,Beautiful tomorrow,Album,Mahalia Jackson,https://musicbrainz.org/release-group/80f7eb72-ba38-4d1b-83d8-99770f931262
rock_hall,,1990,Walking to Jerusalem,Mahalia Jackson,,"Jerusalem, Israel, Asia",City,Direct,jerusalem,31.769,35.2163,"also in the dataset by Tracy Byrd; earliest MusicBrainz release is 1990, after Mahalia Jackson died (1972) — probably a reissue; use the original release year",,y,Mahalia Jackson,Christmas with Mahalia Jackson,Album,Mahalia Jackson,https://musicbrainz.org/release-group/c2872f64-026e-4840-bf7e-c6742e8b8ea6
rock_hall,,2018,Recollections of New Orleans Music,Mahalia Jackson,,"New Orleans, Louisiana, United States, North America",City,Direct,new orleans,30.0686,-89.939,,,n — an interview about New Orleans,Mahalia Jackson,I Sing Because I’m Happy,Album,Mahalia Jackson,https://musicbrainz.org/release-group/c41c9de1-6082-4253-98ff-52f2cd8c61c7
rock_hall,,2018,Recollections of New Orleans Violence and Role of Church,Mahalia Jackson,,"New Orleans, Louisiana, United States, North America",City,Direct,new orleans,30.0686,-89.939,,,n — an interview about New Orleans,Mahalia Jackson,I Sing Because I’m Happy,Album,Mahalia Jackson,https://musicbrainz.org/release-group/c41c9de1-6082-4253-98ff-52f2cd8c61c7
rock_hall,,1965,Mobile Lil the Dancing Witch,Martha and the Vandellas,,"Mobile, Alabama, United States, North America",City,Direct,mobile,30.69436,-88.04305,,,y,Martha Reeves & the Vandellas,Dance Party,Album,Martha and the Vandellas,https://musicbrainz.org/release-group/184b1ade-a94f-3b5f-8442-935b120b557f
rock_hall,,1964,Hello Broadway,Marvin Gaye,,"Broadway, New York, New York, United States, North America",Street/Landmark,Direct,broadway,40.759,-73.9845,,,y,Marvin Gaye,Hello Broadway,Album,Marvin Gaye,https://musicbrainz.org/release-group/0797dfe0-a424-39b8-b6c9-59a2661ce2a1
rock_hall,,1964,You Came a Long Way From St. Louis,Marvin Gaye and Mary Wells,,"St. Louis, Missouri, United States, North America",City,Direct,st louis,38.6357,-90.2446,,,y,Marvin Gaye,Together,Album,Marvin Gaye & Mary Wells,https://musicbrainz.org/release-group/e3cb0ae6-cecd-3b91-b5cd-f5c38eefabcd
rock_hall,,1969,I Got to Get to California,Marvin Gaye,,"California, United States, North America",State/Region,Direct,california,36.116,-119.682,,,y,Marvin Gaye,M.P.G.,Album,Marvin Gaye,https://musicbrainz.org/release-group/6e95c314-580c-3968-a468-ec4c3fe249fb
rock_hall,,2019,Piece of Clay,Marvin Gaye,,"Clay, Kentucky, United States, North America",City,Direct,clay,37.476389,-87.820278,,,n — clay the material,Marvin Gaye,You’re the Man,Album,Marvin Gaye,https://musicbrainz.org/release-group/82a4f23b-df64-4f3f-be50-ea3c8f6b5fcd
rock_hall,,2009,America's Song,"will.i.am, David Foster, Bono, Mary J. Blige, Faith Hill and Seal",,"United States, North America",Country,Direct,america,38.8951,-77.0364,,,? — charity ensemble credit (Mary J. Blige is one of six names),Mary J. Blige,America's Song,Single,"will.i.am, David Foster, Bono, Mary J. Blige, Faith Hill & Seal",https://musicbrainz.org/release-group/80a11c84-84e7-4179-8bd1-1ae7cc93fa7d
rock_hall,,2009,ifuleave (Matthias Heilbronn beats),Musiq Soulchild ft. Mary J. Blige,,"Heilbronn, Germany",City,Direct,heilbronn,,,,,n — a remixer's name,Mary J. Blige,ifuleave,Single,Musiq Soulchild feat. Mary J. Blige,https://musicbrainz.org/release-group/89a57981-97b1-444f-8451-75ef1e8cbb56
rock_hall,,2014,Vegas Nights,Mary J. Blige ft. The-Dream,,"Las Vegas, Nevada, United States, North America",City,Nickname,vegas,36.2277,-115.264,,,y,Mary J. Blige,Think Like a Man Too,Album (soundtrack),Mary J. Blige feat. The‐Dream,https://musicbrainz.org/release-group/6ffac5fb-b1be-4bf2-abb5-81260240c065
rock_hall,,2011,Brandenburg Gate,Lou Reed and Metallica,,"Brandenburg Gate, Berlin, Germany, Europe",Street/Landmark,Direct,brandenburg gate,52.516275,13.377704,,,y,Metallica; Lou Reed,Lulu,Album,Lou Reed & Metallica,https://musicbrainz.org/release-group/38d1077e-c270-49a8-92ca-87e7eb8d9fe4
rock_hall,,1995,Michael Jackson DMC Megamix,Michael Jackson,,"Jackson, Mississippi, United States, North America",City,Direct,jackson,32.3158,-90.2128,,,n — a megamix named after Michael Jackson,Michael Jackson,Earth Song,Single,Michael Jackson,https://musicbrainz.org/release-group/1156227a-83b5-345f-b05a-c6c8aed8baea
rock_hall,,2001,2000 Watts,Michael Jackson,,"Watts, Los Angeles",Neighborhood/District,Direct,watts,,,,,"n — a person or unit named Watts, not Watts, Los Angeles",Michael Jackson,Invincible,Album,Michael Jackson,https://musicbrainz.org/release-group/c24c5313-da47-3155-8277-a6a1a4237966
rock_hall,,2010,Hollywood Tonight,Michael Jackson,,"Hollywood, California, United States, North America",Neighborhood/District,Direct,hollywood,34.0928,-118.3287,,,y,Michael Jackson,Michael,Album,Michael Jackson,https://musicbrainz.org/release-group/0656d7fa-0ed7-4d3f-887e-ed728697c5ad
rock_hall,,,There Is a Boat That's Leaving Soon for New York,Miles Davis,,"New York, New York, United States, North America",City,Direct,new york,40.6643,-73.9385,no release date on MusicBrainz — fill in year,,n — same song as Miles Davis's 'There's a Boat That's Leaving Soon for New York',Miles Davis,Summertime / There Is a Boat That's Leaving Soon for New York,Single,Miles Davis,https://musicbrainz.org/release-group/ee9f0b9e-d37f-4469-9018-9684fa47f7fd
rock_hall,,,We Three Kings of Orient Are,"Miles Davis, Larry Carlton, David Sanborn and Paul Shaffer",,East Asia,Continent/Region,Direct,orient,35,115,no release date on MusicBrainz — fill in year,,"n — 'We Three Kings of Orient Are', a carol",Miles Davis,Put a Little Love in Your Heart / We Three Kings of Orient Are,Single,"Miles Davis, Larry Carlton, David Sanborn & Paul Shaffer",https://musicbrainz.org/release-group/52dcfbcc-048b-4410-a820-34276e4e554c
rock_hall,,1955,A Night in Tunisia,Miles Davis,,"Tunisia, Africa",Country,Direct,tunisia,36.8188,10.1658,"also in the dataset by Art Blakey, Charlie Parker, Dizzy Gillespie",,y,Miles Davis,The Musings of Miles,Album,Miles Davis,https://musicbrainz.org/release-group/cc086747-80cf-3318-97c3-77579e8f44a0
rock_hall,,1957,The Maids of Cadiz,Miles Davis,,"Cadiz, Spain, Europe",City,Direct,cadiz,36.5271,-6.2886,"new place — pin approximate, check it; place changed from 'Cadiz, Philippines'",,"y — Cadiz, Spain, not the Philippines",Miles Davis,Sounds of Jazz / The Maids of Cadiz,EP,Miles Davis,https://musicbrainz.org/release-group/63bbcb5b-6532-4542-a04b-d31245b1a7b1
rock_hall,,1958,Florence sur les Champs-Élysées,Miles Davis,,"Florence, Italy",City,Direct,florence,,,,,n — Florence is a person here,Miles Davis,Ascenseur pour l’échafaud,Album (soundtrack),Miles Davis,https://musicbrainz.org/release-group/c5bfc8df-ca3a-3cd1-a8b7-b453e023a84c
rock_hall,,1958,Surrey With the Fringe on Top,Miles Davis,,"Surrey, Canada",City,Direct,surrey,,,,,n — a surrey is a carriage,Miles Davis,Surrey With the Fringe on Top / If I Could Write a Book,Single,Miles Davis,https://musicbrainz.org/release-group/8dc1c721-9d34-410a-bea4-29a6cba1f0e8
rock_hall,,1958,There’s a Boat That’s Leaving Soon for New York,Miles Davis and orchestra under the direction of Gil Evans,,"New York, New York, United States, North America",City,Direct,new york,40.6643,-73.9385,,,y,Miles Davis,Porgy and Bess,Album,Miles Davis with orchestra under the direction of Gil Evans,https://musicbrainz.org/release-group/70f3e516-4e76-3dc5-a261-e6c5cd6d71a1
rock_hall,,1969,Filles de Kilimanjaro (Girls of Kilimanjaro),Miles Davis,,"Mount Kilimanjaro, Tanzania, Africa",Water/Natural Feature,Direct,kilimanjaro,-3.0674,37.3556,"new place — pin approximate, check it",,y,Miles Davis,Filles de Kilimanjaro,Album,Miles Davis,https://musicbrainz.org/release-group/82fd3ab5-0fc9-3a36-8832-65afaf05c2fe
rock_hall,,1969,"Girls of Kilimanjaro, Part 1",Miles Davis,,Mount Kilimanjaro,Water/Natural Feature,Direct,kilimanjaro,,,,,n — part 1 of 'Filles de Kilimanjaro',Miles Davis,Girls of Kilimanjaro,Single,Miles Davis,https://musicbrainz.org/release-group/1c7b7029-f8b7-4eb3-ad28-ef612a38692a
rock_hall,,1972,New York Girl,Miles Davis,,"New York, New York, United States, North America",City,Direct,new york,40.6643,-73.9385,,,y,Miles Davis,On the Corner,Album,Miles Davis,https://musicbrainz.org/release-group/d8ced714-bc46-3657-9076-8577c9d50231
rock_hall,,1974,Billy Preston,Miles Davis,,"Preston, United Kingdom",City,Direct,preston,,,,,"n — Billy Preston, a person",Miles Davis,Get Up With It,Album,Miles Davis,https://musicbrainz.org/release-group/49f122e4-8eef-3c69-93d4-a4369dc408d8
rock_hall,,1974,Red China Blues,Miles Davis,,"China, Asia",Country,Direct,china,39.9075,116.3972,,,y,Miles Davis,Maiysha / Red China Blues,Single,Miles Davis,https://musicbrainz.org/release-group/12ffb916-16a8-4eb6-8bf9-d845bbf8cfca
rock_hall,,1987,Lost in Madrid Part V,Miles Davis and Marcus Miller,,"Madrid, Spain, Europe",City,Direct,madrid,40.4165,-3.7026,,,y,Miles Davis,Music From Siesta,Album (soundtrack),Miles Davis & Marcus Miller,https://musicbrainz.org/release-group/56549e85-64e6-38e4-b68c-9a33958bf63c
rock_hall,,1991,Kimberley Trumpet,Miles Davis and Michel Legrand,,"Kimberley, Western Australia, Australia, Oceania",Continent/Region,Direct,kimberley,-17.0,125.5,"new place — pin approximate, check it; place changed from 'Kimberley, South Africa'",,? — probably the Kimberley region of Western Australia (from the Dingo score),Miles Davis,Dingo,Album (soundtrack),Miles Davis & Michel Legrand,https://musicbrainz.org/release-group/0276786f-6358-3149-831f-8b7c4fffd9b8
rock_hall,,1991,Kimberley Trumpet in Paris,Miles Davis and Michel Legrand,,"Kimberley, Western Australia, Australia, Oceania",Continent/Region,Direct,kimberley,-17.0,125.5,"new place — pin approximate, check it; place changed from 'Kimberley, South Africa'",,? — probably the Kimberley region of Western Australia (from the Dingo score),Miles Davis,Dingo,Album (soundtrack),Miles Davis & Michel Legrand,https://musicbrainz.org/release-group/0276786f-6358-3149-831f-8b7c4fffd9b8
rock_hall,,1991,Kimberley Trumpet in Paris,Miles Davis and Michel Legrand,,"Paris, France, Europe",City,Direct,paris,48.8534,2.3488,,,y,Miles Davis,Dingo,Album (soundtrack),Miles Davis & Michel Legrand,https://musicbrainz.org/release-group/0276786f-6358-3149-831f-8b7c4fffd9b8
rock_hall,,1991,Paris Walking I,Miles Davis and Michel Legrand,,"Paris, France, Europe",City,Direct,paris,48.8534,2.3488,,,y,Miles Davis,Dingo,Album (soundtrack),Miles Davis & Michel Legrand,https://musicbrainz.org/release-group/0276786f-6358-3149-831f-8b7c4fffd9b8
rock_hall,,1991,Paris Walking II,Miles Davis and Michel Legrand,,"Paris, France, Europe",City,Direct,paris,48.8534,2.3488,,,y,Miles Davis,Dingo,Album (soundtrack),Miles Davis & Michel Legrand,https://musicbrainz.org/release-group/0276786f-6358-3149-831f-8b7c4fffd9b8
rock_hall,,2019,Paradise,Miles Davis ft. Medina Johnson,,"Paradise, Kentucky, United States, North America",City,Direct,paradise,37.268056,-86.983611,also in the dataset by John Prine,,"n — paradise as in heaven or bliss, not Paradise, Kentucky",Miles Davis,Rubberband,Album,Miles Davis feat. Medina Johnson,https://musicbrainz.org/release-group/dff81b90-f8dc-40b4-9a83-558492fc9cb8
rock_hall,,1950,Louisiana Blues,Muddy Waters,,"Louisiana, United States, North America",State/Region,Direct,louisiana,31.169,-91.867,,,y,Muddy Waters,Louisiana Blues / Evan's Shuffle,Single,Muddy Waters,https://musicbrainz.org/release-group/b02aa069-166f-4603-ae56-61e0b98b68a1
rock_hall,,1964,My Home Is in the Delta,Muddy Waters,,"Mississippi Delta, Mississippi, United States, North America",Continent/Region,Direct,the delta,33.75,-90.7,"new place — pin approximate, check it",,y,Muddy Waters,Folk Singer,Album,Muddy Waters,https://musicbrainz.org/release-group/7cd640e8-7009-3217-a085-08384da9e49a
rock_hall,,1966,Going Back to Memphis,Muddy Waters,,"Memphis, Tennessee, United States, North America",City,Direct,memphis,35.1035,-89.9785,,,y,Muddy Waters,"Muddy, Brass and the Blues",Album,Muddy Waters,https://musicbrainz.org/release-group/afbcfb50-e0f9-3ecd-8d39-468590d6f2b4
rock_hall,,1975,Kansas City,Muddy Waters,,"Kansas City, Missouri, United States, North America",City,Direct,kansas city,39.1252,-94.5511,"also in the dataset by Hank Ballard And The Midnighters, James Brown And The Famous Flames, Little Richard, Rocky Olson, The New Basement Tapes, Trini Lopez, Wilbert Harrison",,y,Muddy Waters,The Muddy Waters Woodstock Album,Album,Muddy Waters,https://musicbrainz.org/release-group/d76e9aca-a54f-37f1-ad1d-126692ec2151
rock_hall,,1977,Deep Down In Florida,Muddy Waters,,"Florida, United States, North America",State/Region,Direct,florida,27.766,-81.686,,,y,Muddy Waters,Hard Again,Album,Muddy Waters,https://musicbrainz.org/release-group/a77c72ce-c6d9-3ebd-a4c1-ced5d4ec0b4b
rock_hall,,1981,Deep Down in Florida #2,Muddy Waters,,"Florida, United States, North America",State/Region,Direct,florida,27.766,-81.686,,,y,Muddy Waters,King Bee,Album,Muddy Waters,https://musicbrainz.org/release-group/71d1b67f-b7e5-351f-bb07-ecd2735043ea
rock_hall,,1981,Mean Old Frisco Blues,Muddy Waters,,"San Francisco, California, United States, North America",City,Nickname,frisco,37.78,-122.4193,,,y,Muddy Waters,King Bee,Album,Muddy Waters,https://musicbrainz.org/release-group/71d1b67f-b7e5-351f-bb07-ecd2735043ea
rock_hall,,1955,Evans Shuffle,Muddy Waters With Little Walter,,"Evans, Georgia",City,Direct,evans,,,,,n — a person named Evans,Muddy Waters; Little Walter,Mississippi Blues,EP,Muddy Waters With Little Walter,https://musicbrainz.org/release-group/130ef3cd-5909-4f72-a0ad-0c80e2c0ef3c
rock_hall,,1955,Louisiana Blues,Muddy Waters With Little Walter,,"Louisiana, United States, North America",State/Region,Direct,louisiana,31.169,-91.867,,,n — same song as the Muddy Waters row (1950),Muddy Waters; Little Walter,Mississippi Blues,EP,Muddy Waters With Little Walter,https://musicbrainz.org/release-group/130ef3cd-5909-4f72-a0ad-0c80e2c0ef3c
rock_hall,,1991,1-900-2-Compton,N.W.A,,"Compton, California, United States, North America",City,Direct,compton,33.8926,-118.2274,,,y,N.W.A,Niggaz4Life,Album,N.W.A,https://musicbrainz.org/release-group/80347957-efcf-3d67-80d5-8575d3c31852
rock_hall,,,A Trio of Grooves in Brooklyn,The Nat King Cole Trio,,"Brooklyn, New York, New York, United States, North America",Neighborhood/District,Direct,brooklyn,40.6782,-73.9442,no release date on MusicBrainz — fill in year,,y,Nat King Cole,Any Old Time,Album,The Nat King Cole Trio,https://musicbrainz.org/release-group/bd08fe12-e16c-47aa-b609-dc295032e409
rock_hall,,,Back Home Again in Indiana,The Nat King Cole Trio,,"Indiana, United States, North America",State/Region,Direct,indiana,39.849,-86.258,no release date on MusicBrainz — fill in year,,n — same song as the Nat King Cole Trio's 'Back Home in Indiana',Nat King Cole,Any Old Time,Album,The Nat King Cole Trio,https://musicbrainz.org/release-group/bd08fe12-e16c-47aa-b609-dc295032e409
rock_hall,,1958,Arrivederci Roma (Goodbye to Rome),Nat King Cole,,"Rome, Italy, Europe",City,Direct,rome,41.8919,12.5113,also in the dataset by Vic Damone,,y,Nat King Cole,Cole español,Album,Nat King Cole,https://musicbrainz.org/release-group/7e3e5f9e-268f-4de8-845c-34e84b1e894f
rock_hall,,1958,Beale Street Blues,Nat King Cole,,"Beale Street, Memphis, Tennessee, United States, North America",Street/Landmark,Direct,beale street,35.139444,-90.051944,also in the dataset by Ella Fitzgerald,,y,Nat King Cole,St. Louis Blues,Album,Nat King Cole,https://musicbrainz.org/release-group/d4471171-66f4-488b-83bb-2de97a793082
rock_hall,,1958,Harlem Blues,Nat King Cole,,"Harlem, New York, New York, United States, North America",Neighborhood/District,Direct,harlem,40.8116,-73.9465,,,y,Nat King Cole,St. Louis Blues,Album,Nat King Cole,https://musicbrainz.org/release-group/d4471171-66f4-488b-83bb-2de97a793082
rock_hall,,1958,Memphis Blues,Nat King Cole,,"Memphis, Tennessee, United States, North America",City,Direct,memphis,35.1035,-89.9785,"also in the dataset by Jim Europe's 369th Infantry Hellfighters Band, Victor Military Band",,y,Nat King Cole,St. Louis Blues,Album,Nat King Cole,https://musicbrainz.org/release-group/d4471171-66f4-488b-83bb-2de97a793082
rock_hall,,1958,Paradise,Nat King Cole,,"Paradise, Kentucky, United States, North America",City,Direct,paradise,37.268056,-86.983611,also in the dataset by John Prine,,"n — paradise as in heaven or bliss, not Paradise, Kentucky",Nat King Cole,The Very Thought of You,Album,Nat King Cole,https://musicbrainz.org/release-group/4c572b9f-bf8f-3238-a0c2-8185862ca5fa
rock_hall,,1958,St. Louis Blues,Nat King Cole,,"St. Louis, Missouri, United States, North America",City,Direct,st louis,38.6357,-90.2446,also in the dataset by Bessie Smith and Louis Armstrong,,y,Nat King Cole,St. Louis Blues,Album,Nat King Cole,https://musicbrainz.org/release-group/d4471171-66f4-488b-83bb-2de97a793082
rock_hall,,1959,Caboclo do Rio,Nat King Cole,,"Rio de Janeiro, Brazil, South America",City,Direct,rio,-22.9064,-43.1822,,,n — rio means river here,Nat King Cole,A mis amigos,Album,Nat King Cole,https://musicbrainz.org/release-group/95c9cc2b-f326-4ec0-ac5a-8ee04880214d
rock_hall,,1962,A Nightingale Sang in Berkeley Square,Nat King Cole,,"Berkeley Square, London, England, United Kingdom, Europe",Street/Landmark,Direct,berkeley square,51.51,-0.1465,"also in the dataset by Glenn Miller, Vera Lynn",,y,Nat King Cole,The Touch of Your Lips,Album,Nat King Cole,https://musicbrainz.org/release-group/ca1d6766-6463-424a-8c66-3bb095ca2ad4
rock_hall,,1962,Guadalajara,Nat King Cole,,"Guadalajara, Mexico, North America",City,Direct,guadalajara,20.6774,-103.3475,"new place — pin from geonamescache, check it",,y,Nat King Cole,More Cole Español,Album,Nat King Cole,https://musicbrainz.org/release-group/8b4f6266-f086-4180-8c86-aaffff3b1120
rock_hall,,1963,On the Sidewalks of New York,Nat King Cole,,"New York, New York, United States, North America",City,Direct,new york,40.6643,-73.9385,,,y,Nat King Cole,Those Lazy-Hazy-Crazy Days of Summer,Album,Nat King Cole,https://musicbrainz.org/release-group/2db58700-3e2e-4e85-aa3b-48980be039af
rock_hall,,1964,The Girl From Ipanema,Nat King Cole,,"Ipanema, Rio de Janeiro, Brazil, South America",Neighborhood/District,Direct,ipanema,-22.9838,-43.2045,also in the dataset by Stan Getz and Astrud Gilberto,,y,Nat King Cole,L-O-V-E,Album,Nat King Cole,https://musicbrainz.org/release-group/4b57ff6b-c3b4-3898-a52a-603413fef432
rock_hall,,1964,The Rain in Spain,Nat King Cole,,"Spain, Europe",Country,Direct,spain,40.4165,-3.7026,,,y,Nat King Cole,Sings My Fair Lady,Album,Nat King Cole,https://musicbrainz.org/release-group/6dd0f004-f8d0-4312-bca1-94028d353c6e
rock_hall,,1968,April In Paris,Nat King Cole,,"Paris, France, Europe",City,Direct,paris,48.8534,2.3488,"also in the dataset by Count Basie; earliest MusicBrainz release is 1968, after Nat King Cole died (1965) — probably a reissue; use the original release year",,y,Nat King Cole,The Piano Soul of Nat King Cole,Album,Nat King Cole,https://musicbrainz.org/release-group/0657477d-32e2-4956-909f-472628eb2b3f
rock_hall,,1998,Back Home in Indiana,The Nat King Cole Trio,,"Indiana, United States, North America",State/Region,Direct,indiana,39.849,-86.258,"earliest MusicBrainz release is 1998, after Nat King Cole died (1965) — probably a reissue; use the original release year",,y,Nat King Cole,The Nat King Cole Trio: 2 CD Set,Album,The Nat King Cole Trio,https://musicbrainz.org/release-group/bee643b6-806c-4121-8ad0-aac371511eb7
rock_hall,,1998,Little Joe From Chicago,The Nat King Cole Trio,,"Chicago, Illinois, United States, North America",City,Direct,chicago,41.8376,-87.6818,"earliest MusicBrainz release is 1998, after Nat King Cole died (1965) — probably a reissue; use the original release year",,y,Nat King Cole,The Nat King Cole Trio: 2 CD Set,Album,The Nat King Cole Trio,https://musicbrainz.org/release-group/bee643b6-806c-4121-8ad0-aac371511eb7
rock_hall,,2007,Early American,Nat King Cole,,"United States, North America",Country,Demonym,american,38.8951,-77.0364,"earliest MusicBrainz release is 2007, after Nat King Cole died (1965) — probably a reissue; use the original release year",,y,Nat King Cole,Those Lazy-Hazy-Crazy Days of Summer,Album,Nat King Cole,https://musicbrainz.org/release-group/e2af15c7-27f8-4ebc-965d-6683d24c8477
rock_hall,,2014,(Back Home Again In) Indiana,Lester Young-Buddy Rich Trio and Nat King Cole,,"Indiana, United States, North America",State/Region,Direct,indiana,39.849,-86.258,"also in the dataset by Freddy Cannon; earliest MusicBrainz release is 2014, after Nat King Cole died (1965) — probably a reissue; use the original release year",,y,Nat King Cole,"The Lester Young-Buddy Rich Trio with Nat ""King"" Cole",Album,Lester Young-Buddy Rich Trio & Nat King Cole,https://musicbrainz.org/release-group/313606b9-800b-44d4-a2a6-9a0da0541019
rock_hall,,2014,Windy City Boogie Woogie,The Nat King Cole Trio,,"Chicago, Illinois, United States, North America",City,Nickname,windy city,41.8376,-87.6818,"earliest MusicBrainz release is 2014, after Nat King Cole died (1965) — probably a reissue; use the original release year",,y,Nat King Cole,"Best of Nat King Cole Trio""",Album,The Nat King Cole Trio,https://musicbrainz.org/release-group/657f08c0-dee7-4763-92ec-4f2b39f75f63
rock_hall,,1969,Memphis Streets,Neil Diamond,,"Memphis, Tennessee, United States, North America",City,Direct,memphis,35.1035,-89.9785,,,y,Neil Diamond,Brother Love’s Travelling Salvation Show,Album,Neil Diamond,https://musicbrainz.org/release-group/fafbec54-cec5-3d3f-bb55-baa245e8b0d2
rock_hall,,1969,New York Boy,Neil Diamond,,"New York, New York, United States, North America",City,Direct,new york,40.6643,-73.9385,also in the dataset by Gloss,,y,Neil Diamond,"Touching You, Touching Me",Album,Neil Diamond,https://musicbrainz.org/release-group/dfb9390a-bc6d-38cd-844d-ca04812ed4de
rock_hall,,1970,African Trilogy,Neil Diamond,,Africa,Continent/Region,Demonym,african,1.6508,17.6791,,,y,Neil Diamond,Tap Root Manuscript,Album,Neil Diamond,https://musicbrainz.org/release-group/43146f15-7cd1-363e-b4c5-4e85452ae8ce
rock_hall,,1971,Chelsea Morning,Neil Diamond,,"Chelsea, New York, New York, United States, North America",Neighborhood/District,Direct,chelsea,40.7465,-74.0014,also in the dataset by Judy Collins,,y,Neil Diamond,Stones,Album,Neil Diamond,https://musicbrainz.org/release-group/62b18c29-3688-392a-b081-6d9d33900dbd
rock_hall,,1977,Free Man in Paris,Neil Diamond,,"Paris, France, Europe",City,Direct,paris,48.8534,2.3488,also in the dataset by Joni Mitchell,,y,Neil Diamond,I’m Glad You’re Here With Me Tonight,Album,Neil Diamond,https://musicbrainz.org/release-group/f351a8b8-4319-331d-a1af-f8388e4cba87
rock_hall,,1978,Memphis Flyer,Neil Diamond,,"Memphis, Tennessee, United States, North America",City,Direct,memphis,35.1035,-89.9785,,,y,Neil Diamond,You Don’t Bring Me Flowers,Album,Neil Diamond,https://musicbrainz.org/release-group/a5a1dfbc-c470-3735-bc7f-327391cbe569
rock_hall,,1978,The American Popular Song,Neil Diamond,,"United States, North America",Country,Demonym,american,38.8951,-77.0364,may be the same song as 'America' already in the dataset,,y,Neil Diamond,You Don’t Bring Me Flowers,Album,Neil Diamond,https://musicbrainz.org/release-group/a5a1dfbc-c470-3735-bc7f-327391cbe569
rock_hall,,1980,Jerusalem,Neil Diamond,,"Jerusalem, Israel, Asia",City,Direct,jerusalem,31.769,35.2163,"also in the dataset by Belouis Some, Charlie Skarbek and Andy Davies, Fat Les 2000, Herb Alpert's Tijuana Brass, Keedie and England Cricket Team",,y,Neil Diamond,The Jazz Singer,Album (soundtrack),Neil Diamond,https://musicbrainz.org/release-group/0262bf30-d867-364a-9184-ae79f0da359c
rock_hall,,1982,In Ensenada,Neil Diamond,,"Ensenada, Mexico, North America",City,Direct,ensenada,31.8715,-116.6007,"new place — pin from geonamescache, check it",,y,Neil Diamond,Heartlight,Album,Neil Diamond,https://musicbrainz.org/release-group/5c1a22c2-1db2-3c61-9258-67231056f1f9
rock_hall,,1984,Brooklyn on a Saturday Night,Neil Diamond,,"Brooklyn, New York, New York, United States, North America",Neighborhood/District,Direct,brooklyn,40.6782,-73.9442,,,y,Neil Diamond,Primitive,Album,Neil Diamond,https://musicbrainz.org/release-group/366e6535-a9dd-3337-8e02-e91929fec055
rock_hall,,1986,Lost in Hollywood,Neil Diamond,,"Hollywood, California, United States, North America",Neighborhood/District,Direct,hollywood,34.0928,-118.3287,also in the dataset by System of a Down,,y,Neil Diamond,Headed for the Future,Album,Neil Diamond,https://musicbrainz.org/release-group/f18bc234-6d11-3039-ab81-ab9081ebb692
rock_hall,,1992,We Three Kings of Orient Are,Neil Diamond,,East Asia,Continent/Region,Direct,orient,35,115,,,"n — 'We Three Kings of Orient Are', a carol",Neil Diamond,The Christmas Album,Album,Neil Diamond,https://musicbrainz.org/release-group/c3c00baa-3721-31ce-8e7a-69e67be79509
rock_hall,,1993,Do You Know the Way to San Jose?,Neil Diamond,,"San Jose, California, United States, North America",City,Direct,san jose,37.2969,-121.8193,also in the dataset by Dionne Warwick,,y,Neil Diamond,Up on the Roof: Songs From the Brill Building,Album,Neil Diamond,https://musicbrainz.org/release-group/a8dcd3e8-0454-3dc7-87a0-68c92ea6c8fb
rock_hall,,1993,Spanish Harlem,Neil Diamond,,"East Harlem, New York, New York, United States, North America",Neighborhood/District,Direct,spanish harlem,40.7957,-73.9389,"also in the dataset by Aretha Franklin, Ben E. King, Jimmy Justice, King Curtis, Sounds Incorporated",,y,Neil Diamond,Up on the Roof: Songs From the Brill Building,Album,Neil Diamond,https://musicbrainz.org/release-group/a8dcd3e8-0454-3dc7-87a0-68c92ea6c8fb
rock_hall,,1996,Tennessee Moon,Neil Diamond,,"Tennessee, United States, North America",State/Region,Direct,tennessee,35.747,-86.692,,,y,Neil Diamond,Tennessee Moon,Album,Neil Diamond,https://musicbrainz.org/release-group/0f25ae98-842f-34ba-8bc6-dd6d1d85413e
rock_hall,,1998,Moon River,Neil Diamond,,"Moon River, Georgia, United States",Water/Natural Feature,Direct,moon river,,,,,n — Moon River — excluded by earlier decision (fictional),Neil Diamond,The Movie Album: As Time Goes By,Album,Neil Diamond,https://musicbrainz.org/release-group/f3ce70b7-99f4-3766-b448-f9f49f3a3e58
rock_hall,,2010,Midnight Train to Georgia,Neil Diamond,,"Georgia, United States, North America",State/Region,Direct,georgia,33.04,-83.643,also in the dataset by Gladys Knight and the Pips,,y,Neil Diamond,Dreams,Album,Neil Diamond,https://musicbrainz.org/release-group/72f4e983-262b-4f4b-9c28-16eca3ff8d5a
rock_hall,,1968,The Emperor of Wyoming,Neil Young,,"Wyoming, United States, North America",State/Region,Direct,wyoming,43.0,-107.5,"new place — pin approximate, check it",,y,Neil Young,Neil Young,Album,Neil Young,https://musicbrainz.org/release-group/52418ea0-7f00-3265-92ae-485de63fcb13
rock_hall,,1968,The Last Trip to Tulsa,Neil Young,,"Tulsa, Oklahoma, United States, North America",City,Direct,tulsa,36.1279,-95.9023,,,y,Neil Young,Neil Young,Album,Neil Young,https://musicbrainz.org/release-group/52418ea0-7f00-3265-92ae-485de63fcb13
rock_hall,,1972,Alabama,Neil Young and The Stray Gators,,"Alabama, United States, North America",State/Region,Direct,alabama,32.806,-86.791,also in the dataset by John Coltrane,,y,Neil Young,Journey Through the Past,Album (soundtrack),Neil Young & The Stray Gators,https://musicbrainz.org/release-group/77791ac2-c98f-3d0a-a5be-bd5827a98cb2
rock_hall,,1975,Albuquerque,Neil Young,,"Albuquerque, New Mexico, United States, North America",City,Direct,albuquerque,35.0845,-106.6511,"new place — pin from geonamescache, check it",,y,Neil Young,Tonight’s the Night,Album,Neil Young,https://musicbrainz.org/release-group/e0207e33-af06-3862-baba-f42ca722de0d
rock_hall,,1981,Motor City,Neil Young and Crazy Horse,,"Detroit, Michigan, United States, North America",City,Nickname,motor city,42.383,-83.1022,,,y,Neil Young,Southern Pacific,Single,Neil Young & Crazy Horse,https://musicbrainz.org/release-group/49c5f141-1da0-4252-8f33-ad8a9b1f36ba
rock_hall,,1985,California Sunset,Neil Young,,"California, United States, North America",State/Region,Direct,california,36.116,-119.682,,,y,Neil Young,Old Ways,Album,Neil Young,https://musicbrainz.org/release-group/6c6b3e71-f1b9-3e22-b34c-17cdbd209e9e
rock_hall,,1989,On Broadway,Neil Young,,"Broadway, New York, New York, United States, North America",Street/Landmark,Direct,broadway,40.759,-73.9845,"also in the dataset by George Benson, The Drifters",,y,Neil Young,Someday,Single,Neil Young,https://musicbrainz.org/release-group/3c3d1a09-bf71-4704-850d-7602bc500428
rock_hall,,2000,Buffalo Springfield Again,Neil Young,,"Springfield, Missouri, United States, North America",City,Direct,springfield,37.1942,-93.2913,,,"n — Buffalo Springfield, the band",Neil Young,Silver & Gold,Album,Neil Young,https://musicbrainz.org/release-group/8467e990-ceec-3424-beec-c0d805810c57
rock_hall,,2003,Carmichael,Neil Young and Crazy Horse,,"Carmichael, California",City,Direct,carmichael,,,,,n — Carmichael is a character in Greendale,Neil Young,Greendale,Album,Neil Young & Crazy Horse,https://musicbrainz.org/release-group/18ce8eaf-ac67-3bd6-ada7-75d4a46296f9
rock_hall,,2006,America the Beautiful,Neil Young,,"United States, North America",Country,Direct,america,38.8951,-77.0364,"also in the dataset by Elvis Presley, Ray Charles",,y,Neil Young,Living With War,Album,Neil Young,https://musicbrainz.org/release-group/216257f0-a33b-3b29-b7ff-5d133fef3691
rock_hall,,2012,Born in Ontario,Neil Young and Crazy Horse,,"Ontario, Canada, North America",State/Region,Direct,ontario,50.0,-85.0,"new place — pin approximate, check it; place changed from 'Ontario, California, United States, North America'",,"y — Ontario, Canada, not Ontario, California",Neil Young,Born in Ontario,Single,Neil Young & Crazy Horse,https://musicbrainz.org/release-group/03b299c4-2bd6-46d1-9d5d-635750c22ee2
rock_hall,,2014,Say Hello to Chicago,Neil Young,,"Chicago, Illinois, United States, North America",City,Direct,chicago,41.8376,-87.6818,,,y,Neil Young,Storytone,Album,Neil Young,https://musicbrainz.org/release-group/7214755f-759a-4f60-8b70-f17e4bc9b968
rock_hall,,2016,Texas Rangers,Neil Young,,"Texas, United States, North America",State/Region,Direct,texas,31.054,-97.563,,,y,Neil Young,Peace Trail,Album,Neil Young,https://musicbrainz.org/release-group/d45f18c5-249d-490b-83ce-efabd0f8f650
rock_hall,,2017,Hawaii,Neil Young,,"Hawaii, United States, North America",State/Region,Direct,hawaii,21.094,-157.498,,,y,Neil Young,Hitchhiker,Album,Neil Young,https://musicbrainz.org/release-group/0ac81b52-8ed5-4d97-8731-cb328878d60e
rock_hall,,2020,Florida,Neil Young,,"Florida, United States, North America",State/Region,Direct,florida,27.766,-81.686,"also in the dataset by Modest Mouse, Taylor Swift ft. Florence and The Machine",,y,Neil Young,Homegrown,Album,Neil Young,https://musicbrainz.org/release-group/de8c4624-9d37-416b-b87c-7711bd6c1743
rock_hall,,2020,Kansas,Neil Young,,"Kansas, United States, North America",State/Region,Direct,kansas,38.5,-98.0,"new place — pin approximate, check it",,y,Neil Young,Homegrown,Album,Neil Young,https://musicbrainz.org/release-group/de8c4624-9d37-416b-b87c-7711bd6c1743
rock_hall,,2020,Mexico,Neil Young,,"Mexico, North America",Country,Direct,mexico,19.4285,-99.1277,"also in the dataset by Bob Moore, James Taylor, Long John Baldry",,y,Neil Young,Homegrown,Album,Neil Young,https://musicbrainz.org/release-group/de8c4624-9d37-416b-b87c-7711bd6c1743
rock_hall,,1973,Chicago,"Crosby, Stills, Nash & Young",,"Chicago, Illinois, United States, North America",City,Direct,chicago,41.8376,-87.6818,"also in the dataset by Elton John and Kiki Dee, Frank Sinatra, Graham Nash, Michael Jackson, Sufjan Stevens",,y,"Neil Young; Crosby, Stills & Nash",Live!,EP,"Crosby, Stills, Nash & Young",https://musicbrainz.org/release-group/ad4094c9-7613-4387-8bdc-c4cca89f2684
rock_hall,,1999,Heartland,"Crosby, Stills, Nash & Young",,"American Heartland, United States, North America",Continent/Region,Direct,heartland,39.8,-95.0,"new place — pin approximate, check it",,? — 'the Heartland' isn't one place — your call,"Neil Young; Crosby, Stills & Nash",Looking Forward,Album,"Crosby, Stills, Nash & Young",https://musicbrainz.org/release-group/13edc84b-4951-3727-9337-4f5ab0bdb8f8
rock_hall,,2008,America the Beautiful,"Crosby, Stills, Nash & Young",,"United States, North America",Country,Direct,america,38.8951,-77.0364,"also in the dataset by Elvis Presley, Ray Charles",,? — documentary soundtrack — probably a live recording; check,"Neil Young; Crosby, Stills & Nash",CSNY / Déjà Vu,Album (soundtrack),"Crosby, Stills, Nash & Young",https://musicbrainz.org/release-group/2dd1ef61-a8ed-46fc-a9d7-a9a95df9cb23
rock_hall,,2011,"Walk With Me (Bridge School – Shoreline Amphitheatre – Mountain View, CA 10/23/2010)",Pearl Jam ft. Neil Young,,"Mountain View, California",City,Direct,mountain view,,,,,n — a live recording at Shoreline Amphitheatre,Neil Young; Pearl Jam,Pearl Jam Twenty,Album (soundtrack),Pearl Jam feat. Neil Young,https://musicbrainz.org/release-group/f09b288e-f3bb-4f06-b722-f981e1cd469a
rock_hall,,2011,"Walk With Me (Bridge School – Shoreline Amphitheatre – Mountain View, CA 10/23/2010)",Pearl Jam ft. Neil Young,,"Shoreline, Washington",City,Direct,shoreline,,,,,"n — not Shoreline, Washington",Neil Young; Pearl Jam,Pearl Jam Twenty,Album (soundtrack),Pearl Jam feat. Neil Young,https://musicbrainz.org/release-group/f09b288e-f3bb-4f06-b722-f981e1cd469a
rock_hall,,1986,Paradise,New Order,,"Paradise, Kentucky, United States, North America",City,Direct,paradise,37.268056,-86.983611,UK chart but a little-used US place — check it isn't a British namesake; also in the dataset by John Prine,,"n — paradise as in heaven or bliss, not Paradise, Kentucky",New Order,Brotherhood,Album,New Order,https://musicbrainz.org/release-group/9f46bfe6-6c91-3536-9bfc-edb3e1f8bd7b
rock_hall,,2013,Californian Grass,New Order,,"California, United States, North America",State/Region,Demonym,californian,36.116,-119.682,,,y,New Order,Lost Sirens,Album,New Order,https://musicbrainz.org/release-group/96697a36-6746-4a32-8568-5b20f24a1edc
rock_hall,,1966,Paris Bells,Nicky Hopkins,,"Paris, France, Europe",City,Direct,paris,48.8534,2.3488,,,y,Nicky Hopkins,The Revolutionary Piano of Nicky Hopkins,Album,Nicky Hopkins,https://musicbrainz.org/release-group/ca883079-0fbd-4fb2-acc8-cbd2f6c5eedc
rock_hall,,1966,You Came a Long Way From St. Louis,Nicky Hopkins,,"St. Louis, Missouri, United States, North America",City,Direct,st louis,38.6357,-90.2446,,,y,Nicky Hopkins,The Revolutionary Piano of Nicky Hopkins,Album,Nicky Hopkins,https://musicbrainz.org/release-group/ca883079-0fbd-4fb2-acc8-cbd2f6c5eedc
rock_hall,,1968,Dixie Fried,"Nicky Hopkins, Jimmy Page, John Paul Jones, Keith de Groot, Clem Cattini and Chris Hughes",,"American South, United States, North America",Continent/Region,Nickname,dixie,33,-86,also in the dataset by Carl Perkins,,? — credit is a list of session players that happens to include Nicky Hopkins,Nicky Hopkins,No Introduction Necessary,Album,"Nicky Hopkins, Jimmy Page, John Paul Jones, Keith de Groot, Clem Cattini & Chris Hughes",https://musicbrainz.org/release-group/e40eefcd-13a7-4909-afd9-e8ab1295090c
rock_hall,,1972,Highland Fling,"Nicky Hopkins, Ry Cooder, Mick Jagger, Bill Wyman and Charlie Watts",,"Highland, Illinois, United States, North America",City,Direct,highland,38.73949,-89.6712,UK chart but a little-used US place — check it isn't a British namesake,,"n — the Highland fling, a dance",Nicky Hopkins,Jamming With Edward!,Album,"Nicky Hopkins, Ry Cooder, Mick Jagger, Bill Wyman & Charlie Watts",https://musicbrainz.org/release-group/d0d56282-b25a-3c93-91dd-ffd066c00974
rock_hall,,1973,Sundown in Mexico,Nicky Hopkins,,"Mexico, North America",Country,Direct,mexico,19.4285,-99.1277,,,y,Nicky Hopkins,The Tin Man Was a Dreamer,Album,Nicky Hopkins,https://musicbrainz.org/release-group/4ee8e52e-46ba-344a-8b24-a35b258d5981
rock_hall,,2015,Magic (Bingo Players’ French Fried rework),Mystery Skulls ft. Nile Rodgers and Brandy,,"France, Europe",Country,Demonym,french,48.8534,2.3488,,,n — French only in a remix tag,Nile Rodgers,Magic,Single,Mystery Skulls feat. Nile Rodgers and Brandy,https://musicbrainz.org/release-group/bab363f9-92ab-490e-b587-aca9517748a0
rock_hall,,2023,Harlem Nights (Indigo),Nile Rodgers,,"Harlem, New York, New York, United States, North America",Neighborhood/District,Direct,harlem,40.8116,-73.9465,,,y,Nile Rodgers,Harlem Nights (Indigo),Single,Nile Rodgers,https://musicbrainz.org/release-group/248b8a23-c280-48a8-a6d1-1ed41ca73726
rock_hall,,2023,Miami [feat. Nile Rodgers],Nile Rodgers and LP Giobbi,,"Miami, Florida, United States, North America",City,Direct,miami,25.7752,-80.2086,"also in the dataset by Baxter Dury, Bob Seger, Eugene Church, Morgan Wallen ft. Lil Wayne and Rick Ross, Tory Lanez ft. Gunna, Will Smith",,y,Nile Rodgers,Miami (LP Giobbi Remixes) [feat. Nile Rodgers],Single,Nile Rodgers & LP Giobbi,https://musicbrainz.org/release-group/6a9d6103-86de-4b88-859c-57f792f6afd8
rock_hall,,2023,Miami [feat. Nile Rodgers],Nile Rodgers and LP Giobbi,,"Nile River, Africa",Water/Natural Feature,Direct,nile,25.6872,32.6396,"also in the dataset by Baxter Dury, Bob Seger, Eugene Church, Morgan Wallen ft. Lil Wayne and Rick Ross, Tory Lanez ft. Gunna, Will Smith",,"n — Nile Rodgers's name, not the Nile",Nile Rodgers,Miami (LP Giobbi Remixes) [feat. Nile Rodgers],Single,Nile Rodgers & LP Giobbi,https://musicbrainz.org/release-group/6a9d6103-86de-4b88-859c-57f792f6afd8
rock_hall,,2023,Paradise,Idina Menzel ft. Nile Rodgers,,"Paradise, Kentucky, United States, North America",City,Direct,paradise,37.268056,-86.983611,also in the dataset by John Prine,,"n — paradise as in heaven or bliss, not Paradise, Kentucky",Nile Rodgers,Paradise,Single,Idina Menzel feat. Nile Rodgers,https://musicbrainz.org/release-group/30ea6577-a0a6-4063-9a54-3b08ec0ed41c
rock_hall,,2025,American Patrol Carousel,Nile Rodgers,,"United States, North America",Country,Demonym,american,38.8951,-77.0364,,,? — Nile Rodgers film-score cue — check it's a song,Nile Rodgers,Beverly Hills Cop III: Music from the Motion Picture,Album (soundtrack),Nile Rodgers,https://musicbrainz.org/release-group/f4cf6ad1-b57b-49de-8f63-73deb0d2f41d
rock_hall,,2025,Back to Beverly Hills,Nile Rodgers,,"Beverly Hills, California, United States, North America",City,Direct,beverly hills,34.0792,-118.4024,,,y,Nile Rodgers,Beverly Hills Cop III: Music from the Motion Picture,Album (soundtrack),Nile Rodgers,https://musicbrainz.org/release-group/f4cf6ad1-b57b-49de-8f63-73deb0d2f41d
rock_hall,,2025,Washington Post March Carousel,Nile Rodgers,,"Washington Square, New York, New York, United States, North America",Street/Landmark,Direct,washington,40.7308,-73.9973,,,"n — the Washington Post March, named for a newspaper",Nile Rodgers,Beverly Hills Cop III: Music from the Motion Picture,Album (soundtrack),Nile Rodgers,https://musicbrainz.org/release-group/f4cf6ad1-b57b-49de-8f63-73deb0d2f41d
rock_hall,,2026,Brooklyn Bridge,Nile Rodgers,,"Brooklyn Bridge, New York, New York, United States, North America",Street/Landmark,Direct,brooklyn bridge,40.7061,-73.9969,"new place — pin approximate, check it",,y,Nile Rodgers,Coming to America,Album (soundtrack),Nile Rodgers,https://musicbrainz.org/release-group/8a8af257-1b00-4384-ace6-38bd10d7799a
rock_hall,,2026,Coming to America,Nile Rodgers,,"United States, North America",Country,Direct,america,38.8951,-77.0364,also in the dataset by The System,,? — Nile Rodgers film-score cue — check it's a song,Nile Rodgers,Coming to America,Album (soundtrack),Nile Rodgers,https://musicbrainz.org/release-group/8a8af257-1b00-4384-ace6-38bd10d7799a
rock_hall,,2026,Concord Flying to America,Nile Rodgers,,"United States, North America",Country,Direct,america,38.8951,-77.0364,,,? — Nile Rodgers film-score cue — check it's a song,Nile Rodgers,Coming to America,Album (soundtrack),Nile Rodgers,https://musicbrainz.org/release-group/8a8af257-1b00-4384-ace6-38bd10d7799a
rock_hall,,2026,Transition to America,Nile Rodgers,,"United States, North America",Country,Direct,america,38.8951,-77.0364,,,? — Nile Rodgers film-score cue — check it's a song,Nile Rodgers,Coming to America,Album (soundtrack),Nile Rodgers,https://musicbrainz.org/release-group/8a8af257-1b00-4384-ace6-38bd10d7799a
rock_hall,,1958,Central Park Blues,Nina Simone,,"Central Park, New York, New York, United States, North America",Street/Landmark,Direct,central park,40.7829,-73.9654,,,y,Nina Simone,Little Girl Blue,Album,Nina Simone,https://musicbrainz.org/release-group/19ca48c1-af98-3000-bc9a-97ef5fa3e3be
rock_hall,,1960,African Mailman,Nina Simone,,Africa,Continent/Region,Demonym,african,1.6508,17.6791,,,y,Nina Simone,Don’t Smoke in Bed / African Mailman,Single,Nina Simone,https://musicbrainz.org/release-group/986fb2cb-9093-4c6a-8221-dbc132faa240
rock_hall,,1960,Central Park,Nina Simone,,"Central Park, New York, New York, United States, North America",Street/Landmark,Direct,central park,40.7829,-73.9654,,,y,Nina Simone,Central Park,Single,Nina Simone,https://musicbrainz.org/release-group/dff9b302-3fe6-49ad-a014-c6f39b4c0ab1
rock_hall,,1961,Memphis in June,Nina Simone,,"Memphis, Tennessee, United States, North America",City,Direct,memphis,35.1035,-89.9785,also in the dataset by Harry James,,y,Nina Simone,Forbidden Fruit,Album,Nina Simone,https://musicbrainz.org/release-group/49d04c21-e3f6-399a-a4df-79a876259e8a
rock_hall,,1965,The Ballad of Hollis Brown,Nina Simone,,"Hollis, Queens, New York, New York, United States, North America",City,Direct,hollis,40.71344,-73.76708,,,n — Hollis Brown is a person,Nina Simone,Let It All Out,Album,Nina Simone,https://musicbrainz.org/release-group/c8fd5044-d9b5-3824-998c-5331e79df99d
rock_hall,,1973,Sunday in Savannah,Nina Simone,,"Savannah, Georgia, United States, North America",City,Direct,savannah,32.0025,-81.1536,,,y,Nina Simone,Gospel According to Nina Simone,Album,Nina Simone,https://musicbrainz.org/release-group/df8adddb-b622-4eb4-981f-94c1797cb8cd
rock_hall,,1978,Baltimore,Nina Simone,,"Baltimore, Maryland, United States, North America",City,Direct,baltimore,39.3002,-76.6105,"also in the dataset by Photek, Randy Newman",,y,Nina Simone,Baltimore,Album,Nina Simone,https://musicbrainz.org/release-group/4fa78391-c883-3941-8ce3-ba1ffa8e5f12
rock_hall,,1994,Columbia,Oasis,,"Columbia, South Carolina",City,Direct,columbia,,,,,n — Oasis's 'Columbia' isn't a place,Oasis,Definitely Maybe,Album,Oasis,https://musicbrainz.org/release-group/451dca98-c118-32e1-9244-c47ca9c3c0f9
rock_hall,,1966,Tennessee Waltz,Otis Redding,,"Tennessee, United States, North America",State/Region,Direct,tennessee,35.747,-86.692,"also in the dataset by Anita O'Day, Bobby Comstock, Guy Lombardo, Jerry Fuller, Jo Stafford, Les Paul, Patti Page, Sam Cooke, Spike Jones, The Fontane Sisters",,y,Otis Redding,Complete & Unbelievable: The Otis Redding Dictionary of Soul,Album,Otis Redding,https://musicbrainz.org/release-group/aeea2d91-3d98-389e-92fc-ff0db34762be
rock_hall,,1994,Welcome to Atlanta,Outkast,,"Atlanta, Georgia, United States, North America",City,Direct,atlanta,33.7629,-84.4227,also in the dataset by Jermaine Dupri and Ludacris,,y,Outkast,Southernplayalisticadillacmuzik,Album,OutKast,https://musicbrainz.org/release-group/2ee919fe-eab8-3fb5-a069-ef0220c29e09
rock_hall,,1996,Decatur Psalm,Outkast,,"Decatur, Georgia, United States, North America",City,Direct,decatur,33.7748,-84.2963,"new place — pin from geonamescache, check it; place changed from 'Decatur, Illinois, United States, North America'",,"y — OutKast's Decatur is Decatur, Georgia",Outkast,ATLiens,Album,OutKast,https://musicbrainz.org/release-group/672fa6be-ae6a-38a2-a0d3-6a393a3929bf
rock_hall,,1998,West Savannah,Outkast,,"Savannah, Georgia, United States, North America",City,Direct,savannah,32.0025,-81.1536,,,y,Outkast,Aquemini,Album,OutKast,https://musicbrainz.org/release-group/eb655897-6cc5-3fc1-b9ed-5008eb80c682
rock_hall,,1999,I Own America,Slick Rick ft. Outkast,,"United States, North America",Country,Direct,america,38.8951,-77.0364,,,y,Outkast,Street Talkin’,Single,Slick Rick featuring OutKast,https://musicbrainz.org/release-group/d408831b-7a9d-4c30-aa90-6461a776d8de
rock_hall,,2000,Cruisin' in the ATL,Outkast,,"Atlanta, Georgia, United States, North America",City,Nickname,atl,33.7629,-84.4227,,,y,Outkast,Stankonia,Album,OutKast,https://musicbrainz.org/release-group/00d2cd53-21c9-3738-b683-56847b7b0040
rock_hall,,2005,Hollywood Divorce,Outkast ft. Lil' Wayne and Snoop Dogg,,"Hollywood, California, United States, North America",Neighborhood/District,Direct,hollywood,34.0928,-118.3287,,,y,Outkast,Idlewild,Album (soundtrack),OutKast feat. Lil’ Wayne & Snoop Dogg,https://musicbrainz.org/release-group/ba791f6f-3705-3b72-84aa-042402d85ea8
rock_hall,,1988,Bloodbath in Paradise,Ozzy Osbourne,,"Paradise, Kentucky, United States, North America",City,Direct,paradise,37.268056,-86.983611,UK chart but a little-used US place — check it isn't a British namesake,,"n — paradise as in heaven or bliss, not Paradise, Kentucky",Ozzy Osbourne,No Rest for the Wicked,Album,Ozzy Osbourne,https://musicbrainz.org/release-group/8ef86240-a23a-38b2-80b8-c72914a9613c
rock_hall,,2005,Mississippi Queen,Ozzy Osbourne,,"Mississippi, United States, North America",State/Region,Direct,mississippi,32.741,-89.678,also in the dataset by Mountain,,y,Ozzy Osbourne,Under Cover,Album,Ozzy Osbourne,https://musicbrainz.org/release-group/9a958cbd-3b86-3d6e-bf4b-07323602c734
rock_hall,,2005,Rocky Mountain Way,Ozzy Osbourne,,"Rocky Mountains, North America",Water/Natural Feature,Direct,rocky mountain,43.7,-110.6,also in the dataset by Joe Walsh,,y,Ozzy Osbourne,Under Cover,Album,Ozzy Osbourne,https://musicbrainz.org/release-group/9a958cbd-3b86-3d6e-bf4b-07323602c734
rock_hall,,1980,Little Paradise,Pat Benatar,,"Paradise, Kentucky, United States, North America",City,Direct,paradise,37.268056,-86.983611,,,"n — paradise as in heaven or bliss, not Paradise, Kentucky",Pat Benatar,Crimes of Passion,Album,Pat Benatar,https://musicbrainz.org/release-group/d2f108a7-0614-35e8-922f-4d8d5ebc5d93
rock_hall,,2001,Christmas in America,Pat Benatar,,"United States, North America",Country,Direct,america,38.8951,-77.0364,,,y,Pat Benatar,Christmas in America,Single,Pat Benatar,https://musicbrainz.org/release-group/2491cda7-709f-37e4-a87d-82fe6145c5d3
rock_hall,,1975,Redondo Beach,Patti Smith,,"Redondo Beach, California, United States, North America",City,Direct,redondo beach,33.84918,-118.38841,also in the dataset by Morrissey,,y,Patti Smith,Horses,Album,Patti Smith,https://musicbrainz.org/release-group/ff8f533c-3cb3-3877-9209-11f433edaad2
rock_hall,,1976,Radio Ethiopia,Patti Smith Group,,"Ethiopia, Africa",Country,Direct,ethiopia,9.0249,38.7469,"new place — pin approximate, check it",,y,Patti Smith,Radio Ethiopia,Album,Patti Smith Group,https://musicbrainz.org/release-group/eb233fd7-0ae3-38c7-b8c2-61f21bc84a35
rock_hall,,1988,The Jackson Song,Patti Smith,,"Jackson, Mississippi, United States, North America",City,Direct,jackson,32.3158,-90.2128,,,n — a person named Jackson,Patti Smith,Dream of Life,Album,Patti Smith,https://musicbrainz.org/release-group/92f0659b-0d81-3491-a2ad-6028ddcbd628
rock_hall,,2000,China Bird,Patti Smith,,"China, Asia",Country,Direct,china,39.9075,116.3972,,,? — china may mean porcelain here,Patti Smith,Gung Ho,Album,Patti Smith,https://musicbrainz.org/release-group/6d5520df-b433-3376-a0c3-3dba9dc5973a
rock_hall,,2003,Radio Baghdad,Patti Smith,,"Baghdad, Iraq, Asia",City,Direct,baghdad,33.34058,44.40088,,,y,Patti Smith,Trampin’,Album,Patti Smith,https://musicbrainz.org/release-group/dccc8ac2-da0c-3563-95ff-21f9de4cef8c
rock_hall,,2007,Pastime Paradise,Patti Smith,,"Paradise, Kentucky, United States, North America",City,Direct,paradise,37.268056,-86.983611,,,"n — paradise as in heaven or bliss, not Paradise, Kentucky",Patti Smith,Twelve,Album,Patti Smith,https://musicbrainz.org/release-group/60b69db0-3651-3bb2-9d5b-87d8c09fdf59
rock_hall,,1965,Born in Chicago,The Paul Butterfield Blues Band,,"Chicago, Illinois, United States, North America",City,Direct,chicago,41.8376,-87.6818,,,y,Paul Butterfield Blues Band,The Paul Butterfield Blues Band,Album,The Paul Butterfield Blues Band,https://musicbrainz.org/release-group/7384b930-c267-393b-a98f-dc63766db3f8
rock_hall,,1970,Momma Miss America,Paul McCartney,,"United States, North America",Country,Direct,america,38.8951,-77.0364,,,y,Paul McCartney,McCartney,Album,Paul McCartney,https://musicbrainz.org/release-group/d6a52dc7-f4fa-4d10-89d9-5a99d178dae9
rock_hall,,1973,Single Pigeon,Paul McCartney and Wings,,"Pigeon, Michigan, United States, North America",City,Direct,pigeon,43.829722,-83.271944,UK chart but a little-used US place — check it isn't a British namesake,,"n — a pigeon, the bird",Paul McCartney,Red Rose Speedway,Album,Paul McCartney and Wings,https://musicbrainz.org/release-group/e8bd188c-deb4-398b-bde8-3a58f7f5c4b4
rock_hall,,1975,Spirits of Ancient Egypt,Wings,,"Egypt, Africa",Country,Direct,egypt,30.0626,31.2497,"credited to Wings, McCartney's band",,y,Paul McCartney,Venus and Mars,Album,Wings,https://musicbrainz.org/release-group/0dd4d0ee-1a30-3d65-b11d-bb9d4e305ffa
rock_hall,,2001,Riding Into Jaipur,Paul McCartney,,"Jaipur, India, Asia",City,Direct,jaipur,26.9196,75.7878,"new place — pin from geonamescache, check it",,y,Paul McCartney,From a Lover to a Friend,Single,Paul McCartney,https://musicbrainz.org/release-group/08d7c768-60b8-4fc6-afa5-5f74acc0aa20
rock_hall,,2005,English Tea,Paul McCartney,,"England, United Kingdom, Europe",Country,Demonym,english,51.5074,-0.1278,,,y,Paul McCartney,Chaos and Creation in the Backyard,Album,Paul McCartney,https://musicbrainz.org/release-group/a12b1e53-3426-3510-866e-0650e98d5894
rock_hall,,2018,Back in Brazil,Paul McCartney,,"Brazil, South America",Country,Direct,brazil,-15.7939,-47.8828,,,y,Paul McCartney,Egypt Station,Album,Paul McCartney,https://musicbrainz.org/release-group/c8ef7e3a-b3c9-4a0a-88fb-03383fdd3d9c
rock_hall,,2024,Blackpool (One Hand Clapping Sessions),Paul McCartney and Wings,,"Blackpool, England, United Kingdom, Europe",City,Direct,blackpool,53.8167,-3.05,"new place — pin from geonamescache, check it",,y,Paul McCartney,One Hand Clapping – The Backyard (One Hand Clapping Sessions),EP,Paul McCartney & Wings,https://musicbrainz.org/release-group/67a99bff-e5c1-4f6a-828d-7b39871d4376
rock_hall,,2026,Down South,Paul McCartney,,"American South, United States, North America",Continent/Region,Direct,down south,33,-86,,,y,Paul McCartney,The Boys of Dungeon Lane,Album,Paul McCartney,https://musicbrainz.org/release-group/946626a9-1cb2-4a71-a7e5-bc297a8f2633
rock_hall,,1980,"Oh, Marion",Paul Simon,,"Marion, Massachusetts, United States, North America",City,Direct,marion,41.7,-70.763333,,,n — Marion is a person,Paul Simon,One‐Trick Pony,Album,Paul Simon,https://musicbrainz.org/release-group/3fd3b865-5751-3712-a2cd-e7c10cf3bf5a
rock_hall,,1986,Under African Skies,Paul Simon,,Africa,Continent/Region,Demonym,african,1.6508,17.6791,,,y,Paul Simon,Graceland,Album,Paul Simon,https://musicbrainz.org/release-group/19847822-1430-3380-9cf1-bc45545b34ac
rock_hall,,1997,Born in Puerto Rico,Paul Simon,,"Puerto Rico, United States, North America",Country,Direct,puerto rico,18.2208,-66.5901,,,y,Paul Simon,Songs From The Capeman,Album,Paul Simon,https://musicbrainz.org/release-group/b3d73cb7-594f-3245-ab4c-34d2c447beb6
rock_hall,,2006,Puerto Rican Day Parade,Paul Simon,,"Puerto Rico, United States, North America",Country,Demonym,puerto rican,18.2208,-66.5901,,,"? — Broadway cast album: Paul Simon wrote it, the cast may perform it; check",Paul Simon,The Capeman: Original Broadway Cast,Album (soundtrack),Paul Simon,https://musicbrainz.org/release-group/13386dce-4b42-30ab-926d-78c15b651b81
rock_hall,,2008,Santa Cruz,Pearl Jam,,"Santa Cruz, California, United States, North America",City,Direct,santa cruz,36.971944,-122.026389,"term list says 'Santa Cruz, Philippines'; matched the dataset's place of the same name — confirm it's the same place; also in the dataset by The Thrills",,y,Pearl Jam,2008 Fanclub Single,Single,Pearl Jam,https://musicbrainz.org/release-group/2ec5c8ae-0d41-4a6b-a3e7-b9a82c8e8e1d
rock_hall,,2009,Hawaii '78,Pearl Jam,,"Hawaii, United States, North America",State/Region,Direct,hawaii,21.094,-157.498,,,y,Pearl Jam,2009 Fanclub Single,Single,Pearl Jam,https://musicbrainz.org/release-group/159712d0-d286-4d00-a82a-07796e1d84fc
rock_hall,,1994,The Grand Boulevard,Percy Sledge,,"Grand Boulevard, Illinois",City,Direct,grand boulevard,,,,,n — can't be pinned to one Grand Boulevard,Percy Sledge,Blue Night,Album,Percy Sledge,https://musicbrainz.org/release-group/8ca40aca-2fa9-3ba0-aebb-3aa8ecc36bcf
rock_hall,,,Cumberland Mountain Bear Chase,Pete Seeger,,"Cumberland Mountains, Kentucky/Tennessee, United States, North America",Water/Natural Feature,Direct,cumberland,36.75,-83.6,"new place — pin approximate, check it; place changed from 'Cumberland, Rhode Island'; no release date on MusicBrainz — fill in year",,"? — Cumberland Mountains (Kentucky/Tennessee), not Cumberland, Rhode Island",Pete Seeger,Young Vs. Old,Album,Pete Seeger,https://musicbrainz.org/release-group/2e966919-d6ac-48b2-8f81-465201d0f742
rock_hall,,,Goin' to Boston,Pete Seeger,,"Boston, Massachusetts, United States, North America",City,Direct,boston,42.332,-71.0202,no release date on MusicBrainz — fill in year,,y,Pete Seeger,Song and Play Time,Album,Pete Seeger,https://musicbrainz.org/release-group/61037445-5a0d-45de-8ec7-fe5115de728f
rock_hall,,,Great Big House in New Orleans,"Pete Seeger, Mike Seeger and Rev Larry Eisenberg",,"New Orleans, Louisiana, United States, North America",City,Direct,new orleans,30.0686,-89.939,no release date on MusicBrainz — fill in year,,y,Pete Seeger,American Play Parties,Album,"Pete Seeger, Mike Seeger & Rev Larry Eisenberg",https://musicbrainz.org/release-group/800cee31-f669-4a49-8e91-19352751bbb6
rock_hall,,,Ring Around the Rosy/Here We Go Round the Mulberry Bush/London Bridge,Pete Seeger,,"London Bridge, London, England, United Kingdom, Europe",Street/Landmark,Direct,london bridge,51.5079,-0.0877,no release date on MusicBrainz — fill in year,,? — a nursery-rhyme medley ending with London Bridge — your call,Pete Seeger,American Folk Game & Activity Songs,Album,Pete Seeger,https://musicbrainz.org/release-group/d0a438ea-01eb-4b19-8d0f-60c299352e32
rock_hall,,,The Greenland Fisheries,Pete Seeger,,"Greenland, North America",Country,Direct,greenland,64.1814,-51.6941,"new place — pin approximate, check it; no release date on MusicBrainz — fill in year",,y,Pete Seeger,Pete Seeger Sings Folk Music of the World,Album,Pete Seeger,https://musicbrainz.org/release-group/3063169e-5999-49a2-94fc-22f715c02dad
rock_hall,,1950,Danville Girl,Pete Seeger,,"Danville, Virginia, United States, North America",City,Direct,danville,36.586,-79.395,"new place — pin from geonamescache, check it; place changed from 'Danville, California'",,y — the folk song's Danville is in Virginia,Pete Seeger,Darling Corey,Album,Pete Seeger,https://musicbrainz.org/release-group/105d0417-f00b-441c-a917-4491417b0a95
rock_hall,,1950,East Virginia Blues,Pete Seeger,,"Virginia, United States, North America",State/Region,Direct,virginia,37.769,-78.17,,,y,Pete Seeger,Darling Corey,Album,Pete Seeger,https://musicbrainz.org/release-group/105d0417-f00b-441c-a917-4491417b0a95
rock_hall,,1954,Arkansas Traveler,Pete Seeger,,"Arkansas, United States, North America",State/Region,Direct,arkansas,34.7465,-92.2896,"new place — pin approximate, check it",,y,Pete Seeger,Frontier Ballads,Album,Pete Seeger,https://musicbrainz.org/release-group/a3b00cec-0ec6-4ab7-9968-bd04745cb265
rock_hall,,1954,Cumberland Gap,Pete Seeger,,"Cumberland Gap, United States, North America",Water/Natural Feature,Direct,cumberland gap,36.6037,-83.6849,"also in the dataset by Lonnie Donegan, The Vipers Skiffle Group",,y,Pete Seeger,"Frontier Ballads Volume I: Immigrants, The Trek",Album,Pete Seeger,https://musicbrainz.org/release-group/677fab60-4638-4184-971b-3dfc3e82504b
rock_hall,,1954,Greer County Bachelor,Pete Seeger,,"Greer County, Oklahoma, United States, North America",State/Region,Direct,greer,34.94,-99.56,"new place — pin approximate, check it; place changed from 'Greer, South Carolina'",,"? — Greer County, Oklahoma (the folk song), not Greer, South Carolina",Pete Seeger,"Frontier Ballads Volume I: Immigrants, The Trek",Album,Pete Seeger,https://musicbrainz.org/release-group/677fab60-4638-4184-971b-3dfc3e82504b
rock_hall,,1954,Italian Christmas Song,Pete Seeger,,"Italy, Europe",Country,Demonym,italian,41.8919,12.5113,,,y,Pete Seeger,The Pete Seeger Sampler,Album,Pete Seeger,https://musicbrainz.org/release-group/1c19c3d3-12ff-4911-b930-dc22613481ae
rock_hall,,1954,Johnny Comes Down to Hilo,Pete Seeger,,"Hilo, Hawaii, United States, North America",City,Direct,hilo,19.7299,-155.0907,"new place — pin from geonamescache, check it",,"? — the shanty's Hilo may be Hawaii or Ilo, Peru",Pete Seeger,The Pete Seeger Sampler,Album,Pete Seeger,https://musicbrainz.org/release-group/1c19c3d3-12ff-4911-b930-dc22613481ae
rock_hall,,1954,No Irish Need Apply,Pete Seeger,,"Ireland, Europe",Country,Demonym,irish,53.3331,-6.2489,,,y,Pete Seeger,"Frontier Ballads Volume I: Immigrants, The Trek",Album,Pete Seeger,https://musicbrainz.org/release-group/677fab60-4638-4184-971b-3dfc3e82504b
rock_hall,,1954,Spanish And South American Guitar Techniques,Pete Seeger,,"Spain, Europe",Country,Demonym,spanish,40.4165,-3.7026,,,n — instruction/medley track,Pete Seeger,How To Play The 5-String Banjo,Album,Pete Seeger,https://musicbrainz.org/release-group/5fb40a1e-3e8a-4191-9c5e-bceeca45a215
rock_hall,,1954,Spanish And South American Guitar Techniques,Pete Seeger,,"United States, North America",Country,Demonym,american,38.8951,-77.0364,,,n — guitar-instruction track,Pete Seeger,How To Play The 5-String Banjo,Album,Pete Seeger,https://musicbrainz.org/release-group/5fb40a1e-3e8a-4191-9c5e-bceeca45a215
rock_hall,,1954,Spanish Folk Song (Happy Birthday),Pete Seeger,,"Spain, Europe",Country,Demonym,spanish,40.4165,-3.7026,,,y,Pete Seeger,The Pete Seeger Sampler,Album,Pete Seeger,https://musicbrainz.org/release-group/1c19c3d3-12ff-4911-b930-dc22613481ae
rock_hall,,1954,The Trail To Mexico,Pete Seeger,,"Mexico, North America",Country,Direct,mexico,19.4285,-99.1277,,,y,Pete Seeger,"Frontier Ballads Volume I: Immigrants, The Trek",Album,Pete Seeger,https://musicbrainz.org/release-group/677fab60-4638-4184-971b-3dfc3e82504b
rock_hall,,1955,Russian Folk Themes and Yodel,Pete Seeger,,"Russia, Europe",Country,Demonym,russian,55.752,37.6178,,,y,Pete Seeger,Goofing-Off Suite,Album,Pete Seeger,https://musicbrainz.org/release-group/8ccbb791-9c9b-4d90-b69c-fcecdd2cc22f
rock_hall,,1955,The Mexican Blues,Pete Seeger,,"Mexico, North America",Country,Demonym,mexican,19.4285,-99.1277,,,y,Pete Seeger,The Folksinger's Guitar Guide,Album,Pete Seeger,https://musicbrainz.org/release-group/538c1f09-68a2-4abb-8f7c-67bcf0ca1e4e
rock_hall,,1956,He Lies in the American Land,Pete Seeger,,"United States, North America",Country,Demonym,american,38.8951,-77.0364,,,y,Pete Seeger,American Industrial Ballads,Album,Pete Seeger,https://musicbrainz.org/release-group/b60aceec-9c58-3828-997a-c7f32e124f26
rock_hall,,1956,Pittsburgh Town,Pete Seeger,,"Pittsburgh, Pennsylvania, United States, North America",City,Direct,pittsburgh,40.4398,-79.9766,,,y,Pete Seeger,American Industrial Ballads,Album,Pete Seeger,https://musicbrainz.org/release-group/b60aceec-9c58-3828-997a-c7f32e124f26
rock_hall,,1957,Yankee Doodle,Pete Seeger,,"United States, North America",Country,Demonym,yankee,38.8951,-77.0364,place changed from 'Northern United States'; also in the dataset by Vess L. Ossman,,y — as with 'Yankee Doodle' already in the dataset,Pete Seeger,"American Favorite Ballads, Vol. 1",Album,Pete Seeger,https://musicbrainz.org/release-group/63489cbc-dda6-34ba-afcf-02422d880e30
rock_hall,,1958,Alabama Bound,Pete Seeger,,"Alabama, United States, North America",State/Region,Direct,alabama,32.806,-86.791,,,y,Pete Seeger,"American Favorite Ballads, Vol. 2",Album,Pete Seeger,https://musicbrainz.org/release-group/e68a7bd8-560b-46b6-93ef-169b9e8a949a
rock_hall,,1958,Fox Chase,Pete Seeger and Sonny Terry,,"Fox Chase, Pennsylvania",City,Direct,fox chase,,,,,n — Fox Chase is a harmonica tune,Pete Seeger,Pete Seeger and Sonny Terry at Carnegie Hall,Album,Pete Seeger and Sonny Terry,https://musicbrainz.org/release-group/a153348a-8357-45a0-a8f9-d766b321c83e
rock_hall,,1958,Roll on Columbia,Pete Seeger,,"Columbia River, Washington/Oregon, United States, North America",Water/Natural Feature,Direct,columbia,45.65,-121.9,"new place — pin approximate, check it; place changed from 'Columbia, South Carolina'",,y — the Columbia River,Pete Seeger,Gazette,Album,Pete Seeger,https://musicbrainz.org/release-group/40f58479-2380-311f-bca2-4025c4a43dd2
rock_hall,,1958,State of Arkansas,Pete Seeger,,"Arkansas, United States, North America",State/Region,Direct,arkansas,34.7465,-92.2896,"new place — pin approximate, check it",,y,Pete Seeger,Gazette,Album,Pete Seeger,https://musicbrainz.org/release-group/40f58479-2380-311f-bca2-4025c4a43dd2
rock_hall,,1958,The Wild West Is Where I Want to Be,Pete Seeger,,"American West, United States, North America",Continent/Region,Direct,wild west,40,-112,,,y,Pete Seeger,Gazette,Album,Pete Seeger,https://musicbrainz.org/release-group/40f58479-2380-311f-bca2-4025c4a43dd2
rock_hall,,1959,My Home's Across the Smoky Mountains,Pete Seeger and Frank Hamilton,,"Great Smoky Mountains, Tennessee/North Carolina, United States, North America",Water/Natural Feature,Direct,smoky mountains,35.6,-83.5,"new place — pin approximate, check it",,y,Pete Seeger,Nonesuch and Other Folk Tunes,Album,Pete Seeger and Frank Hamilton,https://musicbrainz.org/release-group/f01bc511-6912-46cc-bd89-f514ff7b74b2
rock_hall,,1959,Pygmy Tune (Africa),Pete Seeger and Frank Hamilton,,Africa,Continent/Region,Direct,africa,1.6508,17.6791,,,y,Pete Seeger,Nonesuch and Other Folk Tunes,Album,Pete Seeger and Frank Hamilton,https://musicbrainz.org/release-group/f01bc511-6912-46cc-bd89-f514ff7b74b2
rock_hall,,1959,St. Louis Blues,Pete Seeger,,"St. Louis, Missouri, United States, North America",City,Direct,st louis,38.6357,-90.2446,also in the dataset by Bessie Smith and Louis Armstrong,,y,Pete Seeger,"American Favorite Ballads, Vol. 3",Album,Pete Seeger,https://musicbrainz.org/release-group/e6b9a530-fd5a-472b-ba47-d5d84e88ad08
rock_hall,,1959,Swanee River,Pete Seeger,,"Suwannee River, Georgia/Florida, United States, North America",Water/Natural Feature,Direct,swanee river,30.38,-83.16,also in the dataset by Tommy Dorsey,,y,Pete Seeger,"American Favorite Ballads, Vol. 3",Album,Pete Seeger,https://musicbrainz.org/release-group/e6b9a530-fd5a-472b-ba47-d5d84e88ad08
rock_hall,,1959,The Battle of New Orleans,Pete Seeger and Frank Hamilton,,"New Orleans, Louisiana, United States, North America",City,Direct,new orleans,30.0686,-89.939,"also in the dataset by Harpers Bizarre, Johnny Horton, Lonnie Donegan, The Nitty Gritty Dirt Band, Vaughn Monroe",,y,Pete Seeger,Nonesuch and Other Folk Tunes,Album,Pete Seeger and Frank Hamilton,https://musicbrainz.org/release-group/f01bc511-6912-46cc-bd89-f514ff7b74b2
rock_hall,,1960,Colorado Trail; Spanish Is a Loving Tongue; From Here on Up; Texas Girls; Swarthmore Girls; We Pity Our Boss's Five; The Scabs Crawl In,Pete Seeger,,"Colorado, United States, North America",State/Region,Direct,colorado,39.059,-105.311,,,n — medley of seven folk songs,Pete Seeger,Rainbow Quest / Where Have All the Flowers Gone?,Album,Pete Seeger,https://musicbrainz.org/release-group/8df65c90-d756-4524-a9fd-3ab1a4387a79
rock_hall,,1960,Colorado Trail; Spanish Is a Loving Tongue; From Here on Up; Texas Girls; Swarthmore Girls; We Pity Our Boss's Five; The Scabs Crawl In,Pete Seeger,,"Spain, Europe",Country,Demonym,spanish,40.4165,-3.7026,,,n — instruction/medley track,Pete Seeger,Rainbow Quest / Where Have All the Flowers Gone?,Album,Pete Seeger,https://musicbrainz.org/release-group/8df65c90-d756-4524-a9fd-3ab1a4387a79
rock_hall,,1960,Colorado Trail; Spanish Is a Loving Tongue; From Here on Up; Texas Girls; Swarthmore Girls; We Pity Our Boss's Five; The Scabs Crawl In,Pete Seeger,,"Texas, United States, North America",State/Region,Direct,texas,31.054,-97.563,,,n — a medley,Pete Seeger,Rainbow Quest / Where Have All the Flowers Gone?,Album,Pete Seeger,https://musicbrainz.org/release-group/8df65c90-d756-4524-a9fd-3ab1a4387a79
rock_hall,,1960,We Are Moving on to Victory (From Montgomery Bus Boycott),Pete Seeger,,"Montgomery, Alabama, United States, North America",City,Direct,montgomery,32.36681,-86.29997,,,y,Pete Seeger,Rainbow Quest / Where Have All the Flowers Gone?,Album,Pete Seeger,https://musicbrainz.org/release-group/8df65c90-d756-4524-a9fd-3ab1a4387a79
rock_hall,,1960,Young Charlotte,Pete Seeger,,"Charlotte, North Carolina, United States, North America",City,Direct,charlotte,35.2087,-80.8307,,,n — a person named Charlotte,Pete Seeger,Champlain Valley Songs,Album,Pete Seeger,https://musicbrainz.org/release-group/f0177035-5455-452c-888b-18e8e0d82b5e
rock_hall,,1961,America The Beautiful,Pete Seeger,,"United States, North America",Country,Direct,america,38.8951,-77.0364,"also in the dataset by Elvis Presley, Ray Charles",,y,Pete Seeger,"American Favorite Ballads, Vol. 4",Album,Pete Seeger,https://musicbrainz.org/release-group/9e8c6826-b57f-4fa4-8e12-10b0525a22a9
rock_hall,,1961,Banks Of The Ohio,Pete Seeger,,"Ohio, United States, North America",State/Region,Direct,ohio,40.388,-82.764,also in the dataset by Olivia Newton-John,,y,Pete Seeger,"American Favorite Ballads, Vol. 4",Album,Pete Seeger,https://musicbrainz.org/release-group/9e8c6826-b57f-4fa4-8e12-10b0525a22a9
rock_hall,,1964,The New York J-D Blues,Pete Seeger,,"New York, New York, United States, North America",City,Direct,new york,40.6643,-73.9385,,,y,Pete Seeger,Broadsides: Songs and Ballads,Album,Pete Seeger,https://musicbrainz.org/release-group/24d5e240-74d8-4de2-92e3-aa634621f76b
rock_hall,,1965,Cumberland Bearhunt,Pete Seeger,,"Cumberland Mountains, Kentucky/Tennessee, United States, North America",Water/Natural Feature,Direct,cumberland,36.75,-83.6,"new place — pin approximate, check it; place changed from 'Cumberland, Rhode Island'",,"? — Cumberland Mountains (Kentucky/Tennessee), not Cumberland, Rhode Island",Pete Seeger,Songs of the USA,Album,Pete Seeger,https://musicbrainz.org/release-group/58e43fb8-b124-40dc-9947-3fb116f598e2
rock_hall,,1965,East Virginia,Pete Seeger,,"Virginia, United States, North America",State/Region,Direct,virginia,37.769,-78.17,,,y,Pete Seeger,Songs of the USA,Album,Pete Seeger,https://musicbrainz.org/release-group/58e43fb8-b124-40dc-9947-3fb116f598e2
rock_hall,,1966,My Dirty Stream (The Hudson River Song),Pete Seeger,,"Hudson River, New York, United States, North America",Water/Natural Feature,Direct,the hudson,41.7,-73.95,"new place — pin approximate, check it",,y,Pete Seeger,God Bless the Grass,Album,Pete Seeger,https://musicbrainz.org/release-group/8609436c-180f-3624-a2fa-adb2ce97e8ed
rock_hall,,1968,Deportees (Plane Wreck at Los Gatos),Pete Seeger,,"Los Gatos Canyon, Fresno County, California, United States, North America",Water/Natural Feature,Direct,los gatos,36.18,-120.46,"new place — pin approximate, check it; place changed from 'Los Gatos, California'",,"y — the 1948 crash was in Los Gatos Canyon near Coalinga, not the town of Los Gatos",Pete Seeger,Pete Seeger Sings Woody Guthrie,Album,Pete Seeger,https://musicbrainz.org/release-group/8bc309e4-c13c-4374-b425-29e7546cf37a
rock_hall,,1968,New York City,Pete Seeger,,"New York, New York, United States, North America",City,Direct,new york city,40.6643,-73.9385,also in the dataset by Zwol,,y,Pete Seeger,Pete Seeger Sings Leadbelly,Album,Pete Seeger,https://musicbrainz.org/release-group/e599e6f3-fe4e-48f7-b719-07e504a63cb5
rock_hall,,1971,Last Train to Nuremberg,Pete Seeger,,"Nuremberg, Germany, Europe",City,Direct,nuremberg,49.4542,11.0775,"new place — pin from geonamescache, check it",,y,Pete Seeger,Rainbow Race,Album,Pete Seeger,https://musicbrainz.org/release-group/5b2189e8-e4d1-4b5a-82bf-bc0242fdad00
rock_hall,,1971,The Clearwater,Pete Seeger,,"Clearwater, Florida",City,Direct,clearwater,,,,,"n — the sloop Clearwater, a boat",Pete Seeger,Rainbow Race,Album,Pete Seeger,https://musicbrainz.org/release-group/5b2189e8-e4d1-4b5a-82bf-bc0242fdad00
rock_hall,,1975,Deportee (Plane Wreck At Los Gatos),Arlo Guthrie and Pete Seeger,,"Los Gatos Canyon, Fresno County, California, United States, North America",Water/Natural Feature,Direct,los gatos,36.18,-120.46,"new place — pin approximate, check it; place changed from 'Los Gatos, California'",,"y — the 1948 crash was in Los Gatos Canyon near Coalinga, not the town of Los Gatos",Pete Seeger,Pete Seeger & Arlo Guthrie Together In Concert,Album,Arlo Guthrie & Pete Seeger,https://musicbrainz.org/release-group/70b6654b-d4d5-43ce-8aee-913d757fa3e1
rock_hall,,1976,Fifty Sail on Newburgh Bay,Pete Seeger and Ed Renehan,,"Newburgh, New York, United States, North America",City,Direct,newburgh,41.5034,-74.0104,"new place — pin from geonamescache, check it",,y,Pete Seeger,Fifty Sail on Newburgh Bay,Album,Pete Seeger & Ed Renehan,https://musicbrainz.org/release-group/7493abf7-9aff-4b51-8e23-bf7c939f921f
rock_hall,,1976,Hudson River Steamboat,Pete Seeger and Ed Renehan,,"Hudson River, New York, United States, North America",Water/Natural Feature,Direct,hudson river,41.7,-73.95,"new place — pin approximate, check it",,y,Pete Seeger,Fifty Sail on Newburgh Bay,Album,Pete Seeger & Ed Renehan,https://musicbrainz.org/release-group/7493abf7-9aff-4b51-8e23-bf7c939f921f
rock_hall,,1976,The Burning of Kingston,Pete Seeger and Ed Renehan,,"Kingston, New York, United States, North America",City,Direct,kingston,41.927,-73.9974,"new place — pin from geonamescache, check it; place changed from 'Kingston, Jamaica, North America'",,"y — the 1777 burning of Kingston, New York",Pete Seeger,Fifty Sail on Newburgh Bay,Album,Pete Seeger & Ed Renehan,https://musicbrainz.org/release-group/7493abf7-9aff-4b51-8e23-bf7c939f921f
rock_hall,,1976,The Hudson Whalers,Pete Seeger and Ed Renehan,,"Hudson River, New York, United States, North America",Water/Natural Feature,Direct,the hudson,41.7,-73.95,"new place — pin approximate, check it",,y,Pete Seeger,Fifty Sail on Newburgh Bay,Album,Pete Seeger & Ed Renehan,https://musicbrainz.org/release-group/7493abf7-9aff-4b51-8e23-bf7c939f921f
rock_hall,,1976,The Phoenix and the Rose,Pete Seeger and Ed Renehan,,"Phoenix, Arizona, United States, North America",City,Direct,phoenix,33.5722,-112.088,,,"n — the phoenix, the bird",Pete Seeger,Fifty Sail on Newburgh Bay,Album,Pete Seeger & Ed Renehan,https://musicbrainz.org/release-group/7493abf7-9aff-4b51-8e23-bf7c939f921f
rock_hall,,1996,Russian Song,Pete Seeger,,"Russia, Europe",Country,Demonym,russian,55.752,37.6178,,,y,Pete Seeger,Pete,Album,Pete Seeger,https://musicbrainz.org/release-group/de6f7e5c-8070-3c75-bf02-338dd33d20b2
rock_hall,,2010,English is Cuh-ray-zee,Pete Seeger,,"England, United Kingdom, Europe",Country,Demonym,english,51.5074,-0.1278,,,n — English the language,Pete Seeger,Tomorrow's Children,Album,Pete Seeger,https://musicbrainz.org/release-group/9504e52f-be66-4733-bed3-9b0f903234c2
rock_hall,,2011,Washington Breakdown,Pete Seeger,,"Washington Square, New York, New York, United States, North America",Street/Landmark,Direct,washington,40.7308,-73.9973,,,? — which Washington? (not Washington Square) check,Pete Seeger,Buffalo Girls,Album,Pete Seeger,https://musicbrainz.org/release-group/5fcdd987-af5a-4321-9fc9-9e043e471b14
rock_hall,,1975,Nassau,Peter Frampton,,"Nassau, Bahamas, North America",City,Direct,nassau,25.0582,-77.3431,,,y,Peter Frampton,Frampton,Album,Peter Frampton,https://musicbrainz.org/release-group/f4e977f7-4ae9-37e0-9876-640f30e17602
rock_hall,,2003,Cleveland,Peter Frampton,,"Cleveland, Ohio, United States, North America",City,Direct,cleveland,41.4781,-81.6795,also in the dataset by Taylor Swift,,y,Peter Frampton,Now,Album,Peter Frampton,https://musicbrainz.org/release-group/5a6cca95-1f0b-3733-a4c7-0072a96c1af6
rock_hall,,1982,San Jacinto,Peter Gabriel,,"San Jacinto, California, United States, North America",City,Direct,san jacinto,33.7839,-116.9586,"new place — pin from geonamescache, check it",,y,Peter Gabriel,Peter Gabriel,Album,Peter Gabriel,https://musicbrainz.org/release-group/dcbb0d02-9d95-3234-8389-44e15e8e955e
rock_hall,,1985,Powerhouse at the Foot of the Mountain (from San Jacinto),Peter Gabriel,,"San Jacinto, California",City,Direct,san jacinto,,,,,n — an excerpt credited 'from San Jacinto',Peter Gabriel,Birdy: Music From the Film,Album (soundtrack),Peter Gabriel,https://musicbrainz.org/release-group/7f24e109-42d7-3e55-b684-1452550d89b7
rock_hall,,2002,Go Away Mr. Evans,Peter Gabriel,,"Evans, Georgia",City,Direct,evans,,,,,n — a person named Evans,Peter Gabriel,Long Walk Home: Music From the Rabbit‐Proof Fence,Album (soundtrack),Peter Gabriel,https://musicbrainz.org/release-group/e60cf7f6-b55f-3f43-8aa7-df75a6ab8ec0
rock_hall,,2010,Philadelphia,Peter Gabriel,,"Philadelphia, Pennsylvania, United States, North America",City,Direct,philadelphia,40.0094,-75.1333,"also in the dataset by B.B. King, Neil Young",,y,Peter Gabriel,Scratch My Back,Album,Peter Gabriel,https://musicbrainz.org/release-group/359451df-3a5c-4c74-ac64-2e2bf1bcfeba
rock_hall,,1982,Like China,Phil Collins,,"China, Asia",Country,Direct,china,39.9075,116.3972,,,n — china means porcelain here,Phil Collins,"Hello, I Must Be Going!",Album,Phil Collins,https://musicbrainz.org/release-group/5143705a-f34a-3e92-96e9-cff32308a508
rock_hall,,1989,Another Day in Paradise,Phil Collins,,"Paradise, Kentucky, United States, North America",City,Direct,paradise,37.268056,-86.983611,UK chart but a little-used US place — check it isn't a British namesake,,"n — paradise as in heaven or bliss, not Paradise, Kentucky",Phil Collins,Another Day in Paradise,Single,Phil Collins,https://musicbrainz.org/release-group/4f2e9695-245c-3024-87ac-32c18c1a427f
rock_hall,,1990,Broadway Chorus,Phil Collins,,"Broadway, New York, New York, United States, North America",Street/Landmark,Direct,broadway,40.759,-73.9845,,,y,Phil Collins,That’s Just the Way It Is,Single,Phil Collins,https://musicbrainz.org/release-group/96b3f51d-b271-46f5-ae59-bb16c645bd2d
rock_hall,,1999,Sano pois,Phil Collins,,"Sano, Japan",City,Direct,sano,,,,,n — not a place,Phil Collins,Tarzan,Album (soundtrack),Phil Collins,https://musicbrainz.org/release-group/4e34b2d5-3187-4a9d-910d-3142750b813b
rock_hall,,1968,Careful With That Axe Eugene,Pink Floyd,,"Eugene, Oregon, United States, North America",City,Direct,eugene,44.05207,-123.08675,UK chart but a little-used US place — check it isn't a British namesake,,n — a person named Eugene,Pink Floyd,Point Me at the Sky / Careful With That Axe Eugene,Single,Pink Floyd,https://musicbrainz.org/release-group/68a5607b-ce07-39d0-a301-014c4ce40d5d
rock_hall,,1969,A Spanish Piece,Pink Floyd,,"Spain, Europe",Country,Demonym,spanish,40.4165,-3.7026,,,y,Pink Floyd,More,Album (soundtrack),Pink Floyd,https://musicbrainz.org/release-group/43d42d00-46fb-3d9c-9612-03d30fb20307
rock_hall,,1969,Ibiza Bar,Pink Floyd,,"Ibiza, Spain, Europe",City,Direct,ibiza,38.90883,1.43296,,,y,Pink Floyd,More,Album (soundtrack),Pink Floyd,https://musicbrainz.org/release-group/43d42d00-46fb-3d9c-9612-03d30fb20307
rock_hall,,1969,The Nile Song,Pink Floyd,,"Nile River, Africa",Water/Natural Feature,Direct,the nile,25.6872,32.6396,,,y,Pink Floyd,More,Album (soundtrack),Pink Floyd,https://musicbrainz.org/release-group/43d42d00-46fb-3d9c-9612-03d30fb20307
rock_hall,,1983,Southampton Dock,Pink Floyd,,"Southampton, England, United Kingdom, Europe",City,Direct,southampton,50.90395,-1.40428,,,y,Pink Floyd,The Final Cut,Album,Pink Floyd,https://musicbrainz.org/release-group/e8b7e7a3-ef56-34a5-bedf-085783c9a076
rock_hall,,2015,Walk With Me Sydney,Pink Floyd,,"Sydney, Australia, Oceania",City,Direct,sydney,-33.8678,151.2073,"new place — pin from geonamescache, check it",,? — Walk With Me Sydney — Sydney may be a person,Pink Floyd,1965: Their First Recordings,EP,Pink Floyd,https://musicbrainz.org/release-group/8cfe1674-1fd4-45d4-ad2d-b30951d07a59
rock_hall,,1981,"Ronnie, Talk to Russia",Prince,,"Russia, Europe",Country,Direct,russia,55.752,37.6178,,,y,Prince,Controversy,Album,Prince,https://musicbrainz.org/release-group/7263636b-ca20-3598-8ec0-bc1b52c9b958
rock_hall,,1982,All the Critics Love U in New York,Prince,,"New York, New York, United States, North America",City,Direct,new york,40.6643,-73.9385,,,y,Prince,1999,Album,Prince,https://musicbrainz.org/release-group/561be5b7-a39c-3866-859d-d86f30816ae7
rock_hall,,1986,Alexa de Paris,Prince And The Revolution,,"Paris, France, Europe",City,Direct,paris,48.8534,2.3488,,,y,Prince,Mountains,Single,Prince and The Revolution,https://musicbrainz.org/release-group/38552678-ddfc-3136-9990-8bbe2c0657b8
rock_hall,,1989,2 Nigs United 4 West Compton,Prince,,"Compton, California, United States, North America",City,Direct,compton,33.8926,-118.2274,,,y,Prince,[The Black Album],Album,Prince,https://musicbrainz.org/release-group/97327d7f-f905-339c-8b04-73dadbffa829
rock_hall,,1995,Rock 'n' Roll Is Alive (And It Lives in Minneapolis),Prince,,"Minneapolis, Minnesota, United States, North America",City,Direct,minneapolis,44.9778,-93.2650,,,y,Prince,Gold,Single,Prince,https://musicbrainz.org/release-group/940218ec-64ef-4f85-8b25-45ad7a9bdfa4
rock_hall,,1998,Barcelona,Prince,,"Barcelona, Spain, Europe",City,Direct,barcelona,41.3888,2.159,"also in the dataset by D Kay and Epsilon ft. Stamina MC, Ed Sheeran, Freddie Mercury and Montserrat Caballe, Russell Watson and Shaun Ryder",,y,Prince,Crystal Ball,Album,Prince,https://musicbrainz.org/release-group/ed05e08e-91ba-30a3-8ddb-e67f308dc0d0
rock_hall,,1998,Calhoun Square,Prince,,"Calhoun Square, Minneapolis, Minnesota, United States, North America",Street/Landmark,Direct,calhoun,44.9486,-93.2985,"new place — pin approximate, check it; place changed from 'Calhoun, Georgia'",,"? — Calhoun Square is a Minneapolis mall, not Calhoun, Georgia",Prince,Crystal Ball,Album,Prince,https://musicbrainz.org/release-group/ed05e08e-91ba-30a3-8ddb-e67f308dc0d0
rock_hall,,2007,Chelsea Rodgers,Prince,,"Chelsea, New York, New York, United States, North America",Neighborhood/District,Direct,chelsea,40.7465,-74.0014,,,n — a person,Prince,Chelsea Rodgers,Single,Prince,https://musicbrainz.org/release-group/1cf78105-9dc4-4a35-9ada-c3fd83d4fdcc
rock_hall,,2015,Baltimore,Prince,,"Baltimore, Maryland, United States, North America",City,Direct,baltimore,39.3002,-76.6105,"also in the dataset by Photek, Randy Newman",,y,Prince,HITnRUN Phase Two,Album,Prince,https://musicbrainz.org/release-group/653b574c-588d-4242-a017-29c922c6d7a9
rock_hall,,2021,Welcome 2 America,Prince,,"United States, North America",Country,Direct,america,38.8951,-77.0364,may be the same song as 'America' already in the dataset,,y,Prince,Welcome 2 America,Single,Prince,https://musicbrainz.org/release-group/900d0414-f246-4101-8514-7846336642b7
rock_hall,,2024,United States of Division,Prince,,"United States, North America",Country,Direct,united states,38.8951,-77.0364,,,y,Prince,United States of Division,Single,Prince,https://musicbrainz.org/release-group/a32fc4eb-8d6a-4a76-8b3a-a1a8336fb130
rock_hall,,1990,Burn Hollywood Burn,Public Enemy,,"Hollywood, California, United States, North America",Neighborhood/District,Direct,hollywood,34.0928,-118.3287,,,y,Public Enemy,Fear of a Black Planet,Album,Public Enemy,https://musicbrainz.org/release-group/13cf2244-c850-304d-bc46-b30e3f10e0cc
rock_hall,,1991,A Letter to the New York Post,Public Enemy,,"New York, New York, United States, North America",City,Direct,new york,40.6643,-73.9385,,,"n — the New York Post, a newspaper",Public Enemy,Apocalypse 91… The Enemy Strikes Black,Album,Public Enemy,https://musicbrainz.org/release-group/b21f49a6-cd5f-3783-9302-6a727121e787
rock_hall,,2002,The Making of Burn Hollywood Burn,Public Enemy ft. Big Daddy Kane,,"Hollywood, California, United States, North America",Neighborhood/District,Direct,hollywood,34.0928,-118.3287,,,n — a making-of track,Public Enemy,Revolverlution,Album,Public Enemy feat. Big Daddy Kane,https://musicbrainz.org/release-group/8cd9d98f-9930-3a2d-bcf7-74906007d875
rock_hall,,2012,Hoover Music,Public Enemy,,"Hoover, Alabama",City,Direct,hoover,,,,,"n — J. Edgar Hoover, not Hoover, Alabama",Public Enemy,Most of My Heroes Still Don’t Appear on No Stamp,Album,Public Enemy,https://musicbrainz.org/release-group/8afb43e9-9abe-440f-a7f6-92636b4d6558
rock_hall,,1974,Brighton Rock,Queen,,"Brighton, England, United Kingdom, Europe",City,Direct,brighton,50.8284,-0.1395,,,y,Queen,Sheer Heart Attack,Album,Queen,https://musicbrainz.org/release-group/002ed683-3327-3df0-88c8-318746089925
rock_hall,,1989,Chinese Torture,Queen,,"China, Asia",Country,Demonym,chinese,39.9075,116.3972,,,n — 'Chinese torture' is an idiom,Queen,The Miracle,Album,Queen,https://musicbrainz.org/release-group/0c3067cd-0fc6-34fa-8611-cf3324b29c8a
rock_hall,,1995,Rock in Rio Blues,Queen,,"Rio de Janeiro, Brazil, South America",City,Direct,rio,-22.9064,-43.1822,,,y,Queen,Too Much Love Will Kill You,Single,Queen,https://musicbrainz.org/release-group/e98c4ea8-24d2-4543-b6d4-b1a16e6456a2
rock_hall,,1998,Brownsville,Queen Latifah,,"Brownsville, Brooklyn, New York, New York, United States, North America",Neighborhood/District,Direct,brownsville,40.663,-73.91,"new place — pin approximate, check it; place changed from 'Brownsville, Texas, United States, North America'; also in the dataset by Joy of Cooking",,"? — Queen Latifah's Brownsville is probably Brownsville, Brooklyn, not Texas",Queen Latifah,Order in the Court,Album,Queen Latifah,https://musicbrainz.org/release-group/fd7bda5b-eafc-38cf-971d-8e3c5f8b9a08
rock_hall,,2004,California Dreamin’,Queen Latifah,,"California, United States, North America",State/Region,Direct,california,36.116,-119.682,"also in the dataset by America, Bobby Womack, Colorado, High Jinx, River City People, Royal Gigolos, Sia, The Beach Boys, The Mamas & The Papas",,y,Queen Latifah,The Dana Owens Album,Album,Queen Latifah,https://musicbrainz.org/release-group/e71579a6-cfd7-37a6-8a56-e223e3388a42
rock_hall,,1984,7 Chinese Bros.,R.E.M.,,"China, Asia",Country,Demonym,chinese,39.9075,116.3972,,,? — demonym in an object/story name — your call,R.E.M.,Reckoning,Album,R.E.M.,https://musicbrainz.org/release-group/eec55734-1387-3aa3-af3d-ff0ae8083806
rock_hall,,1984,Little America,R.E.M.,,"United States, North America",Country,Direct,america,38.8951,-77.0364,,,y,R.E.M.,Reckoning,Album,R.E.M.,https://musicbrainz.org/release-group/eec55734-1387-3aa3-af3d-ff0ae8083806
rock_hall,,1986,The Flowers of Guatemala,R.E.M.,,"Guatemala, North America",Country,Direct,guatemala,14.6407,-90.5133,,,y,R.E.M.,Lifes Rich Pageant,Album,R.E.M.,https://musicbrainz.org/release-group/8b6b2628-7bd4-3fed-9d65-cf4e5dc45939
rock_hall,,1987,Lightnin’ Hopkins,R.E.M.,,"Hopkins, Minnesota",City,Direct,hopkins,,,,,"n — Lightnin' Hopkins, a person",R.E.M.,Document,Album,R.E.M.,https://musicbrainz.org/release-group/137385b2-b4cc-385e-9d59-781e7674f5bc
rock_hall,,1988,I Remember California,R.E.M.,,"California, United States, North America",State/Region,Direct,california,36.116,-119.682,,,y,R.E.M.,Green,Album,R.E.M.,https://musicbrainz.org/release-group/16a9cef3-b470-3ae1-bf10-cc04232d3e21
rock_hall,,1988,Memphis Train Blues (The Eleventh Untitled Song),R.E.M.,,"Memphis, Tennessee, United States, North America",City,Direct,memphis,35.1035,-89.9785,,,y,R.E.M.,Orange Crush,Single,R.E.M.,https://musicbrainz.org/release-group/a68bb53b-2c59-3235-abc4-993198f4d52a
rock_hall,,1991,Texarkana,R.E.M.,,"Texarkana, Texas, United States, North America",City,Direct,texarkana,33.437222,-94.0675,,,y,R.E.M.,Texarkana,Single,R.E.M.,https://musicbrainz.org/release-group/2bee07d0-e2c1-4413-9514-19b61304ab64
rock_hall,,1992,New Orleans Instrumental No. 1,R.E.M.,,"New Orleans, Louisiana, United States, North America",City,Direct,new orleans,30.0686,-89.939,,,y,R.E.M.,Automatic for the People,Album,R.E.M.,https://musicbrainz.org/release-group/c86c6af9-d10e-3079-b34b-30b682a797eb
rock_hall,,1994,Christmas in Tunisia,R.E.M.,,"Tunisia, Africa",Country,Direct,tunisia,36.8188,10.1658,,,y,R.E.M.,1994 Fanclub Single,Single,R.E.M.,https://musicbrainz.org/release-group/03e4aa0f-9085-3e5c-80a7-352001997140
rock_hall,,1996,Only in America,R.E.M.,,"United States, North America",Country,Direct,america,38.8951,-77.0364,"also in the dataset by Brooks & Dunn, Jay & The Americans",,y,R.E.M.,1996 Fanclub Single,Single,R.E.M.,https://musicbrainz.org/release-group/f5e1eeb3-37c9-3f9d-8089-72805b930de7
rock_hall,,1996,Tricycle (St. Louis soundcheck),R.E.M.,,"St. Louis, Missouri, United States, North America",City,Direct,st louis,38.6357,-90.2446,,,n — St. Louis only in a soundcheck note,R.E.M.,E‐Bow the Letter,Single,R.E.M.,https://musicbrainz.org/release-group/8dd2cfce-1518-48b0-b9de-761d07e3a37c
rock_hall,,1996,Wall of Death (Athens studio),R.E.M.,,"Athens, Greece, Europe",City,Direct,athens,37.9838,23.7278,,,n — Athens only in a session note,R.E.M.,E‐Bow the Letter,Single,R.E.M.,https://musicbrainz.org/release-group/8dd2cfce-1518-48b0-b9de-761d07e3a37c
rock_hall,,1996,Wichita Lineman,R.E.M.,,"Wichita, Kansas, United States, North America",City,Direct,wichita,37.6907,-97.3427,"also in the dataset by Glen Campbell, Sergio Mendes & Brasil '66",,y,R.E.M.,Bittersweet Me,Single,R.E.M.,https://musicbrainz.org/release-group/d06fef76-f086-3df7-a0db-ab973f034880
rock_hall,,1997,Sponge (Chicago Dressing Room),R.E.M.,,"Chicago, Illinois, United States, North America",City,Direct,chicago,41.8376,-87.6818,,,n — Chicago only in a session note,R.E.M.,How the West Was Won and Where It Got Us,Single,R.E.M.,https://musicbrainz.org/release-group/4fed51e5-f303-3d66-a47f-30d24bc63432
rock_hall,,2003,South Central Rain,R.E.M.,,"South Central, Los Angeles, California, United States",Neighborhood/District,Direct,south central,,,,,n — not South Central Los Angeles,R.E.M.,"Vancouver Rehearsal Tapes - May 10, 2003",EP,R.E.M.,https://musicbrainz.org/release-group/49ef152d-2fab-49eb-96f1-7a026b9c19c8
rock_hall,,2025,Radio Free Europe (Jacknife Lee remix,R.E.M.,,Europe,Continent/Region,Direct,europe,54.526,15.2551,may be the same song as 'Radio Free Europe' already in the dataset,,"n — remix of 'Radio Free Europe', already in the dataset",R.E.M.,Radio Free Europe 2025,EP,R.E.M.,https://musicbrainz.org/release-group/465aecaa-0922-47e8-95b3-a282a775f024
rock_hall,,1995,India Rubber,Radiohead,,"India, Asia",Country,Direct,india,28.62137,77.2148,,,"n — India rubber, the material",Radiohead,Fake Plastic Trees,Single,Radiohead,https://musicbrainz.org/release-group/78690342-5a02-382c-9778-6b1c3dd741a2
rock_hall,,1998,Palo Alto,Radiohead,,"Palo Alto, California, United States, North America",City,Direct,palo alto,37.4419,-122.143,"new place — pin from geonamescache, check it",,y,Radiohead,Airbag / How Am I Driving?,EP,Radiohead,https://musicbrainz.org/release-group/7b39ccb5-b49c-37e1-80ec-5ac0b2a89fe4
rock_hall,,1970,Old Kentucky Home,Randy Newman,,"Kentucky, United States, North America",State/Region,Direct,kentucky,37.668,-84.67,,,y,Randy Newman,Yellow Man,Single,Randy Newman,https://musicbrainz.org/release-group/6a43a151-685a-48a2-bdc5-6b7275dabee2
rock_hall,,1970,Underneath the Harlem Moon,Randy Newman,,"Harlem, New York, New York, United States, North America",Neighborhood/District,Direct,harlem,40.8116,-73.9465,,,y,Randy Newman,12 Songs,Album,Randy Newman,https://musicbrainz.org/release-group/b64e15f7-884e-3f49-a2cf-b07894c4a624
rock_hall,,1972,"Dayton, Ohio - 1903",Randy Newman,,"Dayton, Ohio, United States, North America",City,Direct,dayton,39.7589,-84.1916,"new place — pin from geonamescache, check it",,y,Randy Newman,Sail Away,Album,Randy Newman,https://musicbrainz.org/release-group/d1c0b3db-6b93-3b9d-9479-0d60486120cb
rock_hall,,1972,"Dayton, Ohio - 1903",Randy Newman,,"Ohio, United States, North America",State/Region,Direct,ohio,40.388,-82.764,,,"n — Dayton, Ohio row covers this title",Randy Newman,Sail Away,Album,Randy Newman,https://musicbrainz.org/release-group/d1c0b3db-6b93-3b9d-9479-0d60486120cb
rock_hall,,1972,My Old Kentucky Home,Randy Newman,,"Kentucky, United States, North America",State/Region,Direct,kentucky,37.668,-84.67,also in the dataset by Bing Crosby,,y,Randy Newman,My Old Kentucky Home,Single,Randy Newman,https://musicbrainz.org/release-group/4b225786-077d-40af-86fb-e96fcbe44403
rock_hall,,1974,Birmingham,Randy Newman,,"Birmingham, Alabama, United States, North America",City,Direct,birmingham,33.5274,-86.799,also in the dataset by Amanda Marshall,,y,Randy Newman,Birmingham / Naked Man,Single,Randy Newman,https://musicbrainz.org/release-group/300e7f5c-f40c-4c5f-b162-f58e2f9a6a62
rock_hall,,1977,In Germany Before the War,Randy Newman,,"Germany, Europe",Country,Direct,germany,52.52437,13.41053,,,y,Randy Newman,Little Criminals,Album,Randy Newman,https://musicbrainz.org/release-group/8211ba5c-b994-3546-b735-a05106b67052
rock_hall,,1977,Sigmund Freud's Impersonation of Albert Einstein in America,Randy Newman,,"United States, North America",Country,Direct,america,38.8951,-77.0364,,,y,Randy Newman,Sigmund Freud's Impersonation of Albert Einstein in America,Single,Randy Newman,https://musicbrainz.org/release-group/696e4621-7b57-4e83-834e-094452ecac73
rock_hall,,1977,Texas Girl at the Funeral of Her Father,Randy Newman,,"Texas, United States, North America",State/Region,Direct,texas,31.054,-97.563,,,y,Randy Newman,Little Criminals,Album,Randy Newman,https://musicbrainz.org/release-group/8211ba5c-b994-3546-b735-a05106b67052
rock_hall,,1981,Atlantic City,Randy Newman,,"Atlantic City, New Jersey, United States, North America",City,Direct,atlantic city,39.36415,-74.42306,also in the dataset by Bruce Springsteen,,y,Randy Newman,Ragtime,Album (soundtrack),Randy Newman,https://musicbrainz.org/release-group/dd5a98d9-931b-3281-87e6-3c57078eacd6
rock_hall,,1983,Christmas in Cape Town,Randy Newman,,"Cape Town, South Africa, Africa",City,Direct,cape town,-33.9258,18.4232,"new place — pin from geonamescache, check it",,y,Randy Newman,Trouble in Paradise,Album,Randy Newman,https://musicbrainz.org/release-group/0a5a18d0-c6e9-3404-8aa5-bb0738df1f2b
rock_hall,,1983,Miami,Randy Newman,,"Miami, Florida, United States, North America",City,Direct,miami,25.7752,-80.2086,"also in the dataset by Baxter Dury, Bob Seger, Eugene Church, Morgan Wallen ft. Lil Wayne and Rick Ross, Tory Lanez ft. Gunna, Will Smith",,y,Randy Newman,Trouble in Paradise,Album,Randy Newman,https://musicbrainz.org/release-group/0a5a18d0-c6e9-3404-8aa5-bb0738df1f2b
rock_hall,,1988,Dixie Flyer,Randy Newman,,"American South, United States, North America",Continent/Region,Nickname,dixie,33,-86,,,y,Randy Newman,Land of Dreams,Album,Randy Newman,https://musicbrainz.org/release-group/972a5398-b8b6-3292-9148-42fa63f961f6
rock_hall,,1988,New Orleans Wins the War,Randy Newman,,"New Orleans, Louisiana, United States, North America",City,Direct,new orleans,30.0686,-89.939,,,y,Randy Newman,Land of Dreams,Album,Randy Newman,https://musicbrainz.org/release-group/972a5398-b8b6-3292-9148-42fa63f961f6
rock_hall,,1994,Joseph & The Russian,Randy Newman,,"Russia, Europe",Country,Demonym,russian,55.752,37.6178,,,y,Randy Newman,Maverick,Album (soundtrack),Randy Newman,https://musicbrainz.org/release-group/e98ebdd7-c8a0-3829-9571-990fdbb8c203
rock_hall,,1995,Gainesville,Randy Newman,,"Gainesville, Florida, United States, North America",City,Direct,gainesville,29.65163,-82.32483,,,y,Randy Newman,Randy Newman’s Faust,Album,Randy Newman,https://musicbrainz.org/release-group/4fa2347c-2931-3112-872b-6e63579db348
rock_hall,,1996,El Empire State,Randy Newman,,"New York, New York, United States, North America",City,Nickname,empire state,40.6643,-73.9385,,,n — Spanish-language version of 'Empire State Building',Randy Newman,James y el melocotón gigante: Banda sonora original y en español,Album (soundtrack),Randy Newman,https://musicbrainz.org/release-group/e65efe51-9c7f-451f-9170-57e7e74a9862
rock_hall,,1996,Empire State Building,Randy Newman,,"New York, New York, United States, North America",City,Nickname,empire state,40.6643,-73.9385,,,y,Randy Newman,James and the Giant Peach,Album (soundtrack),Randy Newman,https://musicbrainz.org/release-group/fcf82798-8905-3fb4-9f7b-a9b652677b0c
rock_hall,,1996,New York City,Randy Newman,,"New York, New York, United States, North America",City,Direct,new york city,40.6643,-73.9385,also in the dataset by Zwol,,y,Randy Newman,James and the Giant Peach,Album (soundtrack),Randy Newman,https://musicbrainz.org/release-group/fcf82798-8905-3fb4-9f7b-a9b652677b0c
rock_hall,,1996,Spiker and Sponge Come to America,Randy Newman,,"United States, North America",Country,Direct,america,38.8951,-77.0364,,,y,Randy Newman,James and the Giant Peach,Album (soundtrack),Randy Newman,https://musicbrainz.org/release-group/fcf82798-8905-3fb4-9f7b-a9b652677b0c
rock_hall,,1996,Tía Spiker y Tía Sponge vienen a América,Randy Newman,,"United States, North America",Country,Direct,america,38.8951,-77.0364,,,n — Spanish-language version of 'Spiker and Sponge Come to America',Randy Newman,James y el melocotón gigante: Banda sonora original y en español,Album (soundtrack),Randy Newman,https://musicbrainz.org/release-group/e65efe51-9c7f-451f-9170-57e7e74a9862
rock_hall,,1998,The Pleasantville Theme,Randy Newman,,"Pleasantville, New Jersey",City,Direct,pleasantville,,,,,"n — Pleasantville, the film",Randy Newman,Pleasantville (Original Motion Picture Score),Album (soundtrack),Randy Newman,https://musicbrainz.org/release-group/b966f8d8-b320-3336-86e8-43d6b5afdd15
rock_hall,,1999,The Great Nations of Europe,Randy Newman,,Europe,Continent/Region,Direct,europe,54.526,15.2551,,,y,Randy Newman,Bad Love,Album,Randy Newman,https://musicbrainz.org/release-group/3a1ac488-ddd1-3039-b715-b99294ec4ad1
rock_hall,,2001,Agua Caliente,Randy Newman,,"Agua Caliente, California, United States, North America",City,Direct,agua caliente,32.53,-117.02,"new place — pin approximate, check it",,? — Agua Caliente could be the Tijuana racetrack or a California town — check,Randy Newman,Seabiscuit,Album (soundtrack),Randy Newman,https://musicbrainz.org/release-group/dd4ece1d-9458-3657-a944-d2a995bbf40e
rock_hall,,2007,Washington Post March,Randy Newman,,"Washington Square, New York, New York, United States, North America",Street/Landmark,Direct,washington,40.7308,-73.9973,,,"n — the Washington Post March, named for a newspaper",Randy Newman,Cold Turkey,Album (soundtrack),Randy Newman,https://musicbrainz.org/release-group/d384dfbb-07d5-404c-bb8e-7a6a8b38d850
rock_hall,,2008,Good Old Princeton: The College Game,Randy Newman,,"Princeton, New Jersey, United States, North America",City,Direct,princeton,40.3573,-74.6672,"new place — pin approximate, check it; place changed from 'Princeton, Florida'",,"y — Princeton University, New Jersey",Randy Newman,Leatherheads,Album (soundtrack),Randy Newman,https://musicbrainz.org/release-group/2ffe89fb-7250-3eeb-9b32-e8c77c605dbc
rock_hall,,2008,How One Longs for Princeton,Randy Newman,,"Princeton, New Jersey, United States, North America",City,Direct,princeton,40.3573,-74.6672,"new place — pin approximate, check it; place changed from 'Princeton, Florida'",,"y — Princeton University, New Jersey",Randy Newman,Leatherheads,Album (soundtrack),Randy Newman,https://musicbrainz.org/release-group/2ffe89fb-7250-3eeb-9b32-e8c77c605dbc
rock_hall,,2008,Korean Parents,Randy Newman,,"Korea, Asia",Country,Demonym,korean,37.566,126.9784,,,y,Randy Newman,Harps and Angels,Album,Randy Newman,https://musicbrainz.org/release-group/f39d30d8-cc09-38a7-b18b-25246aaf9226
rock_hall,,2008,The Princeton Tiger,Randy Newman,,"Princeton, New Jersey, United States, North America",City,Direct,princeton,40.3573,-74.6672,"new place — pin approximate, check it; place changed from 'Princeton, Florida'",,"y — Princeton University, New Jersey",Randy Newman,Leatherheads,Album (soundtrack),Randy Newman,https://musicbrainz.org/release-group/2ffe89fb-7250-3eeb-9b32-e8c77c605dbc
rock_hall,,2010,Spanish Buzz,Randy Newman,,"Spain, Europe",Country,Demonym,spanish,40.4165,-3.7026,,,y,Randy Newman,Toy Story 3,Album (soundtrack),Randy Newman,https://musicbrainz.org/release-group/c2e0f415-beb5-42d8-a169-f8f101c73d6d
rock_hall,,2010,Sunnyside,Randy Newman,,"Sunnyside, New York",City,Direct,sunnyside,,,,,"n — the sunny side, not Sunnyside, New York",Randy Newman,Toy Story 3,Album (soundtrack),Randy Newman,https://musicbrainz.org/release-group/c2e0f415-beb5-42d8-a169-f8f101c73d6d
rock_hall,,2014,"Family Album: Homage to Alfred, Emil and Lionel Newman: III. Carmen Miranda: ""How Many Times Do I Have to Tell You I'm Not Mexican!""",Randy Newman,,"Mexico, North America",Country,Demonym,mexican,19.4285,-99.1277,,,? — a demonym inside a quoted line — your call,Randy Newman,Montage: Great Film Composers and The Piano,Album,Randy Newman,https://musicbrainz.org/release-group/1a236696-e088-44b6-ba09-374b8cd06d66
rock_hall,,2017,The Whitney,Randy Newman,,"Whitney, Nevada",City,Direct,whitney,,,,,"n — not Whitney, Nevada",Randy Newman,The Meyerowitz Stories (New and Selected),Album (soundtrack),Randy Newman,https://musicbrainz.org/release-group/8def86ca-3cdc-44b8-8383-3736c96b76d2
rock_hall,,2017,To China,Randy Newman,,"China, Asia",Country,Direct,china,39.9075,116.3972,,,y,Randy Newman,The Meyerowitz Stories (New and Selected),Album (soundtrack),Randy Newman,https://musicbrainz.org/release-group/8def86ca-3cdc-44b8-8383-3736c96b76d2
rock_hall,,,West Coast Tryouts,Randy Rhoads,,"West Coast, United States, North America",Continent/Region,Direct,west coast,40,-122,no release date on MusicBrainz — fill in year,,? — Randy Rhoads's 'West Coast Tryouts' — a song? check,Randy Rhoads,The Earliest Sessions,Album,Randy Rhoads,https://musicbrainz.org/release-group/b5757825-3f56-47ff-97de-e556853a8c40
rock_hall,,1960,Blue Hawaii,Ray Charles,,"Hawaii, United States, North America",State/Region,Direct,hawaii,21.094,-157.498,also in the dataset by Billy Vaughn,,y,Ray Charles,The Genius Hits the Road,Album,Ray Charles,https://musicbrainz.org/release-group/04f9ff75-abce-3a33-b87b-75e56c5e6b6c
rock_hall,,1960,California Here I Come,Ray Charles,,"California, United States, North America",State/Region,Direct,california,36.116,-119.682,"also in the dataset by Al Jolson, Freddy Cannon, Sophie B. Hawkins",,y,Ray Charles,The Genius Hits the Road,Album,Ray Charles,https://musicbrainz.org/release-group/04f9ff75-abce-3a33-b87b-75e56c5e6b6c
rock_hall,,1960,Chattanooga Choo-Choo,Ray Charles,,"Chattanooga, Tennessee, United States, North America",City,Direct,chattanooga,35.0456,-85.3097,"also in the dataset by Ernie Fields, Floyd Cramer, Glenn Miller, Harpers Bizarre, Tuxedo Junction",,y,Ray Charles,The Genius Hits the Road,Album,Ray Charles,https://musicbrainz.org/release-group/04f9ff75-abce-3a33-b87b-75e56c5e6b6c
rock_hall,,1960,Deep in the Heart of Texas,Ray Charles,,"Texas, United States, North America",State/Region,Direct,texas,31.054,-97.563,"also in the dataset by Alvino Rey, Bing Crosby, Duane Eddy, Gene Autry, Horace Heidt, The Merry Macs",,y,Ray Charles,The Genius Hits the Road,Album,Ray Charles,https://musicbrainz.org/release-group/04f9ff75-abce-3a33-b87b-75e56c5e6b6c
rock_hall,,1960,Mississippi Mud,Ray Charles,,"Mississippi, United States, North America",State/Region,Direct,mississippi,32.741,-89.678,,,y,Ray Charles,The Genius Hits the Road,Album,Ray Charles,https://musicbrainz.org/release-group/04f9ff75-abce-3a33-b87b-75e56c5e6b6c
rock_hall,,1960,Moon Over Miami,Ray Charles,,"Miami, Florida, United States, North America",City,Direct,miami,25.7752,-80.2086,,,y,Ray Charles,The Genius Hits the Road,Album,Ray Charles,https://musicbrainz.org/release-group/04f9ff75-abce-3a33-b87b-75e56c5e6b6c
rock_hall,,1960,Moonlight in Vermont,Ray Charles,,"Vermont, United States, North America",State/Region,Direct,vermont,44.08,-72.71,also in the dataset by Ella Fitzgerald and Louis Armstrong,,y,Ray Charles,The Genius Hits the Road,Album,Ray Charles,https://musicbrainz.org/release-group/04f9ff75-abce-3a33-b87b-75e56c5e6b6c
rock_hall,,1960,New York's My Home,Ray Charles,,"New York, New York, United States, North America",City,Direct,new york,40.6643,-73.9385,,,y,Ray Charles,The Genius Hits the Road,Album,Ray Charles,https://musicbrainz.org/release-group/04f9ff75-abce-3a33-b87b-75e56c5e6b6c
rock_hall,,1962,St. Pete Florida Blues,Ray Charles,,"Florida, United States, North America",State/Region,Direct,florida,27.766,-81.686,,,y,Ray Charles,L'Authentique Ray Charles,EP,Ray Charles,https://musicbrainz.org/release-group/34e37d78-5017-494f-9fc4-c6a4a4d13996
rock_hall,,1965,Blue Moon of Kentucky,Ray Charles,,"Kentucky, United States, North America",State/Region,Direct,kentucky,37.668,-84.67,"also in the dataset by Bill Monroe, Elvis Presley",,y,Ray Charles,Together Again,Album,Ray Charles,https://musicbrainz.org/release-group/99310b7f-1844-466c-9ab0-32ba626adc24
rock_hall,,1971,Wichita Lineman,Ray Charles,,"Wichita, Kansas, United States, North America",City,Direct,wichita,37.6907,-97.3427,"also in the dataset by Glen Campbell, Sergio Mendes & Brasil '66",,y,Ray Charles,Volcanic Action of My Soul,Album,Ray Charles,https://musicbrainz.org/release-group/07da0fba-3204-4481-82ab-4881a08a7755
rock_hall,,1972,Brazilian Skies,Ray Charles,,"Brazil, South America",Country,Demonym,brazilian,-15.7939,-47.8828,,,y,Ray Charles,Jazz Number II,Album,Ray Charles,https://musicbrainz.org/release-group/c16efee5-4a96-4d07-ba53-25ab5a56c473
rock_hall,,1972,Rainy Night in Georgia,Ray Charles,,"Georgia, United States, North America",State/Region,Direct,georgia,33.04,-83.643,"also in the dataset by Brook Benton, Randy Crawford",,y,Ray Charles,Through the Eyes of Love,Album,Ray Charles,https://musicbrainz.org/release-group/50712f35-767d-4c59-b43a-e0ccc0b6dcd8
rock_hall,,1984,I Was on Georgia Time,Ray Charles,,"Georgia, United States, North America",State/Region,Direct,georgia,33.04,-83.643,,,y,Ray Charles,Do I Ever Cross Your Mind,Album,Ray Charles,https://musicbrainz.org/release-group/8c583b2a-8e30-4041-9bfa-3d78b434083d
rock_hall,,1986,Dixie Moon,Ray Charles,,"American South, United States, North America",Continent/Region,Nickname,dixie,33,-86,,,y,Ray Charles,From the Pages of My Mind,Album,Ray Charles,https://musicbrainz.org/release-group/36310949-13e3-4f69-a727-bc1dcafd91a5
rock_hall,,1989,There’s a Boat Dat’s Leavin’ Soon for New York,Ray Charles and Cleo Laine,,"New York, New York, United States, North America",City,Direct,new york,40.6643,-73.9385,,,y,Ray Charles,Porgy & Bess,Album,Ray Charles & Cleo Laine,https://musicbrainz.org/release-group/9a8cc588-62e8-379c-a047-eefe40de4d18
rock_hall,,2002,Mr. Creole,Ray Charles,,"Louisiana, United States, North America",State/Region,Demonym,creole,31.169,-91.867,,,y,Ray Charles,Thanks for Bringing Love Around Again,Album,Ray Charles,https://musicbrainz.org/release-group/e8120f7f-30fb-378a-bc76-82db06accf1b
rock_hall,,2002,New Orleans,Ray Charles,,"New Orleans, Louisiana, United States, North America",City,Direct,new orleans,30.0686,-89.939,"also in the dataset by Bern Elliott and the Fenmen, Eddie Hodges, Gary U.S. Bonds, Gillan, Harley Quinne, Neil Diamond, The Staple Singers",,y,Ray Charles,Thanks for Bringing Love Around Again,Album,Ray Charles,https://musicbrainz.org/release-group/e8120f7f-30fb-378a-bc76-82db06accf1b
rock_hall,,1984,Seven Spanish Angels,Ray Charles and Willie Nelson,,"Spain, Europe",Country,Demonym,spanish,40.4165,-3.7026,,,y,Ray Charles; Willie Nelson,Seven Spanish Angels / It Ain’t Gonna Worry My Mind,Single,Ray Charles & Willie Nelson,https://musicbrainz.org/release-group/20188858-2802-41f4-9238-1db8a6db8fdc
rock_hall,,1985,American Ghost Dance,The Red Hot Chili Peppers,,"United States, North America",Country,Demonym,american,38.8951,-77.0364,,,y,Red Hot Chili Peppers,Freaky Styley,Album,The Red Hot Chili Peppers,https://musicbrainz.org/release-group/9118a7ea-ad1f-3728-98c1-eb78438f4760
rock_hall,,1985,Hollywood,The Red Hot Chili Peppers,,"Hollywood, California, United States, North America",Neighborhood/District,Direct,hollywood,34.0928,-118.3287,"also in the dataset by Boz Scaggs, Connie Francis, Madonna, Marina & the Diamonds, Michael Buble, Rufus ft. Chaka Khan, Shooting Star, Thin Lizzy",,y,Red Hot Chili Peppers,Freaky Styley,Album,The Red Hot Chili Peppers,https://musicbrainz.org/release-group/9118a7ea-ad1f-3728-98c1-eb78438f4760
rock_hall,,1989,Sexy Mexican Maid,Red Hot Chili Peppers,,"Mexico, North America",Country,Demonym,mexican,19.4285,-99.1277,,,y,Red Hot Chili Peppers,Mother’s Milk,Album,Red Hot Chili Peppers,https://musicbrainz.org/release-group/a73f5707-e5a3-3dbd-94b3-bd84ccc828d8
rock_hall,,2000,End of Show Brisbane,Red Hot Chili Peppers,,"Brisbane, Australia",City,Direct,brisbane,,,,,"n — live end-of-show track, not a song",Red Hot Chili Peppers,Californication,Single,Red Hot Chili Peppers,https://musicbrainz.org/release-group/394c1bd4-e3e1-306f-ade9-e9cd0f49016c
rock_hall,,2000,End of Show State College,Red Hot Chili Peppers,,"State College, Pennsylvania",City,Direct,state college,,,,,n — a live end-of-show track,Red Hot Chili Peppers,Californication,Single,Red Hot Chili Peppers,https://musicbrainz.org/release-group/394c1bd4-e3e1-306f-ade9-e9cd0f49016c
rock_hall,,2002,Christchurch Fireworks Music,Red Hot Chili Peppers,,"Christchurch, New Zealand",City,Direct,christchurch,,,,,n — a live jam named for a concert,Red Hot Chili Peppers,Can't Stop,Single,Red Hot Chili Peppers,https://musicbrainz.org/release-group/5446650a-83f4-473b-899c-63e2b8fa0a44
rock_hall,,2002,Venice Queen,Red Hot Chili Peppers,,"Venice, Los Angeles, California, United States, North America",City,Direct,venice,33.990833,-118.459167,,,y,Red Hot Chili Peppers,By the Way,Album,Red Hot Chili Peppers,https://musicbrainz.org/release-group/bbf6eaa8-1340-35c8-9599-34056896ebab
rock_hall,,2003,Havana Affair,Red Hot Chili Peppers,,"Havana, Cuba, North America",City,Direct,havana,23.133,-82.383,,,y,Red Hot Chili Peppers,Beat on the Brat,Single,Red Hot Chili Peppers,https://musicbrainz.org/release-group/19aba117-624b-4992-a8ba-1453ce59062b
rock_hall,,2003,Tuesday Night in Berlin,Red Hot Chili Peppers,,"Berlin, Germany, Europe",City,Direct,berlin,52.5244,13.4105,,,y,Red Hot Chili Peppers,Fortune Faded,Single,Red Hot Chili Peppers,https://musicbrainz.org/release-group/4db4831d-13a9-31ae-bf9c-861c3fd6cb7e
rock_hall,,2006,Especially in Michigan,Red Hot Chili Peppers,,"Michigan, United States, North America",State/Region,Direct,michigan,43.326,-84.536,,,y,Red Hot Chili Peppers,Stadium Arcadium,Album,Red Hot Chili Peppers,https://musicbrainz.org/release-group/19181d75-deda-366e-ace5-622293be9ef0
rock_hall,,2011,Ethiopia,Red Hot Chili Peppers,,"Ethiopia, Africa",Country,Direct,ethiopia,9.0249,38.7469,"new place — pin approximate, check it",,y,Red Hot Chili Peppers,I’m With You,Album,Red Hot Chili Peppers,https://musicbrainz.org/release-group/c9ffebc3-0e00-4ba7-bef6-980c98d623b6
rock_hall,,2016,Detroit,Red Hot Chili Peppers,,"Detroit, Michigan, United States, North America",City,Direct,detroit,42.383,-83.1022,also in the dataset by Whiteout,,y,Red Hot Chili Peppers,The Getaway,Album,Red Hot Chili Peppers,https://musicbrainz.org/release-group/831f10e3-32e5-4d22-b001-2f3ab1254be0
rock_hall,,1961,Do You Know What It Means to Miss New Orleans,Ricky Nelson,,"New Orleans, Louisiana, United States, North America",City,Direct,new orleans,30.0686,-89.939,also in the dataset by Fats Domino,,y,Ricky Nelson,Rick Is 21,Album,Ricky Nelson,https://musicbrainz.org/release-group/56247bad-ac36-4436-b992-91c0a9aafaa4
rock_hall,,1961,Stars Fell on Alabama,Ricky Nelson,,"Alabama, United States, North America",State/Region,Direct,alabama,32.806,-86.791,"also in the dataset by Billie Holiday, Don Rondo",,y,Ricky Nelson,Rick Is 21,Album,Ricky Nelson,https://musicbrainz.org/release-group/56247bad-ac36-4436-b992-91c0a9aafaa4
rock_hall,,1993,New Delhi Freight Train,Ricky Nelson,,"New Delhi, India, Asia",City,Direct,new delhi,28.6519,77.2315,"new place — pin from geonamescache, check it",,y,Ricky Nelson,Stay Young: Epic Recordings,Album,Ricky Nelson,https://musicbrainz.org/release-group/0aaaaa4e-ddb9-4915-9b67-63258fb236b3
rock_hall,,1974,Goodnight Vienna,Ringo Starr,,"Vienna, Austria, Europe",City,Direct,vienna,48.2085,16.3721,may be the same song as 'It's All Down to Goodnight Vienna' already in the dataset,,"n — same song as Ringo's 'It's All Down to Goodnight Vienna', already in the dataset",Ringo Starr,Goodnight Vienna,Album,Ringo Starr,https://musicbrainz.org/release-group/1a77804d-8990-353d-b2ea-858da380ca92
rock_hall,,2003,English Garden,Ringo Starr,,"England, United Kingdom, Europe",Country,Demonym,english,51.5074,-0.1278,,,y,Ringo Starr,Ringo Rama,Album,Ringo Starr,https://musicbrainz.org/release-group/35cf2c19-9fc8-3b43-8760-f2ca6042cd17
rock_hall,,2003,Memphis in Your Mind,Ringo Starr,,"Memphis, Tennessee, United States, North America",City,Direct,memphis,35.1035,-89.9785,,,y,Ringo Starr,Ringo Rama,Album,Ringo Starr,https://musicbrainz.org/release-group/35cf2c19-9fc8-3b43-8760-f2ca6042cd17
rock_hall,,2003,Missouri Loves Company,Ringo Starr,,"Missouri, United States, North America",State/Region,Direct,missouri,38.456,-92.288,,,y,Ringo Starr,Ringo Rama,Album,Ringo Starr,https://musicbrainz.org/release-group/35cf2c19-9fc8-3b43-8760-f2ca6042cd17
rock_hall,,2010,The Other Side of Liverpool,Ringo Starr,,"Liverpool, England, United Kingdom, Europe",City,Direct,liverpool,53.4106,-2.9779,,,y,Ringo Starr,Y Not,Album,Ringo Starr,https://musicbrainz.org/release-group/e74e43a4-34e7-4663-a419-eb504edf08a7
rock_hall,,2012,In Liverpool,Ringo Starr,,"Liverpool, England, United Kingdom, Europe",City,Direct,liverpool,53.4106,-2.9779,also in the dataset by Suzanne Vega,,y,Ringo Starr,Ringo 2012,Album,Ringo Starr,https://musicbrainz.org/release-group/46e3f9e5-2238-4997-99b9-ba51e25ee038
rock_hall,,2012,Rock Island Line,Ringo Starr,,"Rock Island, Illinois, United States, North America",City,Direct,rock island,41.473,-90.5852,"also in the dataset by Johnny Cash, Leadbelly, Lonnie Donegan, Stan Freberg and His Sniffle Group",,y,Ringo Starr,Ringo 2012,Album,Ringo Starr,https://musicbrainz.org/release-group/46e3f9e5-2238-4997-99b9-ba51e25ee038
rock_hall,,2015,Postcards From Paradise,Ringo Starr,,"Paradise, Kentucky, United States, North America",City,Direct,paradise,37.268056,-86.983611,UK chart but a little-used US place — check it isn't a British namesake,,"n — paradise as in heaven or bliss, not Paradise, Kentucky",Ringo Starr,Postcards From Paradise,Album,Ringo Starr,https://musicbrainz.org/release-group/ad60d134-c81b-44de-97c5-bc0e8a5d401f
rock_hall,,1959,In a Little Turkish Town,Ritchie Valens,,"Turkey, Asia",Country,Demonym,turkish,39.9199,32.8543,,,y,Ritchie Valens,Donna,EP,Ritchie Valens,https://musicbrainz.org/release-group/23c6ffa6-0d17-33aa-8f49-e876a49c1dff
rock_hall,,1959,In a Turkish Town,Ritchie Valens,,"Turkey, Asia",Country,Demonym,turkish,39.9199,32.8543,,,n — same song as Ritchie Valens's 'In a Little Turkish Town',Ritchie Valens,That's My Little Suzie / In A Turkish Town,Single,Ritchie Valens,https://musicbrainz.org/release-group/a5414337-4717-4b0e-9d97-ad1b5c07a471
rock_hall,,1972,Italian Girls,Rod Stewart,,"Italy, Europe",Country,Demonym,italian,41.8919,12.5113,,,y,Rod Stewart,Never a Dull Moment,Album,Rod Stewart,https://musicbrainz.org/release-group/9989d7f2-091e-3727-9e94-761f196d3060
rock_hall,,1972,What's Made Milwaukee Famous (Has Made A Loser Out Of Me),Rod Stewart,,"Milwaukee, Wisconsin, United States, North America",City,Direct,milwaukee,43.0633,-87.9667,UK chart but a little-used US place — check it isn't a British namesake; also in the dataset by Jerry Lee Lewis,,"n — same song as Rod Stewart's 'What Made Milwaukee Famous', already in the dataset",Rod Stewart,Angel / What's Made Milwaukee Famous (Has Made A Loser Out Of Me),Single,Rod Stewart,https://musicbrainz.org/release-group/f1b300a8-d289-4949-b526-a541daa0c74a
rock_hall,,1974,Dixie Toot,Rod Stewart,,"American South, United States, North America",Continent/Region,Nickname,dixie,33,-86,,,y,Rod Stewart,Smiler,Album,Rod Stewart,https://musicbrainz.org/release-group/0a2f9749-5d72-3dc4-a26c-50d9d6aef133
rock_hall,,1974,Sweet Little Rock ’n Roller,Rod Stewart,,"Little Rock, Arkansas, United States, North America",City,Direct,little rock,34.7254,-92.3586,UK chart but a little-used US place — check it isn't a British namesake,,n — 'little rock' here is rock 'n' roll or rock candy,Rod Stewart,Smiler,Album,Rod Stewart,https://musicbrainz.org/release-group/0a2f9749-5d72-3dc4-a26c-50d9d6aef133
rock_hall,,2004,A Nightingale Sang in Berkeley Square,Rod Stewart,,"Berkeley Square, London, England, United Kingdom, Europe",Street/Landmark,Direct,berkeley square,51.51,-0.1465,"also in the dataset by Glenn Miller, Vera Lynn",,y,Rod Stewart,"Stardust… The Great American Songbook, Volume Ⅲ",Album,Rod Stewart,https://musicbrainz.org/release-group/9b0b6f7e-841e-3e60-a375-d7d1548d1d80
rock_hall,,2009,Rainy Night in Georgia,Rod Stewart,,"Georgia, United States, North America",State/Region,Direct,georgia,33.04,-83.643,"also in the dataset by Brook Benton, Randy Crawford",,y,Rod Stewart,Soulbook,Album,Rod Stewart,https://musicbrainz.org/release-group/d635f8b8-b22f-4926-ae3d-79d65e79749e
rock_hall,,2010,Moon River,Rod Stewart,,"Moon River, Georgia, United States",Water/Natural Feature,Direct,moon river,,,,,n — Moon River — excluded by earlier decision (fictional),Rod Stewart,"Fly Me to the Moon… The Great American Songbook, Volume Ⅴ",Album,Rod Stewart,https://musicbrainz.org/release-group/fb5e4d77-3fac-4933-bbdf-8b8ec44b976d
rock_hall,,2013,Brighton Beach,Rod Stewart,,"Brighton, England, United Kingdom, Europe",City,Direct,brighton beach,50.8284,-0.1395,"place changed from 'Brighton Beach, New York'",,"? — Rod Stewart's 'Brighton Beach' looks back on Brighton, England — check",Rod Stewart,Time,Album,Rod Stewart,https://musicbrainz.org/release-group/4583f754-8aa6-46dc-9722-482d6bcb7b31
rock_hall,,2018,Cold Old London,Rod Stewart ft. Bridget Cady,,"London, England, United Kingdom, Europe",City,Direct,london,51.5085,-0.1257,,,y,Rod Stewart,Blood Red Roses,Album,Rod Stewart feat. Bridget Cady,https://musicbrainz.org/release-group/b6bf2bfb-b53c-4872-ab21-f5f8dde155f5
rock_hall,,2018,Vegas Shuffle,Rod Stewart,,"Las Vegas, Nevada, United States, North America",City,Nickname,vegas,36.2277,-115.264,,,y,Rod Stewart,Blood Red Roses,Album,Rod Stewart,https://musicbrainz.org/release-group/b6bf2bfb-b53c-4872-ab21-f5f8dde155f5
rock_hall,,2024,Lullaby of Broadway,Rod Stewart and Jools Holland,,"Broadway, New York, New York, United States, North America",Street/Landmark,Direct,broadway,40.759,-73.9845,"also in the dataset by Dick Powell, Harry James, Winifred Shaw",,y,Rod Stewart,Swing Fever,Album,Rod Stewart with Jools Holland,https://musicbrainz.org/release-group/780a52c3-02c2-437a-8180-6cecb5da7f03
rock_hall,,2024,Tennessee Waltz,Rod Stewart and Jools Holland,,"Tennessee, United States, North America",State/Region,Direct,tennessee,35.747,-86.692,"also in the dataset by Anita O'Day, Bobby Comstock, Guy Lombardo, Jerry Fuller, Jo Stafford, Les Paul, Patti Page, Sam Cooke, Spike Jones, The Fontane Sisters",,y,Rod Stewart,Swing Fever,Album,Rod Stewart with Jools Holland,https://musicbrainz.org/release-group/780a52c3-02c2-437a-8180-6cecb5da7f03
rock_hall,,1982,India,Roxy Music,,"India, Asia",Country,Direct,india,28.62137,77.2148,"also in the dataset by John Coltrane, Puressence",,y,Roxy Music,Avalon,Album,Roxy Music,https://musicbrainz.org/release-group/4b51d75c-ca0e-3ea7-9950-639eda1f7d1a
rock_hall,,1963,Blue Bayou,Roy Orbison,,"Louisiana Bayou, Louisiana, United States, North America",Water/Natural Feature,Direct,blue bayou,29.9,-91.3,,,y,Roy Orbison,In Dreams,Album,Roy Orbison,https://musicbrainz.org/release-group/0fffd8e9-d97e-3265-90fd-edc16106f4cf
rock_hall,,1969,Tennessee Owns My Soul,Roy Orbison,,"Tennessee, United States, North America",State/Region,Direct,tennessee,35.747,-86.692,,,y,Roy Orbison,Penny Arcade / Tennessee Owns My Soul,Single,Roy Orbison,https://musicbrainz.org/release-group/3cab54e0-558c-4df1-8fc4-5fa4d74c7ef5
rock_hall,,1970,Jambalaya (On the Bayou),Roy Orbison,,"Louisiana Bayou, Louisiana, United States, North America",Continent/Region,Direct,the bayou,29.9,-91.3,"also in the dataset by Fats Domino, Hank Williams, Jo Stafford, The Blue Ridge Rangers, The Nitty Gritty Dirt Band",,y,Roy Orbison,Hank Williams the Roy Orbison Way,Album,Roy Orbison,https://musicbrainz.org/release-group/29100dba-4e92-458f-81a6-2a65ca8fe9fa
rock_hall,,1972,Cheyenne,Roy Orbison,,"Cheyenne, Wyoming, United States, North America",City,Direct,cheyenne,41.14,-104.820278,,,? — Cheyenne may be a person here,Roy Orbison,Roy Orbison Sings,Album,Roy Orbison,https://musicbrainz.org/release-group/035baa82-0632-48bd-93b5-5ce7b0cb00cc
rock_hall,,1972,Harlem Woman,Roy Orbison,,"Harlem, New York, New York, United States, North America",Neighborhood/District,Direct,harlem,40.8116,-73.9465,,,y,Roy Orbison,Roy Orbison Sings,Album,Roy Orbison,https://musicbrainz.org/release-group/035baa82-0632-48bd-93b5-5ce7b0cb00cc
rock_hall,,1972,"Memphis, Tennessee",Roy Orbison,,"Memphis, Tennessee, United States, North America",City,Direct,memphis + tennessee,35.1035,-89.9785,"also in the dataset by Chuck Berry, Dave Berry and the Cruisers",,y,Roy Orbison,Memphis,Album,Roy Orbison,https://musicbrainz.org/release-group/eb3a1944-9cff-490f-b991-d059026ad71e
rock_hall,,1973,California Sunshine Girl,Roy Orbison,,"California, United States, North America",State/Region,Direct,california,36.116,-119.682,,,y,Roy Orbison,Milestones,Album,Roy Orbison,https://musicbrainz.org/release-group/fa9dd5af-f82c-4180-981d-a3cdb4993742
rock_hall,,1975,Spanish Nights,Roy Orbison,,"Spain, Europe",Country,Demonym,spanish,40.4165,-3.7026,,,y,Roy Orbison,I’m Still In Love With You,Album,Roy Orbison,https://musicbrainz.org/release-group/d5107d0b-3f58-4a22-a3a9-fecd7dd6f6bc
rock_hall,,1985,Manhattan Project,Rush,,"Manhattan, New York, New York, United States, North America",Neighborhood/District,Direct,manhattan,40.7831,-73.9712,,,"n — the Manhattan Project, the bomb program",Rush,Power Windows,Album,Rush,https://musicbrainz.org/release-group/e8864dda-f0db-3a7c-a09c-b57314e4b910
rock_hall,,1985,Middletown Dreams,Rush,,"Middletown, New Jersey",City,Direct,middletown,,,,,n — a generic Middletown,Rush,Power Windows,Album,Rush,https://musicbrainz.org/release-group/e8864dda-f0db-3a7c-a09c-b57314e4b910
rock_hall,,1989,St. Louis Blues,Ruth Brown,,"St. Louis, Missouri, United States, North America",City,Direct,st louis,38.6357,-90.2446,also in the dataset by Bessie Smith and Louis Armstrong,,y,Ruth Brown,Blues on Broadway,Album,Ruth Brown,https://musicbrainz.org/release-group/f6281dc3-7d28-383c-bfb5-6379ea9c6407
rock_hall,,1988,Paradise,Sade,,"Paradise, Kentucky, United States, North America",City,Direct,paradise,37.268056,-86.983611,UK chart but a little-used US place — check it isn't a British namesake; also in the dataset by John Prine,,"n — paradise as in heaven or bliss, not Paradise, Kentucky",Sade,Stronger Than Pride,Album,Sade,https://musicbrainz.org/release-group/ea64beae-333e-37fd-84c4-26a5d6dab17d
rock_hall,,1982,Funky Broadway,Sam & Dave,,"Broadway, New York, New York, United States, North America",Street/Landmark,Direct,broadway,40.759,-73.9845,"also in the dataset by Dyke And The Blazers, Wilson Pickett",,y,Sam & Dave,Sam & Dave (La grande storia del rock),Album,Sam & Dave,https://musicbrainz.org/release-group/e6191100-35ff-41eb-8148-04685af4ca7c
rock_hall,,,Rome Wasn’t Built in a Day,Sam Cooke,,"Rome, Italy, Europe",City,Direct,rome,41.8919,12.5113,also in the dataset by Morcheeba; no release date on MusicBrainz — fill in year,,n — same song as Sam Cooke's 'Rome (Wasn't Built in a Day)',Sam Cooke,The Essential Sam Cooke Collection 3,Album,Sam Cooke,https://musicbrainz.org/release-group/edeb396d-3072-4e99-80ec-9e6e128bfa32
rock_hall,,1958,Canadian Sunset,Sam Cooke,,"Canada, North America",Country,Demonym,canadian,45.4112,-75.6981,"also in the dataset by Andy Williams, Eddie Heywood and Hugo Winterhalter, Etta Jones, Sounds Orchestral",,y,Sam Cooke,Songs by Sam Cooke,Album,Sam Cooke,https://musicbrainz.org/release-group/8c28a0f3-5264-4de0-bb01-e15263bd01ce
rock_hall,,1958,Moonlight in Vermont,Sam Cooke,,"Vermont, United States, North America",State/Region,Direct,vermont,44.08,-72.71,also in the dataset by Ella Fitzgerald and Louis Armstrong,,y,Sam Cooke,Songs by Sam Cooke,Album,Sam Cooke,https://musicbrainz.org/release-group/8c28a0f3-5264-4de0-bb01-e15263bd01ce
rock_hall,,1960,Along the Navajo Trail,Sam Cooke,,"Navajo Nation, United States, North America",Continent/Region,Demonym,navajo,36.1,-109.6,"also in the dataset by Bing Crosby, Dinah Shore",,y,Sam Cooke,Wonderful World,Single,Sam Cooke,https://musicbrainz.org/release-group/6ee87b51-ceef-3e16-8672-d400b36e5c1e
rock_hall,,1960,"Arrivederci, Roma (Goodbye to Rome)",Sam Cooke,,"Rome, Italy, Europe",City,Direct,rome,41.8919,12.5113,also in the dataset by Vic Damone,,y,Sam Cooke,Cooke’s Tour,Album,Sam Cooke,https://musicbrainz.org/release-group/62192474-c19b-4f83-9000-1f06327291a3
rock_hall,,1960,Galway Bay,Sam Cooke,,"Galway Bay, Ireland, Europe",Water/Natural Feature,Direct,galway bay,53.2,-9.2,also in the dataset by Bing Crosby,,y,Sam Cooke,Cooke’s Tour,Album,Sam Cooke,https://musicbrainz.org/release-group/62192474-c19b-4f83-9000-1f06327291a3
rock_hall,,1960,Jamaica Farewell,Sam Cooke,,"Jamaica, North America",Country,Direct,jamaica,17.997,-76.7936,also in the dataset by Harry Belafonte,,y,Sam Cooke,Cooke’s Tour,Album,Sam Cooke,https://musicbrainz.org/release-group/62192474-c19b-4f83-9000-1f06327291a3
rock_hall,,1960,London by Night,Sam Cooke,,"London, England, United Kingdom, Europe",City,Direct,london,51.5085,-0.1257,,,y,Sam Cooke,Cooke’s Tour,Album,Sam Cooke,https://musicbrainz.org/release-group/62192474-c19b-4f83-9000-1f06327291a3
rock_hall,,1960,South of the Border (Down Mexico Way),Sam Cooke,,"Mexico, North America",Country,Direct,mexico,19.4285,-99.1277,,,y,Sam Cooke,Cooke’s Tour,Album,Sam Cooke,https://musicbrainz.org/release-group/62192474-c19b-4f83-9000-1f06327291a3
rock_hall,,1960,The Coffee Song (They’ve Got an Awful Lot of Coffee in Brazil),Sam Cooke,,"Brazil, South America",Country,Direct,brazil,-15.7939,-47.8828,also in the dataset by Frank Sinatra,,y,Sam Cooke,Cooke’s Tour,Album,Sam Cooke,https://musicbrainz.org/release-group/62192474-c19b-4f83-9000-1f06327291a3
rock_hall,,1960,The Japanese Farewell Song,Sam Cooke,,"Japan, Asia",Country,Demonym,japanese,35.6895,139.6917,,,y,Sam Cooke,Cooke’s Tour,Album,Sam Cooke,https://musicbrainz.org/release-group/62192474-c19b-4f83-9000-1f06327291a3
rock_hall,,1960,Under Paris Skies,Sam Cooke,,"Paris, France, Europe",City,Direct,paris,48.8534,2.3488,,,y,Sam Cooke,Cooke’s Tour,Album,Sam Cooke,https://musicbrainz.org/release-group/62192474-c19b-4f83-9000-1f06327291a3
rock_hall,,1963,Fool’s Paradise,Sam Cooke,,"Paradise, Kentucky, United States, North America",City,Direct,paradise,37.268056,-86.983611,,,"n — paradise as in heaven or bliss, not Paradise, Kentucky",Sam Cooke,Night Beat,Album,Sam Cooke,https://musicbrainz.org/release-group/153b2ad5-97f7-3bab-91f7-259de916295f
rock_hall,,1964,Rome (Wasn’t Built in a Day),Sam Cooke,,"Rome, Italy, Europe",City,Direct,rome,41.8919,12.5113,,,y,Sam Cooke,Ain’t That Good News,Album,Sam Cooke,https://musicbrainz.org/release-group/9e46abfc-1267-350f-b2d3-600ec3fc7d85
rock_hall,,1973,Mother Africa,Santana,,Africa,Continent/Region,Direct,africa,1.6508,17.6791,,,y,Santana,Welcome,Album,Santana,https://musicbrainz.org/release-group/876c98fb-5404-3a66-8cbf-17d1e97d1c99
rock_hall,,1978,Spanish Rose,Santana,,"Spain, Europe",Country,Demonym,spanish,40.4165,-3.7026,,,y,Santana,Inner Secrets,Album,Santana,https://musicbrainz.org/release-group/1df691bb-c409-3389-9076-eaf09913696b
rock_hall,,1981,American Gypsy,Santana,,"United States, North America",Country,Demonym,american,38.8951,-77.0364,,,y,Santana,Zebop!,Album,Santana,https://musicbrainz.org/release-group/db3643f5-a930-324f-b2e0-2c736ce6311f
rock_hall,,1981,Tales of Kilimanjaro,Santana,,"Mount Kilimanjaro, Tanzania, Africa",Water/Natural Feature,Direct,kilimanjaro,-3.0674,37.3556,"new place — pin approximate, check it",,y,Santana,Zebop!,Album,Santana,https://musicbrainz.org/release-group/db3643f5-a930-324f-b2e0-2c736ce6311f
rock_hall,,1982,The Nile,Santana,,"Nile River, Africa",Water/Natural Feature,Direct,the nile,25.6872,32.6396,,,y,Santana,Shangó,Album,Santana,https://musicbrainz.org/release-group/3654ca27-635d-3740-99bd-ebba85f04f58
rock_hall,,1983,Ecuador,Carlos Santana,,"Ecuador, South America",Country,Direct,ecuador,-0.22985,-78.52495,also in the dataset by Sash! ft. Rodriguez,,y,Santana,Havana Moon,Album,Carlos Santana,https://musicbrainz.org/release-group/985efe61-f0f8-3d19-80f4-9033d48f4f9f
rock_hall,,1983,Havana Moon,Carlos Santana,,"Havana, Cuba, North America",City,Direct,havana,23.133,-82.383,,,y,Santana,Havana Moon,Album,Carlos Santana,https://musicbrainz.org/release-group/985efe61-f0f8-3d19-80f4-9033d48f4f9f
rock_hall,,1983,They All Went to Mexico,Carlos Santana,,"Mexico, North America",Country,Direct,mexico,19.4285,-99.1277,,,y,Santana,Havana Moon,Album,Carlos Santana,https://musicbrainz.org/release-group/985efe61-f0f8-3d19-80f4-9033d48f4f9f
rock_hall,,1987,Blues for Salvador,Carlos Santana,,"Salvador, Brazil",City,Direct,salvador,,,,,n — named for Santana's son Salvador,Santana,Blues for Salvador,Album,Carlos Santana,https://musicbrainz.org/release-group/717605e4-1b28-3243-b3de-20c2f0f55c7d
rock_hall,,1987,Veracruz,Santana,,"Veracruz, Mexico, North America",City,Direct,veracruz,19.1809,-96.1429,"new place — pin from geonamescache, check it",,y,Santana,Freedom,Album,Santana,https://musicbrainz.org/release-group/233d959e-f8aa-3016-bea7-c8a7fa0dedab
rock_hall,,1990,Soweto (Africa Libre),Santana,,Africa,Continent/Region,Direct,africa,1.6508,17.6791,"contains another place in this title — pre-marked n; set y only if both places are the point of the title; also in the dataset by Jeffrey Osborne, Malcolm McLaren, Victony and Toliver and Rema and Tempoe",n,n — the inner place in this title has its own row,Santana,Spirits Dancing in the Flesh,Album,Santana,https://musicbrainz.org/release-group/536d1d19-f7ea-3c8c-9d5b-8cea6d4f606c
rock_hall,,1990,Soweto (Africa Libre),Santana,,"Soweto, South Africa, Africa",Neighborhood/District,Direct,soweto,-26.26781,27.85849,"also in the dataset by Jeffrey Osborne, Malcolm McLaren, Victony and Toliver and Rema and Tempoe",,y,Santana,Spirits Dancing in the Flesh,Album,Santana,https://musicbrainz.org/release-group/536d1d19-f7ea-3c8c-9d5b-8cea6d4f606c
rock_hall,,1992,Free All the People (South Africa),Santana,,"South Africa, Africa",Country,Direct,south africa,-25.7449,28.1878,,,y,Santana,Milagro,Album,Santana,https://musicbrainz.org/release-group/0e6c6c9b-bf10-3466-9efa-2694ec677584
rock_hall,,1992,Milagro,Santana,,"Milagro, Ecuador",City,Direct,milagro,,,,,n — milagro means miracle,Santana,Milagro,Album,Santana,https://musicbrainz.org/release-group/0e6c6c9b-bf10-3466-9efa-2694ec677584
rock_hall,,1994,Coconut Grove,Santana,,"Coconut Grove, Miami, Florida, United States, North America",Neighborhood/District,Direct,coconut grove,25.728,-80.243,"new place — pin approximate, check it; place changed from 'Coconut Grove, Florida'",,y — place corrected,Santana,Santana Jam,Album,Santana,https://musicbrainz.org/release-group/2e7bde64-8ba2-45d6-9d80-be97680a09d7
rock_hall,,1994,Santana Jam,Santana,,"Santana, Brazil",City,Direct,santana,,,,,"n — Santana the band/person, not Santana, Brazil",Santana,Santana Jam,Album,Santana,https://musicbrainz.org/release-group/2e7bde64-8ba2-45d6-9d80-be97680a09d7
rock_hall,,1999,Africa Bamba,Santana,,Africa,Continent/Region,Direct,africa,1.6508,17.6791,,,y,Santana,Supernatural,Album,Santana,https://musicbrainz.org/release-group/70e23797-9da2-33bb-be6f-a85e7b581b69
rock_hall,,2002,America,Santana ft. P.O.D.,,"United States, North America",Country,Direct,america,38.8951,-77.0364,"also in the dataset by David Essex, Full Intention, Gary Numan, Killing Joke, King Kurt, Leonard Bernstein, Neil Diamond, Prince And The Revolution, Razorlight, Simon & Garfunkel, The Five Stairsteps, The Nice, Yes",,y,Santana,Shaman,Album,Santana featuring P.O.D.,https://musicbrainz.org/release-group/61d34b6c-f1ff-3bf7-9e62-0bbde363a283
rock_hall,,2005,Con Santana,Santana ft. Touré Kunda,,"Santana, Brazil",City,Direct,santana,,,,,"n — Santana the band/person, not Santana, Brazil",Santana,All That I Am,Album,Santana featuring Touré Kunda,https://musicbrainz.org/release-group/f47c76c1-4cce-3fc8-9c08-bc94c07940fb
rock_hall,,2012,Macumba in Budapest,Santana,,"Budapest, Hungary, Europe",City,Direct,budapest,47.4984,19.0404,,,y,Santana,Shape Shifter,Album,Santana,https://musicbrainz.org/release-group/32be5103-cf9a-47d3-9cf4-e90c51efcde0
rock_hall,,2016,Fillmore East,Santana,,"Fillmore East, New York, New York, United States, North America",Street/Landmark,Direct,fillmore,40.7271,-73.9893,"new place — pin approximate, check it; place changed from 'Fillmore, California'",,y — the Fillmore East concert hall,Santana,Santana IV,Album,Santana,https://musicbrainz.org/release-group/6b34c665-c427-46f3-ab40-81d6eb8d7d74
rock_hall,,2019,Africa Speaks,Santana ft. Buika,,Africa,Continent/Region,Direct,africa,1.6508,17.6791,,,y,Santana,Africa Speaks,Album,Santana feat. Buika,https://musicbrainz.org/release-group/9da2d91b-be94-4987-b578-beea325ffdda
rock_hall,,2021,America for Sale,Santana ft. Kirk Hammett and Mark Osegueda,,"United States, North America",Country,Direct,america,38.8951,-77.0364,,,y,Santana,Blessings and Miracles,Album,Santana feat. Kirk Hammett & Mark Osegueda,https://musicbrainz.org/release-group/d3ce11d8-7920-4dc3-83cf-4cfc7c08be16
rock_hall,,2021,Santana Celebration,Santana,,"Santana, Brazil",City,Direct,santana,,,,,"n — Santana the band/person, not Santana, Brazil",Santana,Blessings and Miracles,Album,Santana,https://musicbrainz.org/release-group/d3ce11d8-7920-4dc3-83cf-4cfc7c08be16
rock_hall,,,New Orleans,Liam Grundy and Pete Prichard ft. Scotty Moore,,"New Orleans, Louisiana, United States, North America",City,Direct,new orleans,30.0686,-89.939,"also in the dataset by Bern Elliott and the Fenmen, Eddie Hodges, Gary U.S. Bonds, Gillan, Harley Quinne, Neil Diamond, The Staple Singers; no release date on MusicBrainz — fill in year",,y,Scotty Moore,Western Union,Album,Liam Grundy & Pete Prichard feat. Scotty Moore,https://musicbrainz.org/release-group/e65401c7-a9c7-465d-9cf5-c9b444a1a587
rock_hall,,,Richmond,Liam Grundy and Pete Prichard ft. Scotty Moore,,"Richmond, Virginia, United States, North America",City,Direct,richmond,37.5314,-77.476,no release date on MusicBrainz — fill in year,,? — which Richmond? check,Scotty Moore,Western Union,Album,Liam Grundy & Pete Prichard feat. Scotty Moore,https://musicbrainz.org/release-group/e65401c7-a9c7-465d-9cf5-c9b444a1a587
rock_hall,,2005,Kansas City,Paul Ansell's No Nine ft. Scotty Moore,,"Kansas City, Missouri, United States, North America",City,Direct,kansas city,39.1252,-94.5511,"also in the dataset by Hank Ballard And The Midnighters, James Brown And The Famous Flames, Little Richard, Rocky Olson, The New Basement Tapes, Trini Lopez, Wilbert Harrison",,y,Scotty Moore,Live at Sun,Album,Paul Ansell's No Nine feat. Scotty Moore,https://musicbrainz.org/release-group/26b82b0b-5124-4bcb-b894-03f350deace3
rock_hall,,2005,Rockin' in Memphis,Paul Ansell's No Nine ft. Scotty Moore,,"Memphis, Tennessee, United States, North America",City,Direct,memphis,35.1035,-89.9785,,,y,Scotty Moore,Live at Sun,Album,Paul Ansell's No Nine feat. Scotty Moore,https://musicbrainz.org/release-group/26b82b0b-5124-4bcb-b894-03f350deace3
rock_hall,,2005,Video Clip: Boys in Memphis (Quicktime Movie),Paul Ansell's No Nine ft. Scotty Moore,,"Memphis, Tennessee, United States, North America",City,Direct,memphis,35.1035,-89.9785,,,n — a video clip,Scotty Moore,Live at Sun,Album,Paul Ansell's No Nine feat. Scotty Moore,https://musicbrainz.org/release-group/26b82b0b-5124-4bcb-b894-03f350deace3
rock_hall,,1997,Goin' Back to Memphis,Scotty Moore and D.J. Fontana ft. Bill Black Combo,,"Memphis, Tennessee, United States, North America",City,Direct,memphis,35.1035,-89.9785,,,y,Scotty Moore; D.J. Fontana,All the King's Men,Album,Scotty Moore & D.J. Fontana feat. Bill Black Combo,https://musicbrainz.org/release-group/e24b4d04-de4c-3432-898b-4ded3d9345df
rock_hall,,1977,New York,Sex Pistols,,"New York, New York, United States, North America",City,Direct,new york,40.6643,-73.9385,also in the dataset by Ja Rule ft. Fat Joe and Jadakiss,,y,Sex Pistols,Submission,Single,Sex Pistols,https://musicbrainz.org/release-group/8ab252e9-d564-48cb-ac07-8f3d81ef31d8
rock_hall,,2017,Big Tits Across America,Sex Pistols,,"United States, North America",Country,Direct,america,38.8951,-77.0364,,,y,Sex Pistols,More Product,Album,Sex Pistols,https://musicbrainz.org/release-group/2fab39c6-c73f-46a9-9edc-77e27dadd83b
rock_hall,,2021,Anarchy in the UK (Dave Goodman Decibel studio session,Sex Pistols,,"United Kingdom, Europe",Country,Direct,uk,51.5085,-0.1257,may be the same song as 'Anarchy in the UK' already in the dataset,,"n — a session version of 'Anarchy in the UK', already in the dataset",Sex Pistols,76–77,Album,Sex Pistols,https://musicbrainz.org/release-group/7da25166-f367-4331-ba97-af285a6fd819
rock_hall,,2021,Anarchy in the UK (Dave Goodman Riverside studio mix,Sex Pistols,,"United Kingdom, Europe",Country,Direct,uk,51.5085,-0.1257,may be the same song as 'Anarchy in the UK' already in the dataset,,"n — a session version of 'Anarchy in the UK', already in the dataset",Sex Pistols,76–77,Album,Sex Pistols,https://musicbrainz.org/release-group/7da25166-f367-4331-ba97-af285a6fd819
rock_hall,,2021,Anarchy in the UK (Wessex Studios rejected version,Sex Pistols,,"United Kingdom, Europe",Country,Direct,uk,51.5085,-0.1257,may be the same song as 'Anarchy in the UK' already in the dataset,,"n — a session version of 'Anarchy in the UK', already in the dataset",Sex Pistols,76–77,Album,Sex Pistols,https://musicbrainz.org/release-group/7da25166-f367-4331-ba97-af285a6fd819
rock_hall,,2021,Anarchy in the UK (instrumental,Sex Pistols,,"United Kingdom, Europe",Country,Direct,uk,51.5085,-0.1257,may be the same song as 'Anarchy in the UK' already in the dataset,,"n — a session version of 'Anarchy in the UK', already in the dataset",Sex Pistols,76–77,Album,Sex Pistols,https://musicbrainz.org/release-group/7da25166-f367-4331-ba97-af285a6fd819
rock_hall,,2021,Anarchy in the UK (take 2,Sex Pistols,,"United Kingdom, Europe",Country,Direct,uk,51.5085,-0.1257,may be the same song as 'Anarchy in the UK' already in the dataset,,"n — a session version of 'Anarchy in the UK', already in the dataset",Sex Pistols,76–77,Album,Sex Pistols,https://musicbrainz.org/release-group/7da25166-f367-4331-ba97-af285a6fd819
rock_hall,,2021,Liar (Mike Thorne Manchester Square studio session,Sex Pistols,,"Manchester, England, United Kingdom, Europe",City,Direct,manchester,53.48095,-2.23743,,,n — Manchester Square is a London studio in a session note,Sex Pistols,76–77,Album,Sex Pistols,https://musicbrainz.org/release-group/7da25166-f367-4331-ba97-af285a6fd819
rock_hall,,2021,Looking for a Kiss (aka ‘New York’),Sex Pistols,,"New York, New York, United States, North America",City,Direct,new york,40.6643,-73.9385,,,n — an early mix of the Sex Pistols' 'New York',Sex Pistols,76–77,Album,Sex Pistols,https://musicbrainz.org/release-group/7da25166-f367-4331-ba97-af285a6fd819
rock_hall,,2021,Mike Thorne Manchester Square studio session,Sex Pistols,,"Manchester, England, United Kingdom, Europe",City,Direct,manchester,53.48095,-2.23743,,,n — Manchester Square is a London studio in a session note,Sex Pistols,76–77,Album,Sex Pistols,https://musicbrainz.org/release-group/7da25166-f367-4331-ba97-af285a6fd819
rock_hall,,2021,New York (Dave Goodman Eden studio mix,Sex Pistols,,"New York, New York, United States, North America",City,Direct,new york,40.6643,-73.9385,,,n — an early mix of the Sex Pistols' 'New York',Sex Pistols,76–77,Album,Sex Pistols,https://musicbrainz.org/release-group/7da25166-f367-4331-ba97-af285a6fd819
rock_hall,,2021,No Future (A.K.A God Save the Queen) (Mike Thorne Manchester Square studio session,Sex Pistols,,"Manchester, England, United Kingdom, Europe",City,Direct,manchester,53.48095,-2.23743,,,n — Manchester Square is a London studio in a session note,Sex Pistols,76–77,Album,Sex Pistols,https://musicbrainz.org/release-group/7da25166-f367-4331-ba97-af285a6fd819
rock_hall,,2021,Problems (Mike Thorne Manchester Square studio session,Sex Pistols,,"Manchester, England, United Kingdom, Europe",City,Direct,manchester,53.48095,-2.23743,,,n — Manchester Square is a London studio in a session note,Sex Pistols,76–77,Album,Sex Pistols,https://musicbrainz.org/release-group/7da25166-f367-4331-ba97-af285a6fd819
rock_hall,,1998,Carolina,Sheryl Crow,,"The Carolinas, United States, North America",State/Region,Direct,carolina,34.8,-79.5,"also in the dataset by Harry Styles, Parmalee, Taylor Swift",,y,Sheryl Crow,The Globe Sessions,Album,Sheryl Crow,https://musicbrainz.org/release-group/8a037c23-6144-3a4e-b2d8-7beaf3252350
rock_hall,,1998,Mississippi,Sheryl Crow,,"Mississippi, United States, North America",State/Region,Direct,mississippi,32.741,-89.678,"also in the dataset by Bob Dylan, John Phillips, Pussycat",,y,Sheryl Crow,The Globe Sessions,Album,Sheryl Crow,https://musicbrainz.org/release-group/8a037c23-6144-3a4e-b2d8-7beaf3252350
rock_hall,,2002,Abilene,Sheryl Crow,,"Abilene, Texas, United States, North America",City,Direct,abilene,32.4545,-99.7381,also in the dataset by George Hamilton IV,,y,Sheryl Crow,"C’mon, C’mon",Album,Sheryl Crow,https://musicbrainz.org/release-group/8babf622-27ba-3418-8152-a58d46bf9c6b
rock_hall,,2010,100 Miles From Memphis,Sheryl Crow,,"Memphis, Tennessee, United States, North America",City,Direct,memphis,35.1035,-89.9785,,,y,Sheryl Crow,100 Miles From Memphis,Album,Sheryl Crow,https://musicbrainz.org/release-group/9ba35d04-1c36-4218-8620-12e8a93df917
rock_hall,,1953,There's Peace In Korea,Sister Rosetta Tharpe,,"Korea, Asia",Country,Direct,korea,37.566,126.9784,,,y,Sister Rosetta Tharpe,Crying In The Chapel / There's Peace In Korea,Single,Sister Rosetta Tharpe,https://musicbrainz.org/release-group/a9a64b1c-1697-40be-b6d2-9b63e21a0765
rock_hall,,1971,Africa Talks to You “The Asphalt Jungle”,Sly & the Family Stone,,Africa,Continent/Region,Direct,africa,1.6508,17.6791,,,y,Sly & the Family Stone,There’s a Riot Goin’ On,Album,Sly & the Family Stone,https://musicbrainz.org/release-group/d8b8448a-2634-3e92-ac86-cf55e018f825
rock_hall,,1971,Thank You for Talkin’ to Me Africa,Sly & the Family Stone,,Africa,Continent/Region,Direct,africa,1.6508,17.6791,,,y,Sly & the Family Stone,There’s a Riot Goin’ On,Album,Sly & the Family Stone,https://musicbrainz.org/release-group/d8b8448a-2634-3e92-ac86-cf55e018f825
rock_hall,,2025,Funky Broadway,Sly & the Family Stone,,"Broadway, New York, New York, United States, North America",Street/Landmark,Direct,broadway,40.759,-73.9845,"also in the dataset by Dyke And The Blazers, Wilson Pickett",,y,Sly & the Family Stone,I Gotta Go Now (Up On The Floor) / Funky Broadway,Single,Sly & the Family Stone,https://musicbrainz.org/release-group/662c4fc6-d652-4497-b948-421c95a819ea
rock_hall,,2004,The Road to Damascus,Smokey Robinson,,"Damascus, Syria, Asia",City,Direct,damascus,33.5102,36.2913,,,y,Smokey Robinson,Food For The Spirit,Album,Smokey Robinson,https://musicbrainz.org/release-group/1d4ccc21-ba33-4199-8569-00c3afc8dac1
rock_hall,,1969,California Soul,Smokey Robinson & the Miracles,,"California, United States, North America",State/Region,Direct,california,36.116,-119.682,"also in the dataset by Marlena Shaw, Marvin Gaye and Tammi Terrell, Riot Act, The 5th Dimension",,y,Smokey Robinson; The Miracles,Four in Blue,Album,Smokey Robinson & The Miracles,https://musicbrainz.org/release-group/0279a065-293c-4536-8a76-0b029d01cf84
rock_hall,,1969,Wichita Lineman,Smokey Robinson & the Miracles,,"Wichita, Kansas, United States, North America",City,Direct,wichita,37.6907,-97.3427,"also in the dataset by Glen Campbell, Sergio Mendes & Brasil '66",,y,Smokey Robinson; The Miracles,Time Out for Smokey Robinson & The Miracles,Album,Smokey Robinson & The Miracles,https://musicbrainz.org/release-group/1c119f5b-8d50-4633-b2b6-2b3efc9ecd75
rock_hall,,1968,By the Time I Get to Phoenix,Solomon Burke,,"Phoenix, Arizona, United States, North America",City,Direct,phoenix,33.5722,-112.088,"also in the dataset by Glen Campbell and Anne Murray, Isaac Hayes, The Mad Lads",,y,Solomon Burke,I Wish I Knew,Album,Solomon Burke,https://musicbrainz.org/release-group/afb1bb4a-c74c-3026-bde6-b66b5861dd60
rock_hall,,1968,Detroit City,Solomon Burke,,"Detroit, Michigan, United States, North America",City,Direct,detroit,42.383,-83.1022,"also in the dataset by Bobby Bare, Tom Jones",,y,Solomon Burke,King Solomon,Album,Solomon Burke,https://musicbrainz.org/release-group/e1af8b96-b8df-411f-80c2-d081c5ccaa9c
rock_hall,,2006,That’s How I Got to Memphis,Solomon Burke,,"Memphis, Tennessee, United States, North America",City,Direct,memphis,35.1035,-89.9785,also in the dataset by Tom T. Hall,,y,Solomon Burke,Nashville,Album,Solomon Burke,https://musicbrainz.org/release-group/98a762f1-58ae-3043-8740-93277e797a5f
rock_hall,,1972,Kentucky Grass,Spooner Oldham,,"Kentucky, United States, North America",State/Region,Direct,kentucky,37.668,-84.67,,,y,Spooner Oldham,Pot Luck,Album,Spooner Oldham,https://musicbrainz.org/release-group/9c46f7ba-284e-4896-8de2-f1ee2920aad8
rock_hall,,2006,Would They Love Him Down in Shreveport,Kate Campbell and Spooner Oldham,,"Shreveport, Louisiana, United States, North America",City,Direct,shreveport,32.5251,-93.7502,"new place — pin from geonamescache, check it",,y,Spooner Oldham,For the Living of These Days,Album,Kate Campbell with Spooner Oldham,https://musicbrainz.org/release-group/a7b17f17-61d1-43af-ba02-5909e55f5b83
rock_hall,,1972,Brooklyn (Owes the Charmer Under Me),Steely Dan,,"Brooklyn, New York, New York, United States, North America",Neighborhood/District,Direct,brooklyn,40.6782,-73.9442,also in the dataset by Cody Jameson,,y,Steely Dan,Can’t Buy a Thrill,Album,Steely Dan,https://musicbrainz.org/release-group/9d73a864-2976-3286-b6c1-8aabc7407737
rock_hall,,1972,Dallas,Steely Dan,,"Dallas, Texas, United States, North America",City,Direct,dallas,32.7942,-96.7655,also in the dataset by Jimmie Dale and The Flatlanders,,y,Steely Dan,Dallas,Single,Steely Dan,https://musicbrainz.org/release-group/29be3adb-f7f0-4d2e-b13d-1e65e2a52b1f
rock_hall,,1974,East St. Louis Toodle‐oo,Steely Dan,,"East St. Louis, Illinois, United States, North America",City,Direct,st louis,38.6245,-90.1509,"new place — pin from geonamescache, check it; place changed from 'St. Louis, Missouri, United States, North America'",,"y — East St. Louis, Illinois",Steely Dan,Pretzel Logic,Album,Steely Dan,https://musicbrainz.org/release-group/5c938587-b4cd-3d6c-9f9e-a87492a2c9de
rock_hall,,1975,Daddy Don’t Live in That New York City No More,Steely Dan,,"New York, New York, United States, North America",City,Direct,new york city,40.6643,-73.9385,,,y,Steely Dan,Katy Lied,Album,Steely Dan,https://musicbrainz.org/release-group/a5b292d7-f237-386e-a25e-fa30916544f1
rock_hall,,2000,West of Hollywood,Steely Dan,,"Hollywood, California, United States, North America",Neighborhood/District,Direct,hollywood,34.0928,-118.3287,,,y,Steely Dan,Two Against Nature,Album,Steely Dan,https://musicbrainz.org/release-group/d8b5fa5e-0bbd-3764-829c-7f340648ce59
rock_hall,,1988,Meditations at Luxor,Steve Douglas,,"Luxor, Egypt, Africa",City,Direct,luxor,25.6989,32.6421,"new place — pin from geonamescache, check it",,y,Steve Douglas,The Music of Cheops,Album,Steve Douglas,https://musicbrainz.org/release-group/5afb74a8-7cc7-46d5-8879-9f674de2eecc
rock_hall,,1988,Reflections Along the Nile,Steve Douglas,,"Nile River, Africa",Water/Natural Feature,Direct,the nile,25.6872,32.6396,,,y,Steve Douglas,The Music of Cheops,Album,Steve Douglas,https://musicbrainz.org/release-group/5afb74a8-7cc7-46d5-8879-9f674de2eecc
rock_hall,,1970,Going to Mexico,Steve Miller Band,,"Mexico, North America",Country,Direct,mexico,19.4285,-99.1277,,,y,Steve Miller,Number 5,Album,Steve Miller Band,https://musicbrainz.org/release-group/0cd9ced6-584b-39b6-84aa-434d2b32aeb3
rock_hall,,1984,Italian X Rays,Steve Miller Band,,"Italy, Europe",Country,Demonym,italian,41.8919,12.5113,,,y,Steve Miller,Italian X Rays,Album,Steve Miller Band,https://musicbrainz.org/release-group/196c7eba-662f-32f6-8b6b-3dd6231346a4
rock_hall,,1984,The Hollywood Dream,Steve Miller Band,,"Hollywood, California, United States, North America",Neighborhood/District,Direct,hollywood,34.0928,-118.3287,,,y,Steve Miller,Italian X Rays,Album,Steve Miller Band,https://musicbrainz.org/release-group/196c7eba-662f-32f6-8b6b-3dd6231346a4
rock_hall,,2011,Sweet Home Chicago,Steve Miller Band,,"Chicago, Illinois, United States, North America",City,Direct,chicago,41.8376,-87.6818,also in the dataset by Robert Johnson,,y,Steve Miller,Let Your Hair Down,Album,Steve Miller Band,https://musicbrainz.org/release-group/84811e7a-d898-48ba-9b0d-a9b220b7e1a8
rock_hall,,1989,Doing the Best I Can (Escape From Berlin),Stevie Nicks,,"Berlin, Germany, Europe",City,Direct,berlin,52.5244,13.4105,,,y,Stevie Nicks,The Other Side of the Mirror,Album,Stevie Nicks,https://musicbrainz.org/release-group/bbbcf716-fdce-3083-b7df-2efc938611d1
rock_hall,,2001,Too Far From Texas,Stevie Nicks,,"Texas, United States, North America",State/Region,Direct,texas,31.054,-97.563,,,y,Stevie Nicks,Trouble in Shangri‐La,Album,Stevie Nicks,https://musicbrainz.org/release-group/1cced9b0-79d4-35d2-8f79-459e419607c0
rock_hall,,2011,Italian Summer,Stevie Nicks,,"Italy, Europe",Country,Demonym,italian,41.8919,12.5113,,,y,Stevie Nicks,In Your Dreams,Album,Stevie Nicks,https://musicbrainz.org/release-group/87f0d430-6d0a-47fe-9e5e-d7fc42169510
rock_hall,,2011,New Orleans,Stevie Nicks,,"New Orleans, Louisiana, United States, North America",City,Direct,new orleans,30.0686,-89.939,"also in the dataset by Bern Elliott and the Fenmen, Eddie Hodges, Gary U.S. Bonds, Gillan, Harley Quinne, Neil Diamond, The Staple Singers",,y,Stevie Nicks,In Your Dreams,Album,Stevie Nicks,https://musicbrainz.org/release-group/87f0d430-6d0a-47fe-9e5e-d7fc42169510
rock_hall,,,Texas Blues,Stevie Ray Vaughan,,"Texas, United States, North America",State/Region,Direct,texas,31.054,-97.563,no release date on MusicBrainz — fill in year,,y,Stevie Ray Vaughan,Jiving Jam,Album,Stevie Ray Vaughan,https://musicbrainz.org/release-group/1f5767a8-755d-4c9a-a0f2-34c371afd094
rock_hall,,1988,Riviera Paradise,Stevie Ray Vaughan,,"Paradise, Kentucky, United States, North America",City,Direct,paradise,37.268056,-86.983611,,,"n — paradise as in heaven or bliss, not Paradise, Kentucky",Stevie Ray Vaughan,Premium Best,Album,Stevie Ray Vaughan,https://musicbrainz.org/release-group/6d5d0947-bcef-4e45-a213-4a026922300d
rock_hall,,1962,Manhattan at Six,Stevie Wonder,,"Manhattan, New York, New York, United States, North America",Neighborhood/District,Direct,manhattan,40.7831,-73.9712,,,y,Stevie Wonder,The Jazz Soul of Little Stevie,Album,Stevie Wonder,https://musicbrainz.org/release-group/882f4306-4921-39de-b5b1-4e6b7b9c8842
rock_hall,,1973,Jesus Children of America,Stevie Wonder,,"United States, North America",Country,Direct,america,38.8951,-77.0364,,,y,Stevie Wonder,Innervisions,Album,Stevie Wonder,https://musicbrainz.org/release-group/e626b377-74c5-3b97-8f16-8cef5e1c04ea
rock_hall,,1976,Pastime Paradise,Stevie Wonder,,"Paradise, Kentucky, United States, North America",City,Direct,paradise,37.268056,-86.983611,,,"n — paradise as in heaven or bliss, not Paradise, Kentucky",Stevie Wonder,Songs in the Key of Life,Album,Stevie Wonder,https://musicbrainz.org/release-group/ea88b09b-fd34-33cf-a3e5-25a3a2fb4c6f
rock_hall,,1979,Voyage to India,Stevie Wonder,,"India, Asia",Country,Direct,india,28.62137,77.2148,,,y,Stevie Wonder,Stevie Wonder’s Journey Through the Secret Life of Plants,Album (soundtrack),Stevie Wonder,https://musicbrainz.org/release-group/610a4b7e-061e-3de3-9bd3-b58d04d0482a
rock_hall,,1987,Galaxy Paradise,Stevie Wonder,,"Paradise, Kentucky, United States, North America",City,Direct,paradise,37.268056,-86.983611,,,"n — paradise as in heaven or bliss, not Paradise, Kentucky",Stevie Wonder,Characters,Album,Stevie Wonder,https://musicbrainz.org/release-group/05177b0d-6b30-3cc0-802e-2ea00c2e1846
rock_hall,,2015,California Roll,Snoop Dogg ft. Stevie Wonder,,"California, United States, North America",State/Region,Direct,california,36.116,-119.682,,,y,Stevie Wonder,California Roll,Single,Snoop Dogg feat. Stevie Wonder,https://musicbrainz.org/release-group/ede16ddf-e244-4598-aa77-295e456b3075
rock_hall,,2007,Georgia Rose,Queen Latifah ft. Stevie Wonder,,"Georgia, United States, North America",State/Region,Direct,georgia,33.04,-83.643,also in the dataset by Tony Bennett,,y,Stevie Wonder; Queen Latifah,Trav’lin’ Light,Album,Queen Latifah feat. Stevie Wonder,https://musicbrainz.org/release-group/c7a634e8-3cfa-4843-b0ea-8f5747231a32
rock_hall,,1975,New York City,T. Rex,,"New York, New York, United States, North America",City,Direct,new york city,40.6643,-73.9385,also in the dataset by Zwol,,y,T. Rex,New York City / Solid Baby,Single,T. Rex,https://musicbrainz.org/release-group/fa8762d2-a9cf-4435-b4c2-f4e8eb7eeb16
rock_hall,,2026,Funky London Childhood,T. Rex,,"London, England, United Kingdom, Europe",City,Direct,london,51.5085,-0.1257,,,y,T. Rex,Funky London Childhood (Studio Take),EP,T. Rex,https://musicbrainz.org/release-group/824f800f-0f9d-41be-9a3b-daa550fa58b2
rock_hall,,1964,Memphis Tennessee,The Animals,,"Memphis, Tennessee, United States, North America",City,Direct,memphis + tennessee,35.1035,-89.9785,"also in the dataset by Chuck Berry, Dave Berry and the Cruisers",,y,The Animals,The Animals,Album,The Animals,https://musicbrainz.org/release-group/3131932b-bc2f-3c6a-a08c-23a5ae95ec27
rock_hall,,1966,Louisiana Blues,The Animals,,"Louisiana, United States, North America",State/Region,Direct,louisiana,31.169,-91.867,,,y,The Animals,Animalism,Album,The Animals,https://musicbrainz.org/release-group/f2689784-8a09-34a9-b53d-e49d9c3e0f23
rock_hall,,1968,New York 1963 – America 1968,Eric Burdon and The Animals,,"New York, New York, United States, North America",City,Direct,new york,40.6643,-73.9385,,,y,The Animals,Every One of Us,Album,Eric Burdon & The Animals,https://musicbrainz.org/release-group/5dd2602d-2bb4-3c1a-b477-b23fe4dd419d
rock_hall,,1968,New York 1963 – America 1968,Eric Burdon and The Animals,,"United States, North America",Country,Direct,america,38.8951,-77.0364,contains another place in this title — pre-marked n; set y only if both places are the point of the title,n,n — the inner place in this title has its own row,The Animals,Every One of Us,Album,Eric Burdon & The Animals,https://musicbrainz.org/release-group/5dd2602d-2bb4-3c1a-b477-b23fe4dd419d
rock_hall,,1971,Shoot Out in Chinatown,The Band,,"Chinatown, New York, New York, United States",Neighborhood/District,Direct,chinatown,,,,,n — Chinatown — excluded by earlier decision (can't pin to one city),The Band,Cahoots,Album,The Band,https://musicbrainz.org/release-group/7aba7905-7196-3583-b2c5-3e19a2b334c8
rock_hall,,1977,Georgia on My Mind,The Band,,"Georgia, United States, North America",State/Region,Direct,georgia,33.04,-83.643,"also in the dataset by Hoagy Carmichael, Michael Bolton, Ray Charles, The Righteous Brothers, Wes Montgomery, Willie Nelson",,y,The Band,Islands,Album,The Band,https://musicbrainz.org/release-group/44679673-e336-3f32-b441-a1565aa8545c
rock_hall,,1993,Amazon (River of Dreams),The Band,,"Amazon River, South America",Water/Natural Feature,Direct,amazon river,-3.119,-60.0217,,,y,The Band,Jericho,Album,The Band,https://musicbrainz.org/release-group/6e36098a-05d2-3cec-b909-7e0df9f3b214
rock_hall,,1993,Atlantic City,The Band,,"Atlantic City, New Jersey, United States, North America",City,Direct,atlantic city,39.36415,-74.42306,also in the dataset by Bruce Springsteen,,y,The Band,Atlantic City,Single,The Band,https://musicbrainz.org/release-group/1865b434-df20-33ff-be72-d47c0fc2784a
rock_hall,,1993,Move to Japan,The Band,,"Japan, Asia",Country,Direct,japan,35.6895,139.6917,,,y,The Band,Jericho,Album,The Band,https://musicbrainz.org/release-group/6e36098a-05d2-3cec-b909-7e0df9f3b214
rock_hall,,1994,Back to Memphis,The Band,,"Memphis, Tennessee, United States, North America",City,Direct,memphis,35.1035,-89.9785,,,y,The Band,Selections From The 3 CD Box Set “Across The Great Divide”,Album,The Band,https://musicbrainz.org/release-group/29b0bc3a-0352-4b29-a8cc-cc1c5d447899
rock_hall,,1998,French Girls,The Band,,"France, Europe",Country,Demonym,french,48.8534,2.3488,,,y,The Band,Jubilation,Album,The Band,https://musicbrainz.org/release-group/91ddd51a-522d-3bc9-a94f-82dfc88a495a
rock_hall,,1998,Kentucky Downpour,The Band,,"Kentucky, United States, North America",State/Region,Direct,kentucky,37.668,-84.67,,,y,The Band,Jubilation,Album,The Band,https://musicbrainz.org/release-group/91ddd51a-522d-3bc9-a94f-82dfc88a495a
rock_hall,,1998,Last Train to Memphis,The Band,,"Memphis, Tennessee, United States, North America",City,Direct,memphis,35.1035,-89.9785,,,y,The Band,Jubilation,Album,The Band,https://musicbrainz.org/release-group/91ddd51a-522d-3bc9-a94f-82dfc88a495a
rock_hall,,1962,Little Girl (You’re My Miss America),The Beach Boys,,"United States, North America",Country,Direct,america,38.8951,-77.0364,,,y,The Beach Boys,Surfin’ Safari,Album,The Beach Boys,https://musicbrainz.org/release-group/6ac5e93d-d669-34ee-8be5-5d3977bec839
rock_hall,,1963,Hawaii,The Beach Boys,,"Hawaii, United States, North America",State/Region,Direct,hawaii,21.094,-157.498,,,y,The Beach Boys,Surfer Girl,Album,The Beach Boys,https://musicbrainz.org/release-group/09f10c6c-e9b4-383c-9744-3df6e3d2770e
rock_hall,,1963,Spirit of America,The Beach Boys,,"United States, North America",Country,Direct,america,38.8951,-77.0364,,,y,The Beach Boys,Little Deuce Coupe,Album,The Beach Boys,https://musicbrainz.org/release-group/86a79fe7-50a3-3f80-8628-c9a5e6bab12f
rock_hall,,1964,We Three Kings of Orient Are,The Beach Boys,,East Asia,Continent/Region,Direct,orient,35,115,,,"n — 'We Three Kings of Orient Are', a carol",The Beach Boys,The Beach Boys’ Christmas Album,Album,The Beach Boys,https://musicbrainz.org/release-group/dae9e689-d16a-36c3-95b6-5e02891dd16f
rock_hall,,1965,The Girl From New York City,The Beach Boys,,"New York, New York, United States, North America",City,Direct,new york city,40.6643,-73.9385,,,y,The Beach Boys,Summer Days (and Summer Nights!!),Album,The Beach Boys,https://musicbrainz.org/release-group/51d1dbfa-b621-3eed-a611-2591718eba6a
rock_hall,,1970,Susie Cincinnati,The Beach Boys,,"Cincinnati, Ohio, United States, North America",City,Direct,cincinnati,39.1399,-84.5064,,,y,The Beach Boys,Add Some Music to Your Day,Single,The Beach Boys,https://musicbrainz.org/release-group/b23ae70d-c524-3181-88ad-752bdf16c46b
rock_hall,,1973,California Saga: Big Sur,The Beach Boys,,"California, United States, North America",State/Region,Direct,california,36.116,-119.682,may be the same song as 'California Saga' already in the dataset,,"n — a section of 'California Saga', already in the dataset",The Beach Boys,Holland,Album,The Beach Boys,https://musicbrainz.org/release-group/458f48ac-5063-3384-a65d-6963e3d18304
rock_hall,,1973,California Saga: California,The Beach Boys,,"California, United States, North America",State/Region,Direct,california,36.116,-119.682,may be the same song as 'California Saga' already in the dataset,,"n — a section of 'California Saga', already in the dataset",The Beach Boys,Holland,Album,The Beach Boys,https://musicbrainz.org/release-group/458f48ac-5063-3384-a65d-6963e3d18304
rock_hall,,1973,California Saga: The Beaks of Eagles,The Beach Boys,,"California, United States, North America",State/Region,Direct,california,36.116,-119.682,may be the same song as 'California Saga' already in the dataset,,"n — a section of 'California Saga', already in the dataset",The Beach Boys,Holland,Album,The Beach Boys,https://musicbrainz.org/release-group/458f48ac-5063-3384-a65d-6963e3d18304
rock_hall,,1976,Palisades Park,The Beach Boys,,"Palisades Park, New Jersey, United States, North America",City,Direct,palisades park,40.8482,-73.9976,"new place — pin approximate, check it; also in the dataset by Freddy Cannon",,y,The Beach Boys,15 Big Ones,Album,The Beach Boys,https://musicbrainz.org/release-group/b044386c-21fd-3bc3-9c55-8e4df91830f2
rock_hall,,1978,Belles of Paris,The Beach Boys,,"Paris, France, Europe",City,Direct,paris,48.8534,2.3488,,,y,The Beach Boys,M.I.U. Album,Album,The Beach Boys,https://musicbrainz.org/release-group/831134fb-1aa2-30f8-9045-469c3df17daa
rock_hall,,1980,Santa Ana Winds,The Beach Boys,,"Santa Ana, California, United States, North America",City,Direct,santa ana,33.7456,-117.8678,"new place — pin from geonamescache, check it",,y,The Beach Boys,Livin' with a Heartache,Single,The Beach Boys,https://musicbrainz.org/release-group/56ef3fcb-d11f-46ca-98a9-21fe296b5888
rock_hall,,1985,California Calling,The Beach Boys,,"California, United States, North America",State/Region,Direct,california,36.116,-119.682,,,y,The Beach Boys,The Beach Boys,Album,The Beach Boys,https://musicbrainz.org/release-group/9ae9a6ec-181c-3025-bcd1-aa3184d50618
rock_hall,,1989,Somewhere Near Japan,The Beach Boys,,"Japan, Asia",Country,Direct,japan,35.6895,139.6917,,,y,The Beach Boys,Still Cruisin’,Album,The Beach Boys,https://musicbrainz.org/release-group/4f6a66c0-c5e1-3ae1-8810-3b6f451a5c6c
rock_hall,,1992,Lahaina Aloha,The Beach Boys,,"Aloha, Oregon",City,Direct,aloha,,,,,"n — 'aloha' is a greeting, not Aloha, Oregon",The Beach Boys,Summer in Paradise,Album,The Beach Boys,https://musicbrainz.org/release-group/530efbfd-c678-39ca-9f69-f3d15920309d
rock_hall,,1992,Summer in Paradise,The Beach Boys,,"Paradise, Kentucky, United States, North America",City,Direct,paradise,37.268056,-86.983611,,,"n — paradise as in heaven or bliss, not Paradise, Kentucky",The Beach Boys,Summer in Paradise,Album,The Beach Boys,https://musicbrainz.org/release-group/530efbfd-c678-39ca-9f69-f3d15920309d
rock_hall,,1996,Long Tall Texan,The Beach Boys ft. Doug Supernaw,,"Texas, United States, North America",State/Region,Demonym,texan,31.054,-97.563,also in the dataset by Murry Kellum,,y,The Beach Boys,"Stars & Stripes, Volume 1",Album,The Beach Boys feat. Doug Supernaw,https://musicbrainz.org/release-group/0588a04b-648f-3ce5-bc45-af4cba55f424
rock_hall,,1964,Kansas City,The Beatles,,"Kansas City, Missouri, United States, North America",City,Direct,kansas city,39.1252,-94.5511,"also in the dataset by Hank Ballard And The Midnighters, James Brown And The Famous Flames, Little Richard, Rocky Olson, The New Basement Tapes, Trini Lopez, Wilbert Harrison",,y,The Beatles,Beatles for Sale,Album,The Beatles,https://musicbrainz.org/release-group/f50a3b6f-27f0-3832-bd3f-3568dc557d95
rock_hall,,1965,Spanish Harlem Incident,The Byrds,,"East Harlem, New York, New York, United States, North America",Neighborhood/District,Direct,spanish harlem,40.7957,-73.9389,,,y,The Byrds,Mr. Tambourine Man,Album,The Byrds,https://musicbrainz.org/release-group/2b83d3e4-d461-31d6-9e2a-c99b69421e28
rock_hall,,1968,Blue Canadian Rockies,The Byrds,,"Canada, North America",Country,Demonym,canadian,45.4112,-75.6981,,,y,The Byrds,Sweetheart of the Rodeo,Album,The Byrds,https://musicbrainz.org/release-group/2a02ea31-7a7f-3a46-8a46-aebfac434a81
rock_hall,,1969,Deportee (Plane Wreck at Los Gatos),The Byrds,,"Los Gatos Canyon, Fresno County, California, United States, North America",Water/Natural Feature,Direct,los gatos,36.18,-120.46,"new place — pin approximate, check it; place changed from 'Los Gatos, California'",,"y — the 1948 crash was in Los Gatos Canyon near Coalinga, not the town of Los Gatos",The Byrds,Ballad of Easy Rider,Album,The Byrds,https://musicbrainz.org/release-group/22c62cad-67d1-30a1-a4fc-73715b86361a
rock_hall,,1969,Nashville West,The Byrds,,"Nashville, Tennessee, United States, North America",City,Direct,nashville,36.1718,-86.785,,,y,The Byrds,Dr. Byrds & Mr. Hyde,Album,The Byrds,https://musicbrainz.org/release-group/3445830d-5cd8-3c91-9970-aa08591d50d1
rock_hall,,1969,Tulsa County Blue,The Byrds,,"Tulsa, Oklahoma, United States, North America",City,Direct,tulsa,36.1279,-95.9023,,,y,The Byrds,Ballad of Easy Rider,Album,The Byrds,https://musicbrainz.org/release-group/22c62cad-67d1-30a1-a4fc-73715b86361a
rock_hall,,1970,Lover of the Bayou,The Byrds,,"Louisiana Bayou, Louisiana, United States, North America",Continent/Region,Direct,the bayou,29.9,-91.3,,,y,The Byrds,(Untitled),Album,The Byrds,https://musicbrainz.org/release-group/b67d5581-1e93-3a96-a9ec-e4e8334a9c28
rock_hall,,1971,America's Great National Pastime,The Byrds,,"United States, North America",Country,Direct,america,38.8951,-77.0364,,,y,The Byrds,Farther Along,Album,The Byrds,https://musicbrainz.org/release-group/84cfd878-876b-3b87-97c2-f3e8960066d1
rock_hall,,1971,Bristol Steam Convention Blues,The Byrds,,"Bristol, Tennessee, United States, North America",City,Direct,bristol,36.5951,-82.1887,"new place — pin from geonamescache, check it; place changed from 'Bristol, Pennsylvania, United States, North America'",,"? — Bristol Steam Convention is Bristol, Tennessee/Virginia, not Pennsylvania",The Byrds,Farther Along,Album,The Byrds,https://musicbrainz.org/release-group/84cfd878-876b-3b87-97c2-f3e8960066d1
rock_hall,,1971,Jamaica Say You Will,The Byrds,,"Jamaica, North America",Country,Direct,jamaica,17.997,-76.7936,,,y,The Byrds,Byrdmaniax,Album,The Byrds,https://musicbrainz.org/release-group/2c3ec437-8ddd-3e26-9fe0-744d98adcd25
rock_hall,,1978,Safe European Home,The Clash,,Europe,Continent/Region,Demonym,european,54.526,15.2551,,,y,The Clash,Give ’Em Enough Rope,Album,The Clash,https://musicbrainz.org/release-group/fcd23bde-a71f-3a1e-8c7a-cde4eb427532
rock_hall,,1980,Broadway,The Clash,,"Broadway, New York, New York, United States, North America",Street/Landmark,Direct,broadway,40.759,-73.9845,also in the dataset by Goo Goo Dolls,,y,The Clash,Sandinista!,Album,The Clash,https://musicbrainz.org/release-group/ff729e76-b7c5-3877-bf7d-bbad4fde43cb
rock_hall,,1980,Rockers Galore…UK Tour,The Clash ft. Mikey Dread,,"United Kingdom, Europe",Country,Direct,uk,51.5085,-0.1257,,,y,The Clash,Bankrobber,Single,The Clash feat. Mikey Dread,https://musicbrainz.org/release-group/69ccba00-06b2-3d4a-a4cf-b93322e424bb
rock_hall,,1982,First Night Back in London,The Clash,,"London, England, United Kingdom, Europe",City,Direct,london,51.5085,-0.1257,,,y,The Clash,Should I Stay or Should I Go?,Single,The Clash,https://musicbrainz.org/release-group/680a8e86-eae4-32e1-9ca1-9101bc325e8d
rock_hall,,1956,Brazil,The Coasters,,"Brazil, South America",Country,Direct,brazil,-15.7939,-47.8828,"also in the dataset by Baby Doll, Crispy and Company, Declan McKenna, Jimmy Dorsey, The Ritchie Family, Xavier Cugat",,y,The Coasters,One Kiss Led to Another / Brazil,Single,The Coasters,https://musicbrainz.org/release-group/db4e6aa6-e547-4a26-882f-6f707c8584ff
rock_hall,,1956,Down In Mexico,The Coasters,,"Mexico, North America",Country,Direct,mexico,19.4285,-99.1277,,,y,The Coasters,Down In Mexico / Turtle Dovin',Single,The Coasters,https://musicbrainz.org/release-group/43eaa1f4-273c-455e-97d4-9815217514c5
rock_hall,,1960,Moonlight in Vermont,The Coasters,,"Vermont, United States, North America",State/Region,Direct,vermont,44.08,-72.71,also in the dataset by Ella Fitzgerald and Louis Armstrong,,y,The Coasters,One by One,Album,The Coasters,https://musicbrainz.org/release-group/83cb1f75-e66f-4f0e-b7ba-29bb499ed2f4
rock_hall,,1961,Little Egypt (Ying-Yang),The Coasters,,"Egypt, Africa",Country,Direct,egypt,30.0626,31.2497,,,n — Little Egypt is a dancer's stage name,The Coasters,Little Egypt (Ying-Yang) / Keep On Rolling,Single,The Coasters,https://musicbrainz.org/release-group/3968eb1b-7e9d-38c4-a16d-8010cd018f09
rock_hall,,1973,On Broadway,The Coasters,,"Broadway, New York, New York, United States, North America",Street/Landmark,Direct,broadway,40.759,-73.9845,"also in the dataset by George Benson, The Drifters",,y,The Coasters,On Broadway,Album,The Coasters,https://musicbrainz.org/release-group/baa9ccf2-9813-4afb-a209-a217a9d73886
rock_hall,,1958,Fool’s Paradise,The Crickets,,"Paradise, Kentucky, United States, North America",City,Direct,paradise,37.268056,-86.983611,,,"n — paradise as in heaven or bliss, not Paradise, Kentucky",The Crickets,Think It Over / Fool’s Paradise,Single,The Crickets,https://musicbrainz.org/release-group/bd1039b9-5267-48e0-a7df-ac679fece3d9
rock_hall,,1963,Little Hollywood Girl,The Crickets,,"Hollywood, California, United States, North America",Neighborhood/District,Direct,hollywood,34.0928,-118.3287,,,y,The Crickets,"Something Old, Something New, Something Blue, Somethin’ Else!",Album,The Crickets,https://musicbrainz.org/release-group/bac2ff08-d741-362d-8617-7cad85e01744
rock_hall,,1963,Parisian Girl,The Crickets,,"Paris, France, Europe",City,Demonym,parisian,48.8534,2.3488,,,y,The Crickets,"Something Old, Something New, Something Blue, Somethin’ Else!",Album,The Crickets,https://musicbrainz.org/release-group/bac2ff08-d741-362d-8617-7cad85e01744
rock_hall,,1973,Ooh Las Vegas,The Crickets,,"Las Vegas, Nevada, United States, North America",City,Direct,las vegas,36.2277,-115.264,,,y,The Crickets,Remnants,Album,The Crickets,https://musicbrainz.org/release-group/d5156698-5658-4a00-befe-9fe23a4bd259
rock_hall,,1973,Wasn’t It Nice in New York City?,The Crickets,,"New York, New York, United States, North America",City,Direct,new york city,40.6643,-73.9385,,,y,The Crickets,"Bubblegum, Bop, Ballad and Boogies",Album,The Crickets,https://musicbrainz.org/release-group/e06ae091-19be-4f74-adcb-8cb2a663a949
rock_hall,,1974,An American Love Affair,The Crickets,,"United States, North America",Country,Demonym,american,38.8951,-77.0364,,,y,The Crickets,A Long Way From Lubbock,Album,The Crickets,https://musicbrainz.org/release-group/6e1e6062-2884-499e-bbfd-d11c09ae8b16
rock_hall,,1979,Fire in Cairo,The Cure,,"Cairo, Egypt, Africa",City,Direct,cairo,30.0626,31.2497,,,y,The Cure,Three Imaginary Boys,Album,The Cure,https://musicbrainz.org/release-group/76dc56cc-0f0f-31df-90cc-4522ca211a0d
rock_hall,,1981,Charlotte Sometimes,The Cure,,"Charlotte, North Carolina, United States, North America",City,Direct,charlotte,35.2087,-80.8307,UK chart but a little-used US place — check it isn't a British namesake,,n — a person named Charlotte,The Cure,Charlotte Sometimes,Single,The Cure,https://musicbrainz.org/release-group/148a73e5-4ff6-34e2-8129-daffc7f49922
rock_hall,,1982,Siamese Twins,The Cure,,"Thailand, Asia",Country,Demonym,siamese,13.754,100.5014,,,n — Siamese twins,The Cure,Pornography,Album,The Cure,https://musicbrainz.org/release-group/5d4f8f19-23cf-34cf-b225-8cd0339c37de
rock_hall,,1985,Kyoto Song,The Cure,,"Kyoto, Japan, Asia",City,Direct,kyoto,35.0211,135.7538,,,y,The Cure,The Head on the Door,Album,The Cure,https://musicbrainz.org/release-group/cf5d6187-e43b-3848-ba51-8ec1df3d97e3
rock_hall,,1987,A Japanese Dream,The Cure,,"Japan, Asia",Country,Demonym,japanese,35.6895,139.6917,,,y,The Cure,Why Can’t I Be You?,Single,The Cure,https://musicbrainz.org/release-group/22a3a3b0-ed4b-352b-8b70-ba6601ce0408
rock_hall,,1996,Club America,The Cure,,"United States, North America",Country,Direct,america,38.8951,-77.0364,,,y,The Cure,Wild Mood Swings,Album,The Cure,https://musicbrainz.org/release-group/022a265e-a85d-3462-988e-15228a4ca44b
rock_hall,,2008,Down Under,The Cure,,"Australia, Oceania",Continent/Region,Nickname,down under,-35.2809,149.13,"also in the dataset by Luude ft. Colin Hay, Men at Work",,y,The Cure,Sleep When I’m Dead,Single,The Cure,https://musicbrainz.org/release-group/145e2f35-40a1-355d-94a5-321a9f8a777c
rock_hall,,1963,On Broadway,The Dave Clark Five,,"Broadway, New York, New York, United States, North America",Street/Landmark,Direct,broadway,40.759,-73.9845,"also in the dataset by George Benson, The Drifters",,y,The Dave Clark Five,A Session With the Dave Clark Five,Album,The Dave Clark Five,https://musicbrainz.org/release-group/333aabb5-6778-306e-8caa-72a5355173cf
rock_hall,,1969,Memphis Tennessee,The Dave Clark Five,,"Memphis, Tennessee, United States, North America",City,Direct,memphis + tennessee,35.1035,-89.9785,"also in the dataset by Chuck Berry, Dave Berry and the Cruisers",,y,The Dave Clark Five,Play Good Old Rock 'n' Roll,Single,The Dave Clark Five,https://musicbrainz.org/release-group/cda54c29-7aa3-47ae-b283-5bd0973b6151
rock_hall,,1972,Paradise Is Half as Nice,The Dave Clark Five,,"Paradise, Kentucky, United States, North America",City,Direct,paradise,37.268056,-86.983611,UK chart but a little-used US place — check it isn't a British namesake,,"n — paradise as in heaven or bliss, not Paradise, Kentucky",The Dave Clark Five,Dave Clark and Friends,Album,The Dave Clark Five,https://musicbrainz.org/release-group/6e5001a7-fe7d-3c80-81a9-93fd9d5ca8d0
rock_hall,,1969,By the Time I Get to Phoenix,The Dells,,"Phoenix, Arizona, United States, North America",City,Direct,phoenix,33.5722,-112.088,"also in the dataset by Glen Campbell and Anne Murray, Isaac Hayes, The Mad Lads",,y,The Dells,Love Is Blue,Album,The Dells,https://musicbrainz.org/release-group/4c296db5-c4bc-33be-bddb-2c57af5dc5de
rock_hall,,1969,Wichita Lineman,The Dells,,"Wichita, Kansas, United States, North America",City,Direct,wichita,37.6907,-97.3427,"also in the dataset by Glen Campbell, Sergio Mendes & Brasil '66",,y,The Dells,Love Is Blue,Album,The Dells,https://musicbrainz.org/release-group/4c296db5-c4bc-33be-bddb-2c57af5dc5de
rock_hall,,1972,Windy City Soul,The Dells,,"Chicago, Illinois, United States, North America",City,Nickname,windy city,41.8376,-87.6818,,,y,The Dells,Sweet as Funk Can Be,Album,The Dells,https://musicbrainz.org/release-group/ff71ae2f-80d0-4d51-910c-2b28d264e966
rock_hall,,1976,West Virginia Symphony,The Dells,,"West Virginia, United States, North America",State/Region,Direct,west virginia,39,-80,,,y,The Dells,No Way Back,Album,The Dells,https://musicbrainz.org/release-group/0c768740-bb03-450c-9728-ae36e247d3b9
rock_hall,,1971,Chicago,The Doobie Brothers,,"Chicago, Illinois, United States, North America",City,Direct,chicago,41.8376,-87.6818,"also in the dataset by Elton John and Kiki Dee, Frank Sinatra, Graham Nash, Michael Jackson, Sufjan Stevens",,y,The Doobie Brothers,The Doobie Brothers,Album,The Doobie Brothers,https://musicbrainz.org/release-group/f6a5f0e2-6165-39f9-810e-25ad4faeddb8
rock_hall,,1972,Toulouse Street,The Doobie Brothers,,"Toulouse Street, New Orleans, Louisiana, United States, North America",Street/Landmark,Direct,toulouse,29.9576,-90.065,"new place — pin approximate, check it; place changed from 'Toulouse, France, Europe'",,"y — Toulouse Street, New Orleans",The Doobie Brothers,Listen to the Music / Toulouse Street,Single,The Doobie Brothers,https://musicbrainz.org/release-group/8b3c0ece-7428-4436-b73f-57bf48cf6ffc
rock_hall,,1973,Dark Eyed Cajun Woman,The Doobie Brothers,,"Louisiana, United States, North America",State/Region,Demonym,cajun,31.169,-91.867,,,y,The Doobie Brothers,The Captain and Me,Album,The Doobie Brothers,https://musicbrainz.org/release-group/023d4049-d7ce-3d2c-a6db-7bf675bf5dc2
rock_hall,,1973,Ukiah,The Doobie Brothers,,"Ukiah, California, United States, North America",City,Direct,ukiah,39.1502,-123.2078,"new place — pin from geonamescache, check it",,y,The Doobie Brothers,The Captain and Me,Album,The Doobie Brothers,https://musicbrainz.org/release-group/023d4049-d7ce-3d2c-a6db-7bf675bf5dc2
rock_hall,,1975,Texas Lullaby,The Doobie Brothers,,"Texas, United States, North America",State/Region,Direct,texas,31.054,-97.563,,,y,The Doobie Brothers,Stampede,Album,The Doobie Brothers,https://musicbrainz.org/release-group/7366bbf8-b921-3e7b-a9ec-6bbbf5e79102
rock_hall,,1976,Rio,The Doobie Brothers,,"Rio de Janeiro, Brazil, South America",City,Direct,rio,-22.9064,-43.1822,also in the dataset by Michael Nesmith,,? — a song titled 'Rio' — Duran Duran's charted but isn't in the dataset (Rio is a woman); check,The Doobie Brothers,Takin’ It to the Streets,Album,The Doobie Brothers,https://musicbrainz.org/release-group/a438be35-7fd1-3953-ae47-54523a72d8c5
rock_hall,,1977,Chinatown,The Doobie Brothers,,"Chinatown, New York, New York, United States",Neighborhood/District,Direct,chinatown,,,,,n — Chinatown — excluded by earlier decision (can't pin to one city),The Doobie Brothers,Livin’ on the Fault Line,Album,The Doobie Brothers,https://musicbrainz.org/release-group/ddd219ca-90bf-398e-9f56-011bed3e0fe8
rock_hall,,2000,Five Corners,The Doobie Brothers,,"Five Corners, Washington",City,Direct,five corners,,,,,n — Five Corners can't be pinned to one place,The Doobie Brothers,Sibling Rivalry,Album,The Doobie Brothers,https://musicbrainz.org/release-group/7f32e0c7-d9db-3e81-b244-529d3717971f
rock_hall,,2010,New York Dream,The Doobie Brothers,,"New York, New York, United States, North America",City,Direct,new york,40.6643,-73.9385,,,y,The Doobie Brothers,World Gone Crazy,Album,The Doobie Brothers,https://musicbrainz.org/release-group/6d527f30-f354-45e0-ae3f-6ac3c95b9dd2
rock_hall,,2021,Oh Mexico,The Doobie Brothers,,"Mexico, North America",Country,Direct,mexico,19.4285,-99.1277,,,y,The Doobie Brothers,The Doobie Brothers,EP,The Doobie Brothers,https://musicbrainz.org/release-group/596040e4-5fed-4b3d-ab1d-9434870b82f7
rock_hall,,2021,The American Dream,The Doobie Brothers,,"United States, North America",Country,Demonym,american,38.8951,-77.0364,"also in the dataset by Crosby, Stills, Nash & Young, Jakatta, LCD Soundsystem, Power of Dreams, Simon F",,y,The Doobie Brothers,Liberté,Album,The Doobie Brothers,https://musicbrainz.org/release-group/c299a214-494c-43cc-8795-073d97ff9ef6
rock_hall,,2025,New Orleans,The Doobie Brothers,,"New Orleans, Louisiana, United States, North America",City,Direct,new orleans,30.0686,-89.939,"also in the dataset by Bern Elliott and the Fenmen, Eddie Hodges, Gary U.S. Bonds, Gillan, Harley Quinne, Neil Diamond, The Staple Singers",,y,The Doobie Brothers,Walk This Road,Album,The Doobie Brothers,https://musicbrainz.org/release-group/0171932e-296d-4241-b869-8a5d30c78e0f
rock_hall,,1968,Spanish Caravan,The Doors,,"Spain, Europe",Country,Demonym,spanish,40.4165,-3.7026,,,y,The Doors,Waiting for the Sun,Album,The Doors,https://musicbrainz.org/release-group/fcd64234-7729-3697-b5db-e172b739ef40
rock_hall,,1972,The Peking King and the New York Queen,The Doors,,"New York, New York, United States, North America",City,Direct,new york,40.6643,-73.9385,,,y,The Doors,Full Circle,Album,The Doors,https://musicbrainz.org/release-group/de421f76-b558-3ebd-9d6b-57a6c9c2b2ff
rock_hall,,2022,Paris Blues,The Doors,,"Paris, France, Europe",City,Direct,paris,48.8534,2.3488,,,y,The Doors,Paris Blues,Single,The Doors,https://musicbrainz.org/release-group/ab1afa6b-a29a-4bc8-a15c-2506f8cc7938
rock_hall,,1960,Baltimore,The Drifters,,"Baltimore, Maryland, United States, North America",City,Direct,baltimore,39.3002,-76.6105,"also in the dataset by Photek, Randy Newman",,y,The Drifters,This Magic Moment / Baltimore,Single,The Drifters,https://musicbrainz.org/release-group/c54b335f-840a-3894-ac2f-36343a1f41c2
rock_hall,,1962,Mexican Divorce,The Drifters,,"Mexico, North America",Country,Demonym,mexican,19.4285,-99.1277,,,y,The Drifters,Save the Last Dance for Me,Album,The Drifters,https://musicbrainz.org/release-group/a18f16a4-312d-3684-b193-3eac1e617b0b
rock_hall,,1964,Spanish Lace,The Drifters,,"Spain, Europe",Country,Demonym,spanish,40.4165,-3.7026,also in the dataset by Gene McDaniels,,y,The Drifters,Saturday Night at the Movies / Spanish Lace,Single,The Drifters,https://musicbrainz.org/release-group/6d77f042-a15b-4efc-bf85-04ed55ae5a3a
rock_hall,,1975,Harlem Child,The Drifters,,"Harlem, New York, New York, United States, North America",Neighborhood/District,Direct,harlem,40.8116,-73.9465,,,y,The Drifters,There Goes My First Love,Album,The Drifters,https://musicbrainz.org/release-group/24591006-a007-4b0d-958c-ed11b9085460
rock_hall,,1976,Sweet Little Rock 'n Roller,The Drifters,,"Little Rock, Arkansas, United States, North America",City,Direct,little rock,34.7254,-92.3586,,,n — 'little rock' here is rock 'n' roll or rock candy,The Drifters,Every Nite's a Saturday Night,Album,The Drifters,https://musicbrainz.org/release-group/4e4e284d-7867-4db7-9628-14b34f81af0a
rock_hall,,1958,Kentucky,The Everly Brothers,,"Kentucky, United States, North America",State/Region,Direct,kentucky,37.668,-84.67,,,y,The Everly Brothers,Songs Our Daddy Taught Us,Album,The Everly Brothers,https://musicbrainz.org/release-group/de99c164-497b-468b-9629-49f9d91f08cb
rock_hall,,1960,Nashville Blues,The Everly Brothers,,"Nashville, Tennessee, United States, North America",City,Direct,nashville,36.1718,-86.785,also in the dataset by The Nitty Gritty Dirt Band,,y,The Everly Brothers,It’s Everly Time!,Album,The Everly Brothers,https://musicbrainz.org/release-group/cd796fe4-28b7-3ad6-8e54-b9b56794804e
rock_hall,,1961,"Hi‐Lilli, Hi‐Lo",The Everly Brothers,,"Hilo, Hawaii",City,Direct,hilo,,,,,"n — Hi-Lo, not Hilo",The Everly Brothers,Both Sides of an Evening,Album,The Everly Brothers,https://musicbrainz.org/release-group/0a053209-1028-381b-93c2-8106d64b51b8
rock_hall,,1961,Mention My Name in Sheboygan,The Everly Brothers,,"Sheboygan, Wisconsin, United States, North America",City,Direct,sheboygan,43.7508,-87.7145,"new place — pin from geonamescache, check it",,y,The Everly Brothers,Both Sides of an Evening,Album,The Everly Brothers,https://musicbrainz.org/release-group/0a053209-1028-381b-93c2-8106d64b51b8
rock_hall,,1962,When It’s Night Time in Italy It’s Wednesday Over Here,The Everly Brothers,,"Italy, Europe",Country,Direct,italy,41.8919,12.5113,,,y,The Everly Brothers,Instant Party!,Album,The Everly Brothers,https://musicbrainz.org/release-group/da0040c5-8bee-38ba-a1b5-56c9f4650fa6
rock_hall,,1964,Honolulu,The Everly Brothers,,"Honolulu, Hawaii, United States, North America",City,Direct,honolulu,21.3259,-157.8453,,,y,The Everly Brothers,"Gone, Gone, Gone",Album,The Everly Brothers,https://musicbrainz.org/release-group/350b9e62-08d7-3cac-9a72-a1d8c9619be5
rock_hall,,1965,Kansas City,The Everly Brothers,,"Kansas City, Missouri, United States, North America",City,Direct,kansas city,39.1252,-94.5511,"also in the dataset by Hank Ballard And The Midnighters, James Brown And The Famous Flames, Little Richard, Rocky Olson, The New Basement Tapes, Trini Lopez, Wilbert Harrison",,y,The Everly Brothers,Rock’n Soul,Album,The Everly Brothers,https://musicbrainz.org/release-group/1bed44c2-a287-493c-9d6a-33a405b8b4f2
rock_hall,,1968,Illinois,The Everly Brothers,,"Illinois, United States, North America",State/Region,Direct,illinois,40.349457,-88.986137,,,y,The Everly Brothers,Roots,Album,The Everly Brothers,https://musicbrainz.org/release-group/04870af0-f45f-3c12-ada9-d97d36eb13cb
rock_hall,,1968,T for Texas (Blue Yodel No. 1),The Everly Brothers,,"Texas, United States, North America",State/Region,Direct,texas,31.054,-97.563,,,y,The Everly Brothers,Roots,Album,The Everly Brothers,https://musicbrainz.org/release-group/04870af0-f45f-3c12-ada9-d97d36eb13cb
rock_hall,,1968,Ventura Boulevard,The Everly Brothers,,"Ventura Boulevard, Los Angeles, California, United States, North America",Street/Landmark,Direct,ventura,34.1504,-118.448,"new place — pin approximate, check it; place changed from 'Ventura, California, United States, North America'",,y — place corrected,The Everly Brothers,Roots,Album,The Everly Brothers,https://musicbrainz.org/release-group/04870af0-f45f-3c12-ada9-d97d36eb13cb
rock_hall,,1972,Del Rio Dan,The Everly Brothers,,"Del Rio, Texas",City,Direct,del rio,,,,,n — a person,The Everly Brothers,Stories We Could Tell,Album,The Everly Brothers,https://musicbrainz.org/release-group/9a37beed-f876-4262-8b6c-db9b91e58bd3
rock_hall,,1972,I’m Tired of Singing My Song in Las Vegas,The Everly Brothers,,"Las Vegas, Nevada, United States, North America",City,Direct,las vegas,36.2277,-115.264,,,y,The Everly Brothers,Stories We Could Tell,Album,The Everly Brothers,https://musicbrainz.org/release-group/9a37beed-f876-4262-8b6c-db9b91e58bd3
rock_hall,,1972,Paradise,The Everly Brothers,,"Paradise, Kentucky, United States, North America",City,Direct,paradise,37.268056,-86.983611,also in the dataset by John Prine,,"? — may be a cover of John Prine's 'Paradise' (Paradise, Kentucky) — check",The Everly Brothers,Pass the Chicken & Listen,Album,The Everly Brothers,https://musicbrainz.org/release-group/b42dbcb3-db3c-4f8c-9a63-506b08930b1a
rock_hall,,1972,The Brand New Tennessee Waltz,The Everly Brothers,,"Tennessee, United States, North America",State/Region,Direct,tennessee,35.747,-86.692,,,y,The Everly Brothers,Stories We Could Tell,Album,The Everly Brothers,https://musicbrainz.org/release-group/9a37beed-f876-4262-8b6c-db9b91e58bd3
rock_hall,,1964,Teahouse in China Town,Four Tops,,"China, Asia",Country,Direct,china,39.9075,116.3972,,,n — Chinatown — excluded by earlier decision (can't pin to one city),The Four Tops,Four Tops,Album,Four Tops,https://musicbrainz.org/release-group/d117fc1a-232d-306b-909b-2ef47d365b94
rock_hall,,1967,Hello Broadway,The Four Tops,,"Broadway, New York, New York, United States, North America",Street/Landmark,Direct,broadway,40.759,-73.9845,,,y,The Four Tops,Four Tops on Broadway,Album,The Four Tops,https://musicbrainz.org/release-group/4578d97d-ab45-4aec-ae32-ba184df0fd36
rock_hall,,1967,Last Train to Clarksville,Four Tops,,"Clarksville, Tennessee, United States",City,Direct,clarksville,,,,,n — Clarksville — excluded by earlier decision (many Clarksvilles),The Four Tops,Reach Out,Album,Four Tops,https://musicbrainz.org/release-group/6fdc3cfa-7bac-3b19-aa87-94947ef40ffa
rock_hall,,1968,By the Time I Get to Phoenix,Four Tops,,"Phoenix, Arizona, United States, North America",City,Direct,phoenix,33.5722,-112.088,"also in the dataset by Glen Campbell and Anne Murray, Isaac Hayes, The Mad Lads",,y,The Four Tops,Yesterday’s Dreams,Album,Four Tops,https://musicbrainz.org/release-group/cfce5d81-8c82-3079-a0b7-063a1fabd96e
rock_hall,,1969,California Dreamin’,Four Tops,,"California, United States, North America",State/Region,Direct,california,36.116,-119.682,"also in the dataset by America, Bobby Womack, Colorado, High Jinx, River City People, Royal Gigolos, Sia, The Beach Boys, The Mamas & The Papas",,y,The Four Tops,Soul Spin,Album,Four Tops,https://musicbrainz.org/release-group/66c1a278-a5ba-3726-a32b-3c038fbc06f8
rock_hall,,1970,Cumberland Blues,Grateful Dead,,"Cumberland Mountains, Kentucky/Tennessee, United States, North America",Water/Natural Feature,Direct,cumberland,36.75,-83.6,"new place — pin approximate, check it; place changed from 'Cumberland, Rhode Island'",,"? — Cumberland Mountains (Kentucky/Tennessee), not Cumberland, Rhode Island",The Grateful Dead,Workingman’s Dead,Album,Grateful Dead,https://musicbrainz.org/release-group/6fdb82d8-9aee-35ed-8092-8434866bab7f
rock_hall,,1973,Mississippi Half-Step Uptown Toodleoo,Grateful Dead,,"Mississippi, United States, North America",State/Region,Direct,mississippi,32.741,-89.678,,,y,The Grateful Dead,Wake of the Flood,Album,Grateful Dead,https://musicbrainz.org/release-group/6cd576c6-ab98-35fc-8bc0-4dd2b845c1be
rock_hall,,1974,Pride of Cucamonga,Grateful Dead,,"Rancho Cucamonga, California, United States, North America",City,Direct,cucamonga,34.1233,-117.5642,,,y,The Grateful Dead,From the Mars Hotel,Album,Grateful Dead,https://musicbrainz.org/release-group/4994cbe4-228f-3f20-b519-8957d4c19ee4
rock_hall,,1978,France,Grateful Dead,,"France, Europe",Country,Direct,france,48.8534,2.3488,also in the dataset by Thk,,y,The Grateful Dead,Shakedown Street,Album,Grateful Dead,https://musicbrainz.org/release-group/8746cc0f-cf83-3878-b7c0-89913edc5210
rock_hall,,1980,Antwerp's Placebo (The Plumber),Grateful Dead,,"Antwerp, Belgium, Europe",City,Direct,antwerp,51.2205,4.4003,"new place — pin from geonamescache, check it",,y,The Grateful Dead,Go to Heaven,Album,Grateful Dead,https://musicbrainz.org/release-group/dfa266ba-e606-3abd-ab29-4086634a7566
rock_hall,,1998,"Kentucky Rye, Part 1",Grateful Dead and Merl Saunders,,"Kentucky, United States, North America",State/Region,Direct,kentucky,37.668,-84.67,,,y,The Grateful Dead,"The Twilight Zone, Volume One",Album (soundtrack),Grateful Dead & Merl Saunders,https://musicbrainz.org/release-group/5d35851d-affd-3afc-b7b1-0c957f9a5e6c
rock_hall,,1964,Memphis,The Hollies,,"Memphis, Tennessee, United States, North America",City,Direct,memphis,35.1035,-89.9785,"also in the dataset by Donnie Brooks, Joe Jackson, Johnny Rivers, Lonnie Mack",,y,The Hollies,Stay With the Hollies,Album,The Hollies,https://musicbrainz.org/release-group/b57f6524-05d4-3d00-82a9-fccafa6c0f51
rock_hall,,1972,Delaware Taggett and the Outlaw Boys,The Hollies,,"Delaware, United States, North America",State/Region,Direct,delaware,39.318,-75.507,,,n — a person named Delaware,The Hollies,Romany,Album,The Hollies,https://musicbrainz.org/release-group/607ef855-3743-3630-884e-374de9f3db93
rock_hall,,1975,4th of July Asbury Park (Sandy),The Hollies,,"Asbury Park, New Jersey, United States, North America",City,Direct,asbury park,40.22039,-74.01208,UK chart but a little-used US place — check it isn't a British namesake; also in the dataset by Bruce Springsteen,,y,The Hollies,Another Night,Album,The Hollies,https://musicbrainz.org/release-group/c7bc119f-b9f3-3bae-90cb-b66d84d58cbe
rock_hall,,1978,Boulder to Birmingham,The Hollies,,"Birmingham, Alabama, United States, North America",City,Direct,birmingham,33.5274,-86.799,also in the dataset by Emmylou Harris,,y,The Hollies,A Crazy Steal,Album,The Hollies,https://musicbrainz.org/release-group/02574543-bc48-3001-8f96-f0f90b349292
rock_hall,,1978,Boulder to Birmingham,The Hollies,,"Boulder, Colorado, United States, North America",City,Direct,boulder,39.993333,-105.245,UK chart but a little-used US place — check it isn't a British namesake; also in the dataset by Emmylou Harris,,y,The Hollies,A Crazy Steal,Album,The Hollies,https://musicbrainz.org/release-group/02574543-bc48-3001-8f96-f0f90b349292
rock_hall,,1978,Caracas,The Hollies,,"Caracas, Venezuela, South America",City,Direct,caracas,10.488,-66.8792,"new place — pin from geonamescache, check it",,y,The Hollies,A Crazy Steal,Album,The Hollies,https://musicbrainz.org/release-group/02574543-bc48-3001-8f96-f0f90b349292
rock_hall,,1967,100 Lbs. Of Clay,The Impressions,,"Clay, Kentucky, United States, North America",City,Direct,clay,37.476389,-87.820278,,,n — clay the material,The Impressions,The Fabulous Impressions,Album,The Impressions,https://musicbrainz.org/release-group/03fea8de-ecfc-475a-bdce-4b1b9401ca26
rock_hall,,1937,Alabama Barbecue,Ink Spots,,"Alabama, United States, North America",State/Region,Direct,alabama,32.806,-86.791,,,y,The Ink Spots,With Plenty of Money and You / Alabama Barbecue,Single,Ink Spots,https://musicbrainz.org/release-group/c1f4f5b9-e906-40c6-9eea-e54dee02d4ed
rock_hall,,1954,Stranger in Paradise,The Ink Spots,,"Paradise, Kentucky, United States, North America",City,Direct,paradise,37.268056,-86.983611,,,"n — paradise as in heaven or bliss, not Paradise, Kentucky",The Ink Spots,Stranger in Paradise / Changing Partners,Single,The Ink Spots,https://musicbrainz.org/release-group/7fb3bfa4-5cd9-4a83-bf54-7c4388414a61
rock_hall,,1960,My Wild Irish Rose,The Ink Spots,,"Ireland, Europe",Country,Demonym,irish,53.3331,-6.2489,"earliest MusicBrainz release is 1960, after The Ink Spots died (1944) — probably a reissue; use the original release year",,y,The Ink Spots,4 of a Kind,Album,The Ink Spots,https://musicbrainz.org/release-group/8ee59e89-d6e3-4f16-b124-72b93d9c4afe
rock_hall,,1960,Stars Fell on Alabama,The Ink Spots,,"Alabama, United States, North America",State/Region,Direct,alabama,32.806,-86.791,"also in the dataset by Billie Holiday, Don Rondo; earliest MusicBrainz release is 1960, after The Ink Spots died (1944) — probably a reissue; use the original release year",,y,The Ink Spots,4 of a Kind,Album,The Ink Spots,https://musicbrainz.org/release-group/8ee59e89-d6e3-4f16-b124-72b93d9c4afe
rock_hall,,1961,Hawaiian Wedding Song,"Charles Fuqua, The Ink Spots",,"Hawaii, United States, North America",State/Region,Demonym,hawaiian,21.094,-157.498,"also in the dataset by Andy Williams, Julie Rogers; earliest MusicBrainz release is 1961, after The Ink Spots died (1944) — probably a reissue; use the original release year",,y,The Ink Spots,Hawaiian Wedding Song / Careless Love,Single,"Charles Fuqua, The Ink Spots",https://musicbrainz.org/release-group/abdf097f-c9ec-4f9b-97b9-9b5c5a877feb
rock_hall,,1989,Christopher Columbus,The Ink Spots,,"Columbus, Ohio, United States, North America",City,Direct,columbus,39.9848,-82.985,,,"n — Christopher Columbus, a person",The Ink Spots,Swing High! Swing Low!,Album,The Ink Spots,https://musicbrainz.org/release-group/942944cb-a079-448c-ac17-d457f99aa959
rock_hall,,1959,St. Louis Blues,The Isley Brothers,,"St. Louis, Missouri, United States, North America",City,Direct,st louis,38.6357,-90.2446,also in the dataset by Bessie Smith and Louis Armstrong,,y,The Isley Brothers,Shout!,Album,The Isley Brothers,https://musicbrainz.org/release-group/f05e726d-e162-33e8-aba1-6873892e09ab
rock_hall,,1962,Spanish Twist,The Isley Brothers,,"Spain, Europe",Country,Demonym,spanish,40.4165,-3.7026,,,y,The Isley Brothers,Twist & Shout,Album,The Isley Brothers,https://musicbrainz.org/release-group/b3f65bdf-775d-3606-b8bb-bc5cdb4fcd64
rock_hall,,1971,Ohio,The Isley Brothers,,"Ohio, United States, North America",State/Region,Direct,ohio,40.388,-82.764,"also in the dataset by Crosby, Stills, Nash & Young, Modest Mouse, Utah Saints",,y,The Isley Brothers,Givin’ It Back,Album,The Isley Brothers,https://musicbrainz.org/release-group/e468a699-3a6e-3e89-8627-316b85030c07
rock_hall,,1992,Brazilian Wedding Song (Setembro),The Isley Brothers,,"Brazil, South America",Country,Demonym,brazilian,-15.7939,-47.8828,,,y,The Isley Brothers,Tracks of Life,Album,The Isley Brothers,https://musicbrainz.org/release-group/8f4d99ba-ad76-4d01-bcfc-9d7921ea46db
rock_hall,,1970,Goin’ Back to Indiana,The Jackson 5,,"Indiana, United States, North America",State/Region,Direct,indiana,39.849,-86.258,,,y,The Jackson 5,Third Album,Album,The Jackson 5,https://musicbrainz.org/release-group/2b0bb932-db34-3780-b5cd-0df61a03236a
rock_hall,,1967,David Watts,The Kinks,,"Watts, Los Angeles",Neighborhood/District,Direct,watts,,,,,"n — a person or unit named Watts, not Watts, Los Angeles",The Kinks,Something Else by The Kinks,Album,The Kinks,https://musicbrainz.org/release-group/ab0ea2d3-a273-3d7f-855b-f9930a1395cf
rock_hall,,1970,Berkeley Mews,The Kinks,,"Berkeley Square, London, England, United Kingdom, Europe",Street/Landmark,Direct,berkeley,51.51,-0.1465,,,y,The Kinks,Lola,Single,The Kinks,https://musicbrainz.org/release-group/f629b3d1-b9be-31d8-b282-2d73577237de
rock_hall,,1970,Denmark Street,The Kinks,,"Denmark Street, London, England, United Kingdom, Europe",Street/Landmark,Direct,denmark,51.5156,-0.1298,"new place — pin approximate, check it; place changed from 'Denmark'",,"y — Denmark Street, London",The Kinks,"Lola Versus Powerman and the Moneygoround, Part One",Album,The Kinks,https://musicbrainz.org/release-group/a84e8dfd-1492-3377-a6f0-34d324dc49d7
rock_hall,,1971,Oklahoma U.S.A.,The Kinks,,"Oklahoma, United States, North America",State/Region,Direct,oklahoma,35.565,-96.928,,,y,The Kinks,Muswell Hillbillies,Album,The Kinks,https://musicbrainz.org/release-group/1d86f378-3c70-36c6-92d6-583aab44016b
rock_hall,,1972,Look a Little on the Sunnyside,The Kinks,,"Sunnyside, New York",City,Direct,sunnyside,,,,,"n — the sunny side, not Sunnyside, New York",The Kinks,Everybody’s in Show‐Biz,Album,The Kinks,https://musicbrainz.org/release-group/c638a406-599f-3570-b3ca-f211e6d5c00b
rock_hall,,1989,UK Jive,The Kinks,,"United Kingdom, Europe",Country,Direct,uk,51.5085,-0.1257,,,y,The Kinks,UK Jive,Album,The Kinks,https://musicbrainz.org/release-group/dc334422-61d7-45fb-87d2-9c0d47f97e59
rock_hall,,1966,Coconut Grove,The Lovin' Spoonful,,"Coconut Grove, Miami, Florida, United States, North America",Neighborhood/District,Direct,coconut grove,25.728,-80.243,"new place — pin approximate, check it; place changed from 'Coconut Grove, Florida'",,y — place corrected,The Lovin' Spoonful,Hums of The Lovin’ Spoonful,Album,The Lovin’ Spoonful,https://musicbrainz.org/release-group/318d54e2-9c63-3033-a24e-f3b19d316bbd
rock_hall,,1967,Dixieland Big Boy,The Lovin' Spoonful,,"American South, United States, North America",Continent/Region,Nickname,dixieland,33,-86,,,y,The Lovin' Spoonful,You’re a Big Boy Now,Album (soundtrack),The Lovin’ Spoonful,https://musicbrainz.org/release-group/d6fdd8ca-3327-3d19-82f1-40b6cfcfa096
rock_hall,,1966,Spanish Harlem,The Mamas & The Papas,,"East Harlem, New York, New York, United States, North America",Neighborhood/District,Direct,spanish harlem,40.7957,-73.9389,"also in the dataset by Aretha Franklin, Ben E. King, Jimmy Justice, King Curtis, Sounds Incorporated",,y,The Mamas & The Papas,If You Can Believe Your Eyes and Ears,Album,The Mama’s and the Papa’s,https://musicbrainz.org/release-group/6399b0c8-a1a0-3674-92b5-585a574fdf20
rock_hall,,1971,European Blueboy,The Mamas & The Papas,,Europe,Continent/Region,Demonym,european,54.526,15.2551,,,y,The Mamas & The Papas,People Like Us,Album,The Mamas & the Papas,https://musicbrainz.org/release-group/3e7be980-0e67-3db1-95d4-676dd55e3fdc
rock_hall,,1971,Snowqueen of Texas,The Mamas & The Papas,,"Texas, United States, North America",State/Region,Direct,texas,31.054,-97.563,,,y,The Mamas & The Papas,People Like Us,Album,The Mamas & the Papas,https://musicbrainz.org/release-group/3e7be980-0e67-3db1-95d4-676dd55e3fdc
rock_hall,,1975,Poor Charlotte,The Miracles,,"Charlotte, North Carolina, United States, North America",City,Direct,charlotte,35.2087,-80.8307,,,n — a person named Charlotte,The Miracles,City of Angels,Album,The Miracles,https://musicbrainz.org/release-group/5e5f692e-18c4-42da-990e-2fe9d70684c0
rock_hall,,2007,We Three Kings Of Orient Are,The Miracles,,East Asia,Continent/Region,Direct,orient,35,115,,,"n — 'We Three Kings of Orient Are', a carol",The Miracles,James Brown Presents A Soulful Christmas,Album,The Miracles,https://musicbrainz.org/release-group/a85799b5-0f12-4a17-a0dc-c5e9c7674b4c
rock_hall,,1968,"Dr. Livingstone, I Presume",The Moody Blues,,"Livingstone, Zambia",City,Direct,livingstone,,,,,"n — David Livingstone, a person",The Moody Blues,Voices in the Sky,Single,The Moody Blues,https://musicbrainz.org/release-group/8d5b9bcc-9eb1-4fd0-81db-9d78f2ae0b74
rock_hall,,1968,Visions of Paradise,The Moody Blues,,"Paradise, Kentucky, United States, North America",City,Direct,paradise,37.268056,-86.983611,UK chart but a little-used US place — check it isn't a British namesake,,"n — paradise as in heaven or bliss, not Paradise, Kentucky",The Moody Blues,In Search of the Lost Chord,Album,The Moody Blues,https://musicbrainz.org/release-group/e817037c-2c6b-34be-a860-b51957f7e82a
rock_hall,,1999,English Sunset,The Moody Blues,,"England, United Kingdom, Europe",Country,Demonym,english,51.5074,-0.1278,,,y,The Moody Blues,Strange Times,Album,The Moody Blues,https://musicbrainz.org/release-group/11a1bd45-edb4-3c83-9666-b1c0b323eb41
rock_hall,,2017,NYC,Faith Evans and The Notorious B.I.G. ft. Jadakiss,,"New York, New York, United States, North America",City,Nickname,nyc,40.6643,-73.9385,"also in the dataset by Interpol, The Charlatans",,y,The Notorious B.I.G.,The King & I,Album,Faith Evans & The Notorious B.I.G. feat. Jadakiss,https://musicbrainz.org/release-group/1f1501bf-03c2-4fa0-b790-ca5bfd8bdec1
rock_hall,,2017,Party on the West Coast,"Matoma, Faith Evans and The Notorious B.I.G. ft. Snoop Dogg",,"West Coast, United States, North America",Continent/Region,Direct,west coast,40,-122,,,y,The Notorious B.I.G.,Party on the West Coast,Single,"Matoma, Faith Evans & The Notorious B.I.G. feat. Snoop Dogg",https://musicbrainz.org/release-group/0ded359f-b012-4307-b673-38065a5a69e2
rock_hall,,1976,Paradise,The O'Jays,,"Paradise, Kentucky, United States, North America",City,Direct,paradise,37.268056,-86.983611,also in the dataset by John Prine,,"n — paradise as in heaven or bliss, not Paradise, Kentucky",The O'Jays,Message in the Music,Album,The O’Jays,https://musicbrainz.org/release-group/5642e93b-0922-351f-8678-8be4db41c716
rock_hall,,1985,All Eyes on Africa,The O'Jays,,Africa,Continent/Region,Direct,africa,1.6508,17.6791,,,y,The O'Jays,Love Fever,Album,The O’Jays,https://musicbrainz.org/release-group/5bec166e-fc8f-408f-bca1-984ab66b41d5
rock_hall,,1985,I Love America,The O'Jays,,"United States, North America",Country,Direct,america,38.8951,-77.0364,also in the dataset by Patrick Juvet,,y,The O'Jays,Love Fever,Album,The O’Jays,https://musicbrainz.org/release-group/5bec166e-fc8f-408f-bca1-984ab66b41d5
rock_hall,,1960,Moonlight on the Colorado,The Platters,,"Colorado, United States, North America",State/Region,Direct,colorado,39.059,-105.311,,,y,The Platters,Reflections,Album,The Platters,https://musicbrainz.org/release-group/8c91ab29-67a5-4ab1-bf7d-c9ce1b6e3bcc
rock_hall,,1960,On a Slow Boat to China,The Platters,,"China, Asia",Country,Direct,china,39.9075,116.3972,"also in the dataset by Art Lund, Benny Goodman, Emile Ford and the Checkmates, Freddy Martin, Kay Kyser, Larry Clinton",,y,The Platters,Reflections,Album,The Platters,https://musicbrainz.org/release-group/8c91ab29-67a5-4ab1-bf7d-c9ce1b6e3bcc
rock_hall,,1963,Aquarela do brazil,The Platters,,"Brazil, South America",Country,Direct,brazil,-15.7939,-47.8828,,,y,The Platters,The Platters Sing Latino,Album,The Platters,https://musicbrainz.org/release-group/002abc68-b87c-499d-b9d3-d1060a620c1c
rock_hall,,1963,In a Little Spanish Town,The Platters,,"Spain, Europe",Country,Demonym,spanish,40.4165,-3.7026,also in the dataset by Bing Crosby,,y,The Platters,Sing of Your Moonlight Memories,Album,The Platters,https://musicbrainz.org/release-group/4cc2a973-67cd-48f5-9c17-4282e71eac44
rock_hall,,1963,Mississippi Mud,The Platters,,"Mississippi, United States, North America",State/Region,Direct,mississippi,32.741,-89.678,,,y,The Platters,(Encore Of) Golden Hits Of The Groups,Album,The Platters,https://musicbrainz.org/release-group/b7be0e6a-34a4-4136-86c3-b6e41c413802
rock_hall,,1963,Moon Over Miami,The Platters,,"Miami, Florida, United States, North America",City,Direct,miami,25.7752,-80.2086,,,y,The Platters,Sing of Your Moonlight Memories,Album,The Platters,https://musicbrainz.org/release-group/4cc2a973-67cd-48f5-9c17-4282e71eac44
rock_hall,,1963,Way Down Yonder in New Orleans,The Platters,,"New Orleans, Louisiana, United States, North America",City,Direct,new orleans,30.0686,-89.939,also in the dataset by Freddy Cannon,,y,The Platters,(Encore Of) Golden Hits Of The Groups,Album,The Platters,https://musicbrainz.org/release-group/b7be0e6a-34a4-4136-86c3-b6e41c413802
rock_hall,,1964,Hard Hearted Hannah (The Vamp of Savannah),The Platters,,"Savannah, Georgia, United States, North America",City,Direct,savannah,32.0025,-81.1536,,,y,The Platters,The New Soul of The Platters: Campus Style,Album,The Platters,https://musicbrainz.org/release-group/c0e7a201-d134-4ce1-a84d-376beeb3fefc
rock_hall,,1967,Going Back to Detroit,The Platters,,"Detroit, Michigan, United States, North America",City,Direct,detroit,42.383,-83.1022,,,y,The Platters,Going Back to Detroit,Album,The Platters,https://musicbrainz.org/release-group/78e427f5-fe8b-4778-835a-6ad5e04d90cd
rock_hall,,1983,Tea in the Sahara,The Police,,"Sahara Desert, Africa",Water/Natural Feature,Direct,sahara,25,-13,,,y,The Police,Synchronicity,Album,The Police,https://musicbrainz.org/release-group/f6df6292-fd40-37c3-bd61-22c53abfe773
rock_hall,,1979,Swinging London,Pretenders,,"London, England, United Kingdom, Europe",City,Direct,london,51.5085,-0.1257,,,y,The Pretenders,Brass in Pocket,Single,Pretenders,https://musicbrainz.org/release-group/492a46ba-2c04-4931-93fb-5845b69c7bef
rock_hall,,1980,Cuban Slide,The Pretenders,,"Cuba, North America",Country,Demonym,cuban,23.133,-82.383,,,y,The Pretenders,Talk of the Town,Single,The Pretenders,https://musicbrainz.org/release-group/81ddce55-2562-3543-8bfd-14522952e575
rock_hall,,1981,Birds of Paradise,Pretenders,,"Paradise, Kentucky, United States, North America",City,Direct,paradise,37.268056,-86.983611,UK chart but a little-used US place — check it isn't a British namesake,,"n — paradise as in heaven or bliss, not Paradise, Kentucky",The Pretenders,Pretenders II,Album,Pretenders,https://musicbrainz.org/release-group/51727ffa-f144-3456-8882-efe7d5cf13c3
rock_hall,,1981,The English Roses,Pretenders,,"England, United Kingdom, Europe",Country,Demonym,english,51.5074,-0.1278,,,y,The Pretenders,Pretenders II,Album,Pretenders,https://musicbrainz.org/release-group/51727ffa-f144-3456-8882-efe7d5cf13c3
rock_hall,,1990,Downtown (Akron),Pretenders,,"Akron, Ohio, United States, North America",City,Direct,akron,41.0814,-81.519,"new place — pin from geonamescache, check it",,y,The Pretenders,Packed!,Album,Pretenders,https://musicbrainz.org/release-group/a59063f4-0733-3a21-bd13-c844a6d2534a
rock_hall,,1994,Hollywood Perfume,Pretenders,,"Hollywood, California, United States, North America",Neighborhood/District,Direct,hollywood,34.0928,-118.3287,,,y,The Pretenders,Last of the Independents,Album,Pretenders,https://musicbrainz.org/release-group/daf3941f-a574-36f5-8e66-74b617255d3b
rock_hall,,2008,Boots of Chinese Plastic,Pretenders,,"China, Asia",Country,Demonym,chinese,39.9075,116.3972,,,y,The Pretenders,Break Up the Concrete,Album,Pretenders,https://musicbrainz.org/release-group/ad5117b5-f7bb-3705-ad83-27c50dfcb88a
rock_hall,,2020,Maybe Love Is in NYC,Pretenders,,"New York, New York, United States, North America",City,Nickname,nyc,40.6643,-73.9385,,,y,The Pretenders,Hate for Sale,Album,Pretenders,https://musicbrainz.org/release-group/3269351f-7c78-4f0f-afba-44d3bc3c65a3
rock_hall,,1976,California Sun,Ramones,,"California, United States, North America",State/Region,Direct,california,36.116,-119.682,"also in the dataset by Joe Jones, The Rivieras",,y,The Ramones,I Wanna Be Your Boyfriend,Single,Ramones,https://musicbrainz.org/release-group/91341ae9-33c6-4e9d-b58c-7adb6d243aa5
rock_hall,,1976,Havana Affair,Ramones,,"Havana, Cuba, North America",City,Direct,havana,23.133,-82.383,,,y,The Ramones,Ramones,Album,Ramones,https://musicbrainz.org/release-group/7de1e321-4a53-3feb-b83e-f1dab88bf952
rock_hall,,1978,It's a Long Way Back to Germany,Ramones,,"Germany, Europe",Country,Direct,germany,52.52437,13.41053,,,y,The Ramones,Do You Wanna Dance?,Single,Ramones,https://musicbrainz.org/release-group/229c292c-5ba6-3a70-afcb-7d3e21adcc85
rock_hall,,1980,Chinese Rock,Ramones,,"China, Asia",Country,Demonym,chinese,39.9075,116.3972,,,n — 'Chinese Rock' is slang for heroin,The Ramones,End of the Century,Album,Ramones,https://musicbrainz.org/release-group/b46e3fa3-f066-311b-a096-8c8b9353dab8
rock_hall,,1980,This Ain't Havana,Ramones,,"Havana, Cuba, North America",City,Direct,havana,23.133,-82.383,,,y,The Ramones,End of the Century,Album,Ramones,https://musicbrainz.org/release-group/b46e3fa3-f066-311b-a096-8c8b9353dab8
rock_hall,,1984,Durango 95,Ramones,,"Durango, Mexico, North America",City,Direct,durango,24.0277,-104.6532,,,n — Durango 95 is a car in A Clockwork Orange,The Ramones,Too Tough to Die,Album,Ramones,https://musicbrainz.org/release-group/ede32ee7-c6e5-3bd4-98e2-aaf225c3a456
rock_hall,,1986,My Brain Is Hanging Upside Down (Bonzo Goes to Bitburg),Ramones,,"Bitburg, Germany, Europe",City,Direct,bitburg,49.96794,6.52734,,,"n — same song as 'Bonzo Goes to Bitburg', already in the dataset",The Ramones,Animal Boy,Album,Ramones,https://musicbrainz.org/release-group/67b8c3ea-d2bc-3375-8b77-f73a048f2165
rock_hall,,1989,Palisades Park,Ramones,,"Palisades Park, New Jersey, United States, North America",City,Direct,palisades park,40.8482,-73.9976,"new place — pin approximate, check it; also in the dataset by Freddy Cannon",,y,The Ramones,Brain Drain,Album,Ramones,https://musicbrainz.org/release-group/c2998c83-704e-3d14-8f17-a1987ad21e42
rock_hall,,1995,Born to Die in Berlin,Ramones,,"Berlin, Germany, Europe",City,Direct,berlin,52.5244,13.4105,,,y,The Ramones,¡Adios Amigos!,Album,Ramones,https://musicbrainz.org/release-group/fc1f2ab6-a252-3aca-958d-3a2a50e1a8ea
rock_hall,,1968,My Hawaii,The Rascals,,"Hawaii, United States, North America",State/Region,Direct,hawaii,21.094,-157.498,,,y,The Rascals,Once Upon a Dream,Album,The Rascals,https://musicbrainz.org/release-group/7fe77818-a28a-3fb9-950c-c6c95a2309af
rock_hall,,1969,America the Beautiful,The Rascals,,"United States, North America",Country,Direct,america,38.8951,-77.0364,"also in the dataset by Elvis Presley, Ray Charles",,y,The Rascals,Freedom Suite,Album,The Rascals,https://musicbrainz.org/release-group/2e6b642f-c299-3d68-8a5d-1eb609c6e4be
rock_hall,,1972,Saga of New York,The Rascals,,"New York, New York, United States, North America",City,Direct,new york,40.6643,-73.9385,,,y,The Rascals,Island of Real,Album,The Rascals,https://musicbrainz.org/release-group/3dff90a1-3413-48ca-995d-0d7467cff738
rock_hall,,1967,Harlem Shuffle,The Righteous Brothers,,"Harlem, New York, New York, United States, North America",Neighborhood/District,Direct,harlem,40.8116,-73.9465,"also in the dataset by Bob And Earl, The Rolling Stones, The Traits",,y,The Righteous Brothers,Sayin' Somethin',Album,The Righteous Brothers,https://musicbrainz.org/release-group/51f65ad9-d2d5-4bb6-b24b-6e0d12a8ac32
rock_hall,,1969,Born On The Bayou,The Righteous Brothers,,"Louisiana Bayou, Louisiana, United States, North America",Continent/Region,Direct,the bayou,29.9,-91.3,also in the dataset by Creedence Clearwater Revival,,y,The Righteous Brothers,Re-Birth,Album,The Righteous Brothers,https://musicbrainz.org/release-group/d1899a18-f71b-4e3e-ac9d-f4be6377029e
rock_hall,,1964,Route 66,The Rolling Stones,,"U.S. Route 66, United States, North America",Street/Landmark,Direct,route 66,35.2,-101.8,"also in the dataset by Depeche Mode, Nat King Cole, The Manhattan Transfer",,y,The Rolling Stones,Route 66,EP,The Rolling Stones,https://musicbrainz.org/release-group/012234ad-0bbf-4292-9921-c2ed258e54b6
rock_hall,,1965,The Under Assistant West Coast Promotion Man,The Rolling Stones,,"West Coast, United States, North America",Continent/Region,Direct,west coast,40,-122,,,y,The Rolling Stones,(I Can’t Get No) Satisfaction,EP,The Rolling Stones,https://musicbrainz.org/release-group/0d7fe492-8c0b-48e4-8dfc-680821027b17
rock_hall,,1965,The West Coast Promotion Man,The Rolling Stones,,"West Coast, United States, North America",Continent/Region,Direct,west coast,40,-122,,,n — same song as 'The Under Assistant West Coast Promotion Man',The Rolling Stones,Out of Our Heads,EP,The Rolling Stones,https://musicbrainz.org/release-group/b88f0320-b321-413c-bd78-a9ba5103e11d
rock_hall,,1978,Paradise,The Ronettes,,"Paradise, Kentucky, United States, North America",City,Direct,paradise,37.268056,-86.983611,also in the dataset by John Prine,,"n — paradise as in heaven or bliss, not Paradise, Kentucky",The Ronettes,Walking In The Rain / Paradise,Single,The Ronettes,https://musicbrainz.org/release-group/238b4900-98a3-4266-af89-76a0fe738bcb
rock_hall,,1964,100 Pounds of Clay,The Shirelles,,"Clay, Kentucky, United States, North America",City,Direct,clay,37.476389,-87.820278,,,n — clay the material,The Shirelles,The Shirelles Sing the Golden Oldies,Album,The Shirelles,https://musicbrainz.org/release-group/4df84c81-c69b-45e3-ba69-8953e6ed69c7
rock_hall,,1972,Deep in the Night (From the Broadway Musical Inner City),The Shirelles,,"Broadway, New York, New York, United States, North America",Street/Landmark,Direct,broadway,40.759,-73.9845,,,n — Broadway only in a 'from the Broadway show' tag,The Shirelles,Shirelles,Album,The Shirelles,https://musicbrainz.org/release-group/538f1999-c2cc-4d79-acd1-a0a2191d17d6
rock_hall,,1962,New Orleans,The Shirelles and King Curtis,,"New Orleans, Louisiana, United States, North America",City,Direct,new orleans,30.0686,-89.939,"also in the dataset by Bern Elliott and the Fenmen, Eddie Hodges, Gary U.S. Bonds, Gillan, Harley Quinne, Neil Diamond, The Staple Singers",,y,The Shirelles; King Curtis,Give a Twist Party,Album,The Shirelles & King Curtis,https://musicbrainz.org/release-group/dc4fead2-c3d5-3a38-9ed8-28fbd756e410
rock_hall,,1969,Solon Bushi (Japanese Folk Song),The Staple Singers,,"Japan, Asia",Country,Demonym,japanese,35.6895,139.6917,,,y,The Staple Singers,We’ll Get Over,Album,The Staple Singers,https://musicbrainz.org/release-group/db5904fa-70e1-3a93-828a-f7e6a01062c1
rock_hall,,1969,The Gardner,The Staple Singers,,"Gardner, Kansas",City,Direct,gardner,,,,,"n — a gardener, not Gardner, Kansas",The Staple Singers,We’ll Get Over,Album,The Staple Singers,https://musicbrainz.org/release-group/db5904fa-70e1-3a93-828a-f7e6a01062c1
rock_hall,,1974,Washington We’re Watching You,The Staple Singers,,"Washington, D.C., United States, North America",City,Direct,washington,38.8951,-77.0364,"place changed from 'Washington Square, New York, New York, United States, North America'",,"y — Washington, D.C., not Washington Square",The Staple Singers,City in the Sky,Album,The Staple Singers,https://musicbrainz.org/release-group/c9b5e1a0-ea79-3629-9700-ae0b5c8abb99
rock_hall,,1988,She Creatures of Hollywood Hills,Iggy and The Stooges,,"Hollywood, California, United States, North America",Neighborhood/District,Direct,hollywood,34.0928,-118.3287,,,y,The Stooges,She Creatures of Hollywood Hills,Single,Iggy and The Stooges,https://musicbrainz.org/release-group/33eebc67-facf-4303-aeb4-4f2c44466c6a
rock_hall,,2007,Mexican Guy,The Stooges,,"Mexico, North America",Country,Demonym,mexican,19.4285,-99.1277,,,y,The Stooges,The Weirdness,Album,The Stooges,https://musicbrainz.org/release-group/1e0da02b-85f2-3566-8151-5eb45e9f80f4
rock_hall,,2007,New Orleans,Iggy and The Stooges,,"New Orleans, Louisiana, United States, North America",City,Direct,new orleans,30.0686,-89.939,"also in the dataset by Bern Elliott and the Fenmen, Eddie Hodges, Gary U.S. Bonds, Gillan, Harley Quinne, Neil Diamond, The Staple Singers",,y,The Stooges,Back to the Noise,Album,Iggy and The Stooges,https://musicbrainz.org/release-group/f4f49401-3e6e-4953-9b52-ccbb60e91dbe
rock_hall,,2007,She Creatures of the Hollywood Hills,Iggy and The Stooges,,"Hollywood, California, United States, North America",Neighborhood/District,Direct,hollywood,34.0928,-118.3287,,,n — same song as 'She Creatures of Hollywood Hills',The Stooges,Back to the Noise,Album,Iggy and The Stooges,https://musicbrainz.org/release-group/f4f49401-3e6e-4953-9b52-ccbb60e91dbe
rock_hall,,2009,Hollis Brown,Iggy and The Stooges,,"Hollis, Queens, New York, New York, United States, North America",City,Direct,hollis,40.71344,-73.76708,,,n — Hollis Brown is a person,The Stooges,Purple Haze,EP,Iggy and The Stooges,https://musicbrainz.org/release-group/3f397cfa-2af7-4ab6-8aea-4e830170031b
rock_hall,,1966,Stranger in Paradise,The Supremes,,"Paradise, Kentucky, United States, North America",City,Direct,paradise,37.268056,-86.983611,,,"n — paradise as in heaven or bliss, not Paradise, Kentucky",The Supremes,I Hear a Symphony,Album,The Supremes,https://musicbrainz.org/release-group/466726fd-94be-3660-bf98-eb290c21e7c2
rock_hall,,1972,Paradise,The Supremes,,"Paradise, Kentucky, United States, North America",City,Direct,paradise,37.268056,-86.983611,also in the dataset by John Prine,,"n — paradise as in heaven or bliss, not Paradise, Kentucky",The Supremes,Produced & Arranged by Jimmy Webb,Album,The Supremes,https://musicbrainz.org/release-group/ff153c1f-6d38-315c-b176-1296eec48d07
rock_hall,,2004,Rock-A-Bye Your Baby With a Dixie Melody,The Supremes,,"American South, United States, North America",Continent/Region,Nickname,dixie,33,-86,,,y,The Supremes,There’s a Place for Us,Album,The Supremes,https://musicbrainz.org/release-group/0f02f8d0-5cfe-3184-95d0-da09fb99a302
rock_hall,,2004,The Boy From Ipanema,The Supremes,,"Ipanema, Rio de Janeiro, Brazil, South America",Neighborhood/District,Direct,ipanema,-22.9838,-43.2045,,,y,The Supremes,There’s a Place for Us,Album,The Supremes,https://musicbrainz.org/release-group/0f02f8d0-5cfe-3184-95d0-da09fb99a302
rock_hall,,1968,Do You Know the Way to San Jose,Diana Ross and The Supremes and The Temptations,,"San Jose, California, United States, North America",City,Direct,san jose,37.2969,-121.8193,also in the dataset by Dionne Warwick,,y,The Supremes; The Temptations,The Original Sound Track From TCB,Album (soundtrack),Diana Ross and The Supremes with The Temptations,https://musicbrainz.org/release-group/5a888b14-86d6-3fc3-b7b5-4554a23f9730
rock_hall,,1969,Broadway (medley),Diana Ross and The Supremes and The Temptations,,"Broadway, New York, New York, United States, North America",Street/Landmark,Direct,broadway,40.759,-73.9845,also in the dataset by Goo Goo Dolls,,y,The Supremes; The Temptations,On Broadway,Album (soundtrack),Diana Ross & The Supremes & The Temptations,https://musicbrainz.org/release-group/b2b909bc-9a46-4689-a9b7-4c90df688270
rock_hall,,1969,G.I.T. on Broadway,Diana Ross and The Supremes and The Temptations,,"Broadway, New York, New York, United States, North America",Street/Landmark,Direct,broadway,40.759,-73.9845,,,y,The Supremes; The Temptations,On Broadway,Album (soundtrack),Diana Ross & The Supremes & The Temptations,https://musicbrainz.org/release-group/b2b909bc-9a46-4689-a9b7-4c90df688270
rock_hall,,1969,Malteds Over Manhattan,Diana Ross and The Supremes and The Temptations,,"Manhattan, New York, New York, United States, North America",Neighborhood/District,Direct,manhattan,40.7831,-73.9712,,,y,The Supremes; The Temptations,On Broadway,Album (soundtrack),Diana Ross & The Supremes & The Temptations,https://musicbrainz.org/release-group/b2b909bc-9a46-4689-a9b7-4c90df688270
rock_hall,,1963,Paradise,The Temptations,,"Paradise, Kentucky, United States, North America",City,Direct,paradise,37.268056,-86.983611,also in the dataset by John Prine,,"n — paradise as in heaven or bliss, not Paradise, Kentucky",The Temptations,Paradise / Slow Down Heart,Single,The Temptations,https://musicbrainz.org/release-group/4af5b242-7b88-48f3-89d0-eaf4bbe9e402
rock_hall,,1969,Funky Broadway,Diana Ross and The Temptations,,"Broadway, New York, New York, United States, North America",Street/Landmark,Direct,broadway,40.759,-73.9845,"also in the dataset by Dyke And The Blazers, Wilson Pickett",,y,The Temptations,On Broadway,Album (soundtrack),Diana Ross & The Temptations,https://musicbrainz.org/release-group/b2b909bc-9a46-4689-a9b7-4c90df688270
rock_hall,,1969,G.I.T. on Broadway,Diana Ross and The Temptations,,"Broadway, New York, New York, United States, North America",Street/Landmark,Direct,broadway,40.759,-73.9845,,,n — same song as the Diana Ross and The Supremes and The Temptations row (1969),The Temptations,On Broadway,Album (soundtrack),Diana Ross & The Temptations,https://musicbrainz.org/release-group/b2b909bc-9a46-4689-a9b7-4c90df688270
rock_hall,,1983,Hollywood,The Temptations,,"Hollywood, California, United States, North America",Neighborhood/District,Direct,hollywood,34.0928,-118.3287,"also in the dataset by Boz Scaggs, Connie Francis, Madonna, Marina & the Diamonds, Michael Buble, Rufus ft. Chaka Khan, Shooting Star, Thin Lizzy",,y,The Temptations,Back to Basics,Album,The Temptations,https://musicbrainz.org/release-group/ec22fbca-ec16-4db7-ad5d-509ffa4afd4b
rock_hall,,1983,Made in America,The Temptations,,"United States, North America",Country,Direct,america,38.8951,-77.0364,also in the dataset by Toby Keith,,y,The Temptations,Surface Thrills,Album,The Temptations,https://musicbrainz.org/release-group/acb55e86-7ea0-465c-9fd4-8139710e2543
rock_hall,,1967,European Son,The Velvet Underground,,Europe,Continent/Region,Demonym,european,54.526,15.2551,also in the dataset by Japan,,y,The Velvet Underground,The Velvet Underground & Nico,Album,The Velvet Underground,https://musicbrainz.org/release-group/5cbd9d7b-597a-3c5e-bfd1-c2b364215560
rock_hall,,1961,Harlem Nocturne,The Ventures,,"Harlem, New York, New York, United States, North America",Neighborhood/District,Direct,harlem,40.8116,-73.9465,"also in the dataset by Johnny Otis, The Viscounts",,y,The Ventures,The Ventures,Album,The Ventures,https://musicbrainz.org/release-group/3e3b6907-fe34-3d2d-93a0-2fd9af84ff10
rock_hall,,1961,Hawaiian War Chant,The Ventures,,"Hawaii, United States, North America",State/Region,Demonym,hawaiian,21.094,-157.498,"also in the dataset by Billy Vaughn, Spike Jones, The Ames Brothers",,y,The Ventures,The Ventures,Album,The Ventures,https://musicbrainz.org/release-group/3e3b6907-fe34-3d2d-93a0-2fd9af84ff10
rock_hall,,1961,Torquay,The Ventures,,"Torquay, England, United Kingdom, Europe",City,Direct,torquay,50.462,-3.5252,also in the dataset by The Fireballs,,y,The Ventures,The Ventures,Album,The Ventures,https://musicbrainz.org/release-group/3e3b6907-fe34-3d2d-93a0-2fd9af84ff10
rock_hall,,1962,Hernando's Hideaway,The Ventures,,"Hernando, Mississippi",City,Direct,hernando,,,,,n — Hernando's Hideaway is fictional,The Ventures,Mashed Potatoes and Gravy,Album,The Ventures,https://musicbrainz.org/release-group/32f21d9d-cc4a-369e-bcb9-1f1b82d417d7
rock_hall,,1962,Hot Summer (Asian Mashed),The Ventures,,Asia,Continent/Region,Demonym,asian,9.5506,122.5164,,,n — 'Asian' only in a remix tag,The Ventures,Mashed Potatoes and Gravy,Album,The Ventures,https://musicbrainz.org/release-group/32f21d9d-cc4a-369e-bcb9-1f1b82d417d7
rock_hall,,1962,Swanee River Twist,The Ventures,,"Suwannee River, Georgia/Florida, United States, North America",Water/Natural Feature,Direct,swanee river,30.38,-83.16,,,y,The Ventures,"Twist Party, Volume 2",Album,The Ventures,https://musicbrainz.org/release-group/5126a78c-1b98-3ed0-a268-7030061a7078
rock_hall,,1963,Memphis,The Ventures,,"Memphis, Tennessee, United States, North America",City,Direct,memphis,35.1035,-89.9785,"also in the dataset by Donnie Brooks, Joe Jackson, Johnny Rivers, Lonnie Mack",,y,The Ventures,Let’s Go!,Album,The Ventures,https://musicbrainz.org/release-group/c2077c08-d18f-3c5b-9d40-f4235800791e
rock_hall,,1963,Mexico,The Ventures,,"Mexico, North America",Country,Direct,mexico,19.4285,-99.1277,"also in the dataset by Bob Moore, James Taylor, Long John Baldry",,y,The Ventures,"The Ventures Play “Telstar”, “The Lonely Bull” and Others",Album,The Ventures,https://musicbrainz.org/release-group/8e426a5c-b66b-3cd6-b829-326bd93bac9e
rock_hall,,1963,New Orleans,The Ventures,,"New Orleans, Louisiana, United States, North America",City,Direct,new orleans,30.0686,-89.939,"also in the dataset by Bern Elliott and the Fenmen, Eddie Hodges, Gary U.S. Bonds, Gillan, Harley Quinne, Neil Diamond, The Staple Singers",,y,The Ventures,Let’s Go!,Album,The Ventures,https://musicbrainz.org/release-group/c2077c08-d18f-3c5b-9d40-f4235800791e
rock_hall,,1963,Party in Laguna,The Ventures,,"Laguna Beach, California, United States, North America",City,Direct,laguna,33.5423,-117.7831,"new place — pin from geonamescache, check it; place changed from 'Laguna, New Mexico, United States, North America'; term list says 'Laguna, California'; matched the dataset's place of the same name — confirm it's the same place",,"? — probably Laguna Beach, California",The Ventures,Surfing,Album,The Ventures,https://musicbrainz.org/release-group/93f5b909-2ee6-34fa-aa0a-d585329e7e7f
rock_hall,,1963,San Antonio Rose,The Ventures,,"San Antonio, Texas, United States, North America",City,Direct,san antonio,29.4724,-98.5251,"also in the dataset by Bob Wills, Floyd Cramer",,y,The Ventures,The Ventures Play the Country Classics,Album,The Ventures,https://musicbrainz.org/release-group/928978d5-6c3b-39fc-b356-a2ec8a0eba36
rock_hall,,1963,Wildwood Flower,The Ventures,,"Wildwood, New Jersey, United States, North America",City,Direct,wildwood,38.9889,-74.8198,,,"n — 'wildwood' here is a wild wood, not Wildwood, New Jersey",The Ventures,The Ventures Play the Country Classics,Album,The Ventures,https://musicbrainz.org/release-group/928978d5-6c3b-39fc-b356-a2ec8a0eba36
rock_hall,,1965,Whittier Blvd.,The Ventures,,"Whittier Boulevard, Los Angeles, California, United States, North America",Street/Landmark,Direct,whittier,34.024,-118.189,"new place — pin approximate, check it; place changed from 'Whittier, California'",,y — place corrected,The Ventures,The Ventures à Go‐Go,Album,The Ventures,https://musicbrainz.org/release-group/c1cbfb84-7269-3f6e-aab6-ce5c3768bb3a
rock_hall,,1966,California Dreamin',The Ventures,,"California, United States, North America",State/Region,Direct,california,36.116,-119.682,"also in the dataset by America, Bobby Womack, Colorado, High Jinx, River City People, Royal Gigolos, Sia, The Beach Boys, The Mamas & The Papas",,y,The Ventures,Go With The Ventures,Album,The Ventures,https://musicbrainz.org/release-group/96636c9d-edbe-30f7-b03d-acdb08e2ed11
rock_hall,,1967,Kandy Koncoction,The Ventures,,"Kandy, Sri Lanka",City,Direct,kandy,,,,,n — 'Kandy' is a spelling of candy,The Ventures,Super Psychedelics,Album,The Ventures,https://musicbrainz.org/release-group/569c3d6e-df81-316a-9c94-b5ba85ed9e7c
rock_hall,,1967,Tokyo Nights,The Ventures,,"Tokyo, Japan, Asia",City,Direct,tokyo,35.6895,139.6917,,,y,The Ventures,Pops in Japan,Album,The Ventures,https://musicbrainz.org/release-group/f2afc1f0-0425-49ed-8168-80d55abcd587
rock_hall,,1967,Yokohama Nights,The Ventures,,"Yokohama, Japan, Asia",City,Direct,yokohama,35.4333,139.65,"new place — pin from geonamescache, check it",,y,The Ventures,Pops in Japan,Album,The Ventures,https://musicbrainz.org/release-group/f2afc1f0-0425-49ed-8168-80d55abcd587
rock_hall,,1968,Scarborough Fair,The Ventures,,"Scarborough, England, United Kingdom, Europe",City,Direct,scarborough,54.2797,-0.4044,"also in the dataset by Martin Carthy, Sergio Mendes & Brasil '66, Simon & Garfunkel",,y,The Ventures,Flights of Fantasy,Album,The Ventures,https://musicbrainz.org/release-group/2ebfe5ec-0e78-3df7-a5d4-db10f836df69
rock_hall,,1969,Galveston,The Ventures,,"Galveston, Texas, United States, North America",City,Direct,galveston,29.1833,-94.9698,"also in the dataset by Glen Campbell, Roger Williams, The Lemonheads",,y,The Ventures,Hawaii Five‐O,Album,The Ventures,https://musicbrainz.org/release-group/2057654e-deb0-301e-8d5d-15ed2a1a27a3
rock_hall,,1969,Kyoto Doll,The Ventures,,"Kyoto, Japan, Asia",City,Direct,kyoto,35.0211,135.7538,,,y,The Ventures,Golden Pops,Album,The Ventures,https://musicbrainz.org/release-group/4f74fe3b-49cd-477f-b225-f5f2833fe6aa
rock_hall,,1969,Muddy Mississippi Line,The Ventures,,"Mississippi, United States, North America",State/Region,Direct,mississippi,32.741,-89.678,also in the dataset by Bobby Goldsboro,,y,The Ventures,Swamp Rock,Album,The Ventures,https://musicbrainz.org/release-group/fe6e4391-11b4-3255-9fbb-c7740f181aed
rock_hall,,1970,By the Time I Get to Phoenix,The Ventures,,"Phoenix, Arizona, United States, North America",City,Direct,phoenix,33.5722,-112.088,"also in the dataset by Glen Campbell and Anne Murray, Isaac Hayes, The Mad Lads",,y,The Ventures,10th Anniversary Album,Album,The Ventures,https://musicbrainz.org/release-group/80fc631c-8449-4295-9cb5-3ec6e0b1233a
rock_hall,,1970,MacArthur Park,The Ventures,,"MacArthur Park, Los Angeles, California, United States, North America",Street/Landmark,Direct,macarthur park,34.0592,-118.2786,"also in the dataset by Donna Summer, Four Tops, Richard Harris, Waylon Jennings and The Kimberlys",,y,The Ventures,10th Anniversary Album,Album,The Ventures,https://musicbrainz.org/release-group/80fc631c-8449-4295-9cb5-3ec6e0b1233a
rock_hall,,1971,Nagasaki Memories,The Ventures,,"Nagasaki, Japan, Asia",City,Direct,nagasaki,32.75,129.88333,,,y,The Ventures,Pops in Japan ’71,Album,The Ventures,https://musicbrainz.org/release-group/c91ce8f2-2c65-4029-8132-439f16a54bf0
rock_hall,,1971,Nagoya Express,The Ventures,,"Nagoya, Japan, Asia",City,Direct,nagoya,35.1815,136.9064,"new place — pin from geonamescache, check it",,y,The Ventures,Pops in Japan ’71,Album,The Ventures,https://musicbrainz.org/release-group/c91ce8f2-2c65-4029-8132-439f16a54bf0
rock_hall,,1972,In a Persian Market,The Ventures,,"Iran, Asia",Country,Demonym,persian,35.6944,51.4215,also in the dataset by Sammy Davis Jr.,,y,The Ventures,Joy: The Ventures Play the Classics,Album,The Ventures,https://musicbrainz.org/release-group/46200869-bd37-3dc3-ad52-508a9170eba4
rock_hall,,1973,Last Tango in Paris,The Ventures,,"Paris, France, Europe",City,Direct,paris,48.8534,2.3488,also in the dataset by Herb Alpert's Tijuana Brass,,y,The Ventures,Only Hits!,Album,The Ventures,https://musicbrainz.org/release-group/b7b02793-7545-4c9f-9eb6-91f18d7221f2
rock_hall,,1973,The Night the Lights Went Out in Georgia,The Ventures,,"Georgia, United States, North America",State/Region,Direct,georgia,33.04,-83.643,also in the dataset by Vicki Lawrence,,y,The Ventures,Only Hits!,Album,The Ventures,https://musicbrainz.org/release-group/b7b02793-7545-4c9f-9eb6-91f18d7221f2
rock_hall,,1975,"Theme From ""Lawrence of Arabia""",The Ventures,,"Arabia, Asia",Country,Direct,arabia,24.7136,46.6753,,,y,The Ventures,Now Playing,Album,The Ventures,https://musicbrainz.org/release-group/0bb5126c-7f8c-4418-9c46-5faa542ceebc
rock_hall,,1977,Streets of San Francisco,The Ventures,,"San Francisco, California, United States, North America",City,Direct,san francisco,37.78,-122.4193,,,y,The Ventures,T.V. Themes,Album,The Ventures,https://musicbrainz.org/release-group/8791f211-73fa-3cdf-a9eb-44992e7ed419
rock_hall,,1979,Brazil,The Ventures,,"Brazil, South America",Country,Direct,brazil,-15.7939,-47.8828,"also in the dataset by Baby Doll, Crispy and Company, Declan McKenna, Jimmy Dorsey, The Ritchie Family, Xavier Cugat",,y,The Ventures,Latin Album,Album,The Ventures,https://musicbrainz.org/release-group/6bd74ddc-7576-400a-9dbc-ccc9db7649ef
rock_hall,,1979,Spanish Eyes,The Ventures,,"Spain, Europe",Country,Demonym,spanish,40.4165,-3.7026,"also in the dataset by Al Martino, Fifth Avenue",,y,The Ventures,Latin Album,Album,The Ventures,https://musicbrainz.org/release-group/6bd74ddc-7576-400a-9dbc-ccc9db7649ef
rock_hall,,1982,Hollywood Punk,The Ventures,,"Hollywood, California, United States, North America",Neighborhood/District,Direct,hollywood,34.0928,-118.3287,,,y,The Ventures,Last Album on Liberty,Album,The Ventures,https://musicbrainz.org/release-group/9aab8b64-f2c2-40d1-946e-9f6ae81e0962
rock_hall,,1983,Columbia,The Ventures,,"Columbia, South Carolina, United States, North America",City,Direct,columbia,34.0007,-81.0348,"new place — pin from geonamescache, check it",,? — which place? check,The Ventures,NASA 25th Anniversary Commemorative Album,Album,The Ventures,https://musicbrainz.org/release-group/4040195c-498b-4095-96de-77910b2b7b17
rock_hall,,1987,Washington Square,The Ventures,,"Washington Square, New York, New York, United States, North America",Street/Landmark,Direct,washington square,40.7308,-73.9973,also in the dataset by The Village Stompers,,y,The Ventures,Radical Guitars,Album,The Ventures,https://musicbrainz.org/release-group/ecc6cfa0-dbb0-3e1f-9fe2-0ce34cdde959
rock_hall,,1991,Miami Vice,The Ventures,,"Miami, Florida, United States, North America",City,Direct,miami,25.7752,-80.2086,,,? — Miami Vice is a TV show — your call,The Ventures,Major Motion Picture,Album,The Ventures,https://musicbrainz.org/release-group/22d5c156-68e3-3a09-81c6-41bde5760525
rock_hall,,1996,Midnight in Moscow,The Ventures,,"Moscow, Russia, Europe",City,Direct,moscow,55.752,37.6178,also in the dataset by Kenny Ball,,y,The Ventures,Wild Again,Album,The Ventures,https://musicbrainz.org/release-group/3bc0cae1-4889-35b1-aedc-68dad5658e22
rock_hall,,1997,Calhoun Surf,The Ventures,,"Calhoun, Georgia, United States, North America",City,Direct,calhoun,34.5026,-84.951,"new place — pin from geonamescache, check it",,"? — Calhoun Surf — probably not Calhoun, Georgia; check",The Ventures,Wild Again II – Tribute to Mel Taylor,Album,The Ventures,https://musicbrainz.org/release-group/337f1635-9040-4e72-b14d-da3e827e5d1a
rock_hall,,1997,Spanish Armada,The Ventures,,"Spain, Europe",Country,Demonym,spanish,40.4165,-3.7026,,,y,The Ventures,Wild Again II – Tribute to Mel Taylor,Album,The Ventures,https://musicbrainz.org/release-group/337f1635-9040-4e72-b14d-da3e827e5d1a
rock_hall,,1999,Bermuda,The Ventures,,"Bermuda, North America",Country,Direct,bermuda,32.2949,-64.783,"also in the dataset by Cause 4 Concern, Linda Scott, The Bell Sisters",,y,The Ventures,Walk Don’t Run 2000,Album,The Ventures,https://musicbrainz.org/release-group/980a6cf5-0379-4b7d-b006-3354301ad42f
rock_hall,,1999,California Sun,The Ventures,,"California, United States, North America",State/Region,Direct,california,36.116,-119.682,"also in the dataset by Joe Jones, The Rivieras",,y,The Ventures,Walk Don’t Run 2000,Album,The Ventures,https://musicbrainz.org/release-group/980a6cf5-0379-4b7d-b006-3354301ad42f
rock_hall,,1999,Caribbean,The Ventures,,"Caribbean, North America",Continent/Region,Direct,caribbean,14.5,-75,also in the dataset by Mitchell Torok,,y,The Ventures,The Ventures Play ‘Runaway’,Album,The Ventures,https://musicbrainz.org/release-group/e9575b96-0851-4076-97e7-e0dd7139cb0f
rock_hall,,1999,Detroit City,The Ventures,,"Detroit, Michigan, United States, North America",City,Direct,detroit,42.383,-83.1022,"also in the dataset by Bobby Bare, Tom Jones",,y,The Ventures,The Ventures Play ‘Runaway’,Album,The Ventures,https://musicbrainz.org/release-group/e9575b96-0851-4076-97e7-e0dd7139cb0f
rock_hall,,1999,Santa Cruz,The Ventures,,"Santa Cruz, California, United States, North America",City,Direct,santa cruz,36.971944,-122.026389,"term list says 'Santa Cruz, Philippines'; matched the dataset's place of the same name — confirm it's the same place; also in the dataset by The Thrills",,y,The Ventures,Walk Don’t Run 2000,Album,The Ventures,https://musicbrainz.org/release-group/980a6cf5-0379-4b7d-b006-3354301ad42f
rock_hall,,2000,American Pie,The Ventures,,"United States, North America",Country,Demonym,american,38.8951,-77.0364,"also in the dataset by Chupito, Don McLean, Just Luis, Madonna, Who's That Girl!",,y,The Ventures,Acoustic Rock,Album,The Ventures,https://musicbrainz.org/release-group/7a35f0f4-9def-4932-9193-f43c66ad81ff
rock_hall,,2006,Seychelles,The Ventures,,"Seychelles, Africa",Country,Direct,seychelles,-4.6191,55.4513,"new place — pin approximate, check it",,y,The Ventures,The Ventures Play Seaside Story,Album,The Ventures,https://musicbrainz.org/release-group/f1adcb65-6b8d-4b9d-980d-e581caadbe09
rock_hall,,1999,Hand Springs,The White Stripes,,"Springs, South Africa",City,Direct,springs,,,,,"n — springs, not Springs, South Africa",The White Stripes,Cedar Point ’76 / Hand Springs,Single,The White Stripes,https://musicbrainz.org/release-group/b10bb35b-f0bc-3479-b090-ac9defe002bd
rock_hall,,2000,China Pig,The White Stripes,,"China, Asia",Country,Direct,china,39.9075,116.3972,,,n — china means porcelain here,The White Stripes,Party of Special Things to Do,Single,The White Stripes,https://musicbrainz.org/release-group/2e168d85-b747-354e-99db-9eed4aaebb05
rock_hall,,2007,Tennessee Border,The White Stripes,,"Tennessee, United States, North America",State/Region,Direct,tennessee,35.747,-86.692,,,y,The White Stripes,Icky Thump,Album,The White Stripes,https://musicbrainz.org/release-group/2956b5fb-fd54-3da7-b742-690bc6788e99
rock_hall,,,live in Kingston),The Who,,"Kingston, Jamaica, North America",City,Direct,kingston,17.99702,-76.79358,no release date on MusicBrainz — fill in year,,n — a live-recording fragment,The Who,WHO (Deluxe & Live At Kingston),Album,The Who,https://musicbrainz.org/release-group/cc101d10-87bb-4e31-8c66-0e5a5a46c677
rock_hall,,1967,Armenia City in the Sky,The Who,,Armenia,Country,Direct,armenia,,,,,n — 'Armenia City in the Sky' is an imaginary city,The Who,The Who Sell Out,Album,The Who,https://musicbrainz.org/release-group/aa02a102-f7b5-3584-8d21-bd9c560effb6
rock_hall,,1971,Going Mobile,The Who,,"Mobile, Alabama, United States, North America",City,Direct,mobile,30.69436,-88.04305,UK chart but a little-used US place — check it isn't a British namesake,,n — mobile as in moving / mobile home,The Who,Who’s Next,Album,The Who,https://musicbrainz.org/release-group/9584e28b-66a7-3846-8d52-b3008a283539
rock_hall,,2004,Memphis,The Zombies,,"Memphis, Tennessee, United States, North America",City,Direct,memphis,35.1035,-89.9785,"also in the dataset by Donnie Brooks, Joe Jackson, Johnny Rivers, Lonnie Mack",,y,The Zombies,As Far as I Can See.....,Album,The Zombies,https://musicbrainz.org/release-group/12830992-6196-3ff8-a19f-dd1fadecaa2b
rock_hall,,2015,New York,The Zombies,,"New York, New York, United States, North America",City,Direct,new york,40.6643,-73.9385,also in the dataset by Ja Rule ft. Fat Joe and Jadakiss,,y,The Zombies,Still Got That Hunger,Album,The Zombies,https://musicbrainz.org/release-group/55d8b1a5-3a50-4d2a-9fe5-141d4c245b4d
rock_hall,,1980,Philadelphia Freedom,Ike Turner ft. Tina Turner and Home Grown Funk,,"Philadelphia, Pennsylvania, United States, North America",City,Direct,philadelphia,40.0094,-75.1333,also in the dataset by Elton John,,y,Tina Turner,The Edge,Album,Ike Turner featuring Tina Turner and Home Grown Funk,https://musicbrainz.org/release-group/96977ac9-efcc-42d8-926c-97749f14dbd7
rock_hall,,1986,Paradise Is Here,Tina Turner,,"Paradise, Kentucky, United States, North America",City,Direct,paradise,37.268056,-86.983611,,,"n — paradise as in heaven or bliss, not Paradise, Kentucky",Tina Turner,Break Every Rule,Album,Tina Turner,https://musicbrainz.org/release-group/b7cda27a-6174-3b99-aaf9-d2420a62319c
rock_hall,,1991,Gaya's Eyes,Todd Rundgren,,"Gaya, India",City,Direct,gaya,,,,,n — a person named Gaya,Todd Rundgren,2nd Wind,Album,Todd Rundgren,https://musicbrainz.org/release-group/9c367c6c-5e41-31b5-96c9-bc4559eb5489
rock_hall,,1998,Cast the First Stone (in Poughkeepsie),Todd Rundgren,,"Poughkeepsie, New York, United States, North America",City,Direct,poughkeepsie,41.705833,-73.928333,,,y,Todd Rundgren,"TRTV, Volume 1",Album,Todd Rundgren,https://musicbrainz.org/release-group/03075a48-9316-3425-b1fb-391351e9f26b
rock_hall,,1998,Hit Me Like a Train,Todd Rundgren,,"A Train, New York, New York, United States, North America",Street/Landmark,Direct,a train,40.82404,-73.944769,,,"n — 'a train', not the A train subway line",Todd Rundgren,"TRTV, Volume 1",Album,Todd Rundgren,https://musicbrainz.org/release-group/03075a48-9316-3425-b1fb-391351e9f26b
rock_hall,,2011,Sweet Home Chicago,Todd Rundgren,,"Chicago, Illinois, United States, North America",City,Direct,chicago,41.8376,-87.6818,also in the dataset by Robert Johnson,,y,Todd Rundgren,Todd Rundgren’s Johnson,Album,Todd Rundgren,https://musicbrainz.org/release-group/afc8c78e-cd35-404d-b525-7f249d329e82
rock_hall,,2015,T.H.E. Golden Triangle (Dry Mouthed Gargoyles In a Fountain of Fluorescent Shepard Tones),"Todd Rundgren, Emil Nikolaisen and Hans-Peter Lindstrøm",,"Golden Triangle, District of Columbia",City,Direct,golden triangle,,,,,n — not the D.C. Golden Triangle,Todd Rundgren,Runddans,Album,"Todd Rundgren, Emil Nikolaisen & Hans-Peter Lindstrøm",https://musicbrainz.org/release-group/627c3aeb-047d-4836-b945-0eb0bb899d3c
rock_hall,,1979,Louisiana Rain,Tom Petty and the Heartbreakers,,"Louisiana, United States, North America",State/Region,Direct,louisiana,31.169,-91.867,,,y,Tom Petty,Louisiana Rain,Single,Tom Petty and the Heartbreakers,https://musicbrainz.org/release-group/50651302-54af-406b-895d-324047ab42b3
rock_hall,,1996,California,Tom Petty and the Heartbreakers,,"California, United States, North America",State/Region,Direct,california,36.116,-119.682,"also in the dataset by Amelia Lily, Belinda Carlisle, CO (Club Oriented), Debby Boone, EMA, Joni Mitchell, Lenny Kravitz, Low, Phantom Planet, The Wedding Present",,y,Tom Petty,Songs and Music From the Motion Picture She’s the One,Album (soundtrack),Tom Petty and the Heartbreakers,https://musicbrainz.org/release-group/ceb41697-7535-333b-890a-87e64e183bcd
rock_hall,,2006,Down South,Tom Petty,,"American South, United States, North America",Continent/Region,Direct,down south,33,-86,,,y,Tom Petty,Highway Companion,Album,Tom Petty,https://musicbrainz.org/release-group/5bf7de87-69c4-3069-af9d-def0ee223e61
rock_hall,,2007,"Keeping Me Alive (Record Plant, Hollywood '82)",Tom Petty and the Heartbreakers,,"Hollywood, California, United States, North America",Neighborhood/District,Direct,hollywood,34.0928,-118.3287,,,n — Hollywood only in a session note,Tom Petty,Runnin’ Down a Dream,Album (soundtrack),Tom Petty and the Heartbreakers,https://musicbrainz.org/release-group/b7332e98-3807-3ff8-b5c0-da7c5747db15
rock_hall,,2007,"Stories We Could Tell (Record Plant, Hollywood '82)",Tom Petty and the Heartbreakers,,"Hollywood, California, United States, North America",Neighborhood/District,Direct,hollywood,34.0928,-118.3287,,,n — Hollywood only in a session note,Tom Petty,Runnin’ Down a Dream,Album (soundtrack),Tom Petty and the Heartbreakers,https://musicbrainz.org/release-group/b7332e98-3807-3ff8-b5c0-da7c5747db15
rock_hall,,2014,American Dream Plan B,Tom Petty and the Heartbreakers,,"United States, North America",Country,Demonym,american,38.8951,-77.0364,,,y,Tom Petty,Hypnotic Eye,Album,Tom Petty & the Heartbreakers,https://musicbrainz.org/release-group/635898ec-81c7-4b28-90cf-e1ea9e83251b
rock_hall,,2018,Gainesville,Tom Petty and the Heartbreakers,,"Gainesville, Florida, United States, North America",City,Direct,gainesville,29.65163,-82.32483,,,y,Tom Petty,"Gainesville (outtake, 1998)",Single,Tom Petty and the Heartbreakers,https://musicbrainz.org/release-group/4a5659bc-117b-4cd8-829d-b1a7689828e0
rock_hall,,1973,Virginia Avenue,Tom Waits,,"Virginia, United States, North America",State/Region,Direct,virginia,37.769,-78.17,,,? — Virginia Avenue — which one? check,Tom Waits,Closing Time,Album,Tom Waits,https://musicbrainz.org/release-group/35c9a4b0-d4dd-3e6f-87fd-2185519296e2
rock_hall,,1974,San Diego Serenade,Tom Waits,,"San Diego, California, United States, North America",City,Direct,san diego,32.7157,-117.1647,"new place — pin from geonamescache, check it",,y,Tom Waits,The Heart of Saturday Night,Album,Tom Waits,https://musicbrainz.org/release-group/02e8018b-9dfe-35f4-99a1-6759c8b5f41c
rock_hall,,1976,I Can't Wait to Get Off Work (and See My Baby on Montgomery Avenue),Tom Waits,,"Montgomery, Alabama, United States, North America",City,Direct,montgomery,32.36681,-86.29997,,,n — a Montgomery Avenue that can't be pinned down,Tom Waits,Small Change,Album,Tom Waits,https://musicbrainz.org/release-group/74d9eef1-bbc6-3029-8289-a53ef41698f6
rock_hall,,1976,I Wish I Was in New Orleans (in the Ninth Ward),Tom Waits,,"New Orleans, Louisiana, United States, North America",City,Direct,new orleans,30.0686,-89.939,,,y,Tom Waits,Small Change,Album,Tom Waits,https://musicbrainz.org/release-group/74d9eef1-bbc6-3029-8289-a53ef41698f6
rock_hall,,1977,Burma-Shave,Tom Waits,,"Myanmar, Asia",Country,Direct,burma,19.745,96.12972,,,n — Burma-Shave is a shaving cream,Tom Waits,Foreign Affairs,Album,Tom Waits,https://musicbrainz.org/release-group/272a7377-c944-3ec5-ae75-ccc00a384e3a
rock_hall,,1977,"California, Here I Come",Tom Waits,,"California, United States, North America",State/Region,Direct,california,36.116,-119.682,"also in the dataset by Al Jolson, Freddy Cannon, Sophie B. Hawkins",,y,Tom Waits,Foreign Affairs,Album,Tom Waits,https://musicbrainz.org/release-group/272a7377-c944-3ec5-ae75-ccc00a384e3a
rock_hall,,1978,Christmas Card From a Hooker in Minneapolis,Tom Waits,,"Minneapolis, Minnesota, United States, North America",City,Direct,minneapolis,44.9778,-93.2650,,,y,Tom Waits,Blue Valentine,Album,Tom Waits,https://musicbrainz.org/release-group/a138f035-a018-3d29-8b90-36b30956fccc
rock_hall,,1978,Kentucky Avenue,Tom Waits,,"Kentucky, United States, North America",State/Region,Direct,kentucky,37.668,-84.67,,,"? — Kentucky Avenue is a street in Whittier, California — check",Tom Waits,Blue Valentine,Album,Tom Waits,https://musicbrainz.org/release-group/a138f035-a018-3d29-8b90-36b30956fccc
rock_hall,,1983,"Johnsburg, Illinois",Tom Waits,,"Johnsburg, Illinois, United States, North America",City,Direct,illinois,42.3803,-88.242,"new place — pin approximate, check it; place changed from 'Illinois, United States, North America'",,y — the inner place is Johnsburg,Tom Waits,Swordfishtrombones,Album,Tom Waits,https://musicbrainz.org/release-group/c791b365-0400-3926-be67-d1d9c71fc37e
rock_hall,,1985,Singapore,Tom Waits,,"Singapore, Asia",Country,Direct,singapore,1.28967,103.85007,,,y,Tom Waits,In the Neighborhood,Single,Tom Waits,https://musicbrainz.org/release-group/999f30d1-c7c9-42cb-9c4d-46a56eb56159
rock_hall,,1985,Walking Spanish,Tom Waits,,"Spain, Europe",Country,Demonym,spanish,40.4165,-3.7026,,,n — 'walking Spanish' is an idiom,Tom Waits,Rain Dogs,Album,Tom Waits,https://musicbrainz.org/release-group/fb25a883-2270-3ec4-8c62-85c7ed857e6f
rock_hall,,1987,I’ll Take New York,Tom Waits,,"New York, New York, United States, North America",City,Direct,new york,40.6643,-73.9385,,,y,Tom Waits,Franks Wild Years,Album,Tom Waits,https://musicbrainz.org/release-group/0b749ad8-2297-36b4-976b-fc8fc2d719cd
rock_hall,,1987,Straight to the Top (Vegas),Tom Waits,,"Las Vegas, Nevada, United States, North America",City,Nickname,vegas,36.2277,-115.264,,,y,Tom Waits,Franks Wild Years,Album,Tom Waits,https://musicbrainz.org/release-group/0b749ad8-2297-36b4-976b-fc8fc2d719cd
rock_hall,,1987,Telephone Call From Istanbul,Tom Waits,,"Istanbul, Turkey, Asia",City,Direct,istanbul,41.0138,28.9497,,,y,Tom Waits,Franks Wild Years,Album,Tom Waits,https://musicbrainz.org/release-group/0b749ad8-2297-36b4-976b-fc8fc2d719cd
rock_hall,,1991,Helsinki Mood,Tom Waits,,"Helsinki, Finland, Europe",City,Direct,helsinki,60.16952,24.93545,,,y,Tom Waits,Night on Earth,Album (soundtrack),Tom Waits,https://musicbrainz.org/release-group/3c087369-e6ac-3fc3-aea6-197a17ce44ce
rock_hall,,1991,Los Angeles Mood (Chromium Descensions),Tom Waits,,"Los Angeles, California, United States, North America",City,Direct,los angeles,34.0194,-118.4108,,,y,Tom Waits,Night on Earth,Album (soundtrack),Tom Waits,https://musicbrainz.org/release-group/3c087369-e6ac-3fc3-aea6-197a17ce44ce
rock_hall,,1991,Los Angeles Theme (Another Private Dick),Tom Waits,,"Los Angeles, California, United States, North America",City,Direct,los angeles,34.0194,-118.4108,,,y,Tom Waits,Night on Earth,Album (soundtrack),Tom Waits,https://musicbrainz.org/release-group/3c087369-e6ac-3fc3-aea6-197a17ce44ce
rock_hall,,1991,New York Mood (A New Haircut and a Busted Lip),Tom Waits,,"New York, New York, United States, North America",City,Direct,new york,40.6643,-73.9385,,,y,Tom Waits,Night on Earth,Album (soundtrack),Tom Waits,https://musicbrainz.org/release-group/3c087369-e6ac-3fc3-aea6-197a17ce44ce
rock_hall,,1991,"New York Theme (Hey, You Can Have That Heartattack Outside Buddy)",Tom Waits,,"New York, New York, United States, North America",City,Direct,new york,40.6643,-73.9385,,,y,Tom Waits,Night on Earth,Album (soundtrack),Tom Waits,https://musicbrainz.org/release-group/3c087369-e6ac-3fc3-aea6-197a17ce44ce
rock_hall,,1991,Paris Mood (Un de Fromage),Tom Waits,,"Paris, France, Europe",City,Direct,paris,48.8534,2.3488,,,y,Tom Waits,Night on Earth,Album (soundtrack),Tom Waits,https://musicbrainz.org/release-group/3c087369-e6ac-3fc3-aea6-197a17ce44ce
rock_hall,,1993,Russian Dance,Tom Waits,,"Russia, Europe",Country,Demonym,russian,55.752,37.6178,,,y,Tom Waits,The Black Rider,Album,Tom Waits,https://musicbrainz.org/release-group/3f43452a-9608-31de-874a-68abdb602a71
rock_hall,,1999,Big in Japan,Tom Waits,,"Japan, Asia",Country,Direct,japan,35.6895,139.6917,also in the dataset by Alphaville,,y,Tom Waits,Mule Variations,Album,Tom Waits,https://musicbrainz.org/release-group/be821a7a-4a19-3062-9ca6-8d07a658bc10
rock_hall,,1999,Filipino Box Spring Hog,Tom Waits,,"Philippines, Asia",Country,Demonym,filipino,14.5995,120.9842,"new place — pin approximate, check it",,y,Tom Waits,Mule Variations,Album,Tom Waits,https://musicbrainz.org/release-group/be821a7a-4a19-3062-9ca6-8d07a658bc10
rock_hall,,1999,Georgia Lee,Tom Waits,,"Georgia, United States, North America",State/Region,Direct,georgia,33.04,-83.643,,,n — Georgia Lee is a girl's name,Tom Waits,Mule Variations,Album,Tom Waits,https://musicbrainz.org/release-group/be821a7a-4a19-3062-9ca6-8d07a658bc10
rock_hall,,2002,Coney Island Baby,Tom Waits,,"Coney Island, New York, New York, United States, North America",Street/Landmark,Direct,coney island,40.5755,-73.9707,"also in the dataset by Lou Reed, The Excellents",,y,Tom Waits,Blood Money,Album,Tom Waits,https://musicbrainz.org/release-group/63377d20-38df-30ae-b1bc-6808b9e05482
rock_hall,,2011,Chicago,Tom Waits,,"Chicago, Illinois, United States, North America",City,Direct,chicago,41.8376,-87.6818,"also in the dataset by Elton John and Kiki Dee, Frank Sinatra, Graham Nash, Michael Jackson, Sufjan Stevens",,y,Tom Waits,Bad as Me,Album,Tom Waits,https://musicbrainz.org/release-group/956f10e8-0c74-4010-99d3-1b60fb7e88bc
rock_hall,,1968,Shanghai Noodle Factory,Traffic,,"Shanghai, China, Asia",City,Direct,shanghai,31.2222,121.4581,,,y,Traffic,Medicated Goo / Shanghai Noodle Factory,Single,Traffic,https://musicbrainz.org/release-group/463a9dfc-9471-3e9a-abb3-c8c1e9e5dcff
rock_hall,,1974,Memories of a Rock n’ Rolla,Traffic,,"Rolla, Missouri",City,Direct,rolla,,,,,"n — rock 'n' rolla, not Rolla, Missouri",Traffic,When the Eagle Flies,Album,Traffic,https://musicbrainz.org/release-group/d5a65706-c978-37bb-a83f-bee533539546
rock_hall,,1994,Mozambique,Traffic,,"Mozambique, Africa",Country,Direct,mozambique,-25.9655,32.5832,also in the dataset by Bob Dylan,,y,Traffic,Far From Home,Album,Traffic,https://musicbrainz.org/release-group/53a4dc0e-47ad-4c36-b022-c02a28686d31
rock_hall,,1981,With a Shout (Jerusalem),U2,,"Jerusalem, Israel, Asia",City,Direct,jerusalem,31.769,35.2163,,,y,U2,October,Album,U2,https://musicbrainz.org/release-group/87febb2c-e117-3a0d-a7f6-8fd9a6421af1
rock_hall,,1984,Elvis Presley and America,U2,,"United States, North America",Country,Direct,america,38.8951,-77.0364,,,y,U2,The Unforgettable Fire,Album,U2,https://musicbrainz.org/release-group/c84d00f4-afd3-3184-be62-6ae5f135aa38
rock_hall,,1987,Spanish Eyes,U2,,"Spain, Europe",Country,Demonym,spanish,40.4165,-3.7026,"also in the dataset by Al Martino, Fifth Avenue",,y,U2,Trip Through Your Wires,EP,U2,https://musicbrainz.org/release-group/881d2d50-ed50-4809-844e-e42a58012274
rock_hall,,1988,Heartland,U2,,"American Heartland, United States, North America",Continent/Region,Direct,heartland,39.8,-95.0,"new place — pin approximate, check it",,? — 'the Heartland' isn't one place — your call,U2,Rattle and Hum,Album (soundtrack),U2,https://musicbrainz.org/release-group/bf965ead-7c91-3a9b-93c8-cf941242ee65
rock_hall,,1997,Miami,U2,,"Miami, Florida, United States, North America",City,Direct,miami,25.7752,-80.2086,"also in the dataset by Baxter Dury, Bob Seger, Eugene Church, Morgan Wallen ft. Lil Wayne and Rick Ross, Tory Lanez ft. Gunna, Will Smith",,y,U2,Pop,Album,U2,https://musicbrainz.org/release-group/5eca5ea6-841b-3835-b368-94fb71d8f932
rock_hall,,2000,New York,U2,,"New York, New York, United States, North America",City,Direct,new york,40.6643,-73.9385,also in the dataset by Ja Rule ft. Fat Joe and Jadakiss,,y,U2,All That You Can’t Leave Behind,Album,U2,https://musicbrainz.org/release-group/88c59b55-200d-3ac1-beff-8eb99830807e
rock_hall,,2002,The Hands That Built America,U2,,"United States, North America",Country,Direct,america,38.8951,-77.0364,,,y,U2,The Hands That Built America,Single,U2,https://musicbrainz.org/release-group/f7026d99-52b6-407a-9146-0e80acb9696c
rock_hall,,2009,Cedars of Lebanon,U2,,"Lebanon, Asia",Country,Direct,lebanon,33.8933,35.5016,,,y,U2,No Line on the Horizon,Album,U2,https://musicbrainz.org/release-group/acaa5e04-685c-3e47-af62-1cd3012008b6
rock_hall,,2014,California (There Is No End to Love),U2,,"California, United States, North America",State/Region,Direct,california,36.116,-119.682,"also in the dataset by Amelia Lily, Belinda Carlisle, CO (Club Oriented), Debby Boone, EMA, Joni Mitchell, Lenny Kravitz, Low, Phantom Planet, The Wedding Present",,y,U2,Songs of Innocence,Album,U2,https://musicbrainz.org/release-group/e3f3f2c0-6fa8-4098-8aad-d82209c34973
rock_hall,,2017,American Soul,U2,,"United States, North America",Country,Demonym,american,38.8951,-77.0364,,,y,U2,American Soul,Single,U2,https://musicbrainz.org/release-group/ba9d8ac5-3726-4a64-b084-948889220d9e
rock_hall,,2026,American Obituary,U2,,"United States, North America",Country,Demonym,american,38.8951,-77.0364,,,y,U2,Days of Ash EP,EP,U2,https://musicbrainz.org/release-group/18b82e5d-33b0-4baf-bb87-75c82db6d697
rock_hall,,1979,Spanish Fly,Van Halen,,"Spain, Europe",Country,Demonym,spanish,40.4165,-3.7026,,,"n — Spanish fly, an aphrodisiac",Van Halen,Van Halen II,Album,Van Halen,https://musicbrainz.org/release-group/8001e841-11a1-379d-b52c-da0311340b56
rock_hall,,1984,Panama,Van Halen,,"Panama, North America",Country,Direct,panama,9,-80,also in the dataset by Al Hirt,,? — Van Halen's 'Panama' charted but isn't in the dataset — rejected before? (it's about a car),Van Halen,1984,Album,Van Halen,https://musicbrainz.org/release-group/5846f0c9-fec3-3b9e-a77c-fbe9a7bdf0e7
rock_hall,,2012,China Town,Van Halen,,"China, Asia",Country,Direct,china,39.9075,116.3972,,,n — Chinatown — excluded by earlier decision (can't pin to one city),Van Halen,A Different Kind of Truth,Album,Van Halen,https://musicbrainz.org/release-group/27047e5a-987f-409b-8d73-80a8ba55b9da
rock_hall,,1967,Spanish Rose,Van Morrison,,"Spain, Europe",Country,Demonym,spanish,40.4165,-3.7026,,,y,Van Morrison,Blowin’ Your Mind!,Album,Van Morrison,https://musicbrainz.org/release-group/c89a3194-d0bb-3089-a538-f0b782ca4395
rock_hall,,1971,I Wanna Roo You (Scottish Derivative),Van Morrison,,"Scotland, United Kingdom, Europe",Country,Demonym,scottish,55.9533,-3.1883,,,n — describes the song's style,Van Morrison,Tupelo Honey,Album,Van Morrison,https://musicbrainz.org/release-group/c2c0e5e7-dc91-3e4e-b5bf-a26f06328926
rock_hall,,1971,Old Old Woodstock,Van Morrison,,"Woodstock, New York, United States, North America",City,Direct,woodstock,42.0409,-74.1182,,,y,Van Morrison,Tupelo Honey,Album,Van Morrison,https://musicbrainz.org/release-group/c2c0e5e7-dc91-3e4e-b5bf-a26f06328926
rock_hall,,1977,The Eternal Kansas City,Van Morrison,,"Kansas City, Missouri, United States, North America",City,Direct,kansas city,39.1252,-94.5511,,,y,Van Morrison,A Period of Transition,Album,Van Morrison,https://musicbrainz.org/release-group/4a07abbe-f575-3e13-a7d5-59a45384eebf
rock_hall,,1978,Santa Fe/Beautiful Obsession,Van Morrison,,"Santa Fe, New Mexico, United States, North America",City,Direct,santa fe,35.666,-105.9737,,,y,Van Morrison,Wavelength,Album,Van Morrison,https://musicbrainz.org/release-group/cb5a7ce8-8ddd-3b0f-ae06-7f87629398d1
rock_hall,,1978,Venice U.S.A.,Van Morrison,,"Venice, Los Angeles, California, United States, North America",City,Direct,venice,33.990833,-118.459167,UK chart but a little-used US place — check it isn't a British namesake,,y,Van Morrison,Wavelength,Album,Van Morrison,https://musicbrainz.org/release-group/cb5a7ce8-8ddd-3b0f-ae06-7f87629398d1
rock_hall,,1980,Summertime in England,Van Morrison,,"England, United Kingdom, Europe",Country,Direct,england,51.5074,-0.1278,,,y,Van Morrison,Common One,Album,Van Morrison,https://musicbrainz.org/release-group/01f46631-39d6-382d-8d45-ba1180feaa14
rock_hall,,1982,Scandinavia,Van Morrison,,"Scandinavia, Europe",Continent/Region,Direct,scandinavia,62.0,15.0,"new place — pin approximate, check it",,y,Van Morrison,Beautiful Vision,Album,Van Morrison,https://musicbrainz.org/release-group/36680bcc-63dd-380e-9eb7-dc8613124d67
rock_hall,,1983,Irish Heartbeat,Van Morrison,,"Ireland, Europe",Country,Demonym,irish,53.3331,-6.2489,,,y,Van Morrison,Inarticulate Speech of the Heart,Album,Van Morrison,https://musicbrainz.org/release-group/1fa971a3-4ed8-3aef-a12d-c00c8a56eecf
rock_hall,,1986,A Town Called Paradise,Van Morrison,,"Paradise, Kentucky, United States, North America",City,Direct,paradise,37.268056,-86.983611,UK chart but a little-used US place — check it isn't a British namesake,,"n — paradise as in heaven or bliss, not Paradise, Kentucky",Van Morrison,"No Guru, No Method, No Teacher",Album,Van Morrison,https://musicbrainz.org/release-group/c89b9642-6b26-3ca2-a1e4-55f306ad50c9
rock_hall,,1986,One Irish Rover,Van Morrison,,"Ireland, Europe",Country,Demonym,irish,53.3331,-6.2489,,,y,Van Morrison,"No Guru, No Method, No Teacher",Album,Van Morrison,https://musicbrainz.org/release-group/c89b9642-6b26-3ca2-a1e4-55f306ad50c9
rock_hall,,1987,Alan Watts Blues,Van Morrison,,"Watts, Los Angeles",Neighborhood/District,Direct,watts,,,,,"n — a person or unit named Watts, not Watts, Los Angeles",Van Morrison,Poetic Champions Compose,Album,Van Morrison,https://musicbrainz.org/release-group/e1c45fe1-d99f-3874-8a50-79de343e1c06
rock_hall,,1987,Spanish Steps,Van Morrison,,"Spanish Steps, Rome, Italy, Europe",Street/Landmark,Demonym,spanish,41.9059,12.4823,"new place — pin approximate, check it; place changed from 'Spain, Europe'",,y — the Spanish Steps in Rome,Van Morrison,Poetic Champions Compose,Album,Van Morrison,https://musicbrainz.org/release-group/e1c45fe1-d99f-3874-8a50-79de343e1c06
rock_hall,,1988,Carrickfergus,Van Morrison and The Chieftains,,"Carrickfergus, Northern Ireland, United Kingdom, Europe",City,Direct,carrickfergus,54.713611,-5.8075,also in the dataset by The Dubliners,,y,Van Morrison,Irish Heartbeat,Album,Van Morrison & The Chieftains,https://musicbrainz.org/release-group/24344dad-3fc0-39dc-b2f9-8220fe65718a
rock_hall,,2002,Georgia on My Mind,Van Morrison,,"Georgia, United States, North America",State/Region,Direct,georgia,33.04,-83.643,"also in the dataset by Hoagy Carmichael, Michael Bolton, Ray Charles, The Righteous Brothers, Wes Montgomery, Willie Nelson",,y,Van Morrison,Down the Road,Album,Van Morrison,https://musicbrainz.org/release-group/e3418ce7-0a9c-3b2c-ae91-42e24aedb9d2
rock_hall,,2002,What Makes the Irish Heart Beat,Van Morrison,,"Ireland, Europe",Country,Demonym,irish,53.3331,-6.2489,,,y,Van Morrison,Down the Road,Album,Van Morrison,https://musicbrainz.org/release-group/e3418ce7-0a9c-3b2c-ae91-42e24aedb9d2
rock_hall,,2016,Going Down to Bangor,Van Morrison,,"Bangor, County Down, Northern Ireland, United Kingdom, Europe",City,Direct,bangor,54.66,-5.67,"new place — pin approximate, check it; place changed from 'Bangor, Gwynedd, Wales, United Kingdom, Europe'; term list says 'Bangor, Maine'; matched the dataset's place of the same name — confirm it's the same place",,y — Van Morrison's Bangor is in County Down,Van Morrison,Keep Me Singing,Album,Van Morrison,https://musicbrainz.org/release-group/edfa016c-c32c-4f31-8969-98f990ff6560
rock_hall,,2017,Goin’ to Chicago,Van Morrison,,"Chicago, Illinois, United States, North America",City,Direct,chicago,41.8376,-87.6818,,,y,Van Morrison,Roll With the Punches,Album,Van Morrison,https://musicbrainz.org/release-group/91424024-d2f6-461c-ae38-ab87ab6d064f
rock_hall,,2017,I Left My Heart in San Francisco,Van Morrison,,"San Francisco, California, United States, North America",City,Direct,san francisco,37.78,-122.4193,also in the dataset by Tony Bennett,,y,Van Morrison,Versatile,Album,Van Morrison,https://musicbrainz.org/release-group/aaa9b5fe-4e26-4899-b3a7-76fa32bfa81a
rock_hall,,2019,Up on Broadway,Van Morrison,,"Broadway, New York, New York, United States, North America",Street/Landmark,Direct,broadway,40.759,-73.9845,,,y,Van Morrison,Three Chords & the Truth,Album,Van Morrison,https://musicbrainz.org/release-group/b67a7852-af73-41c3-9592-d553ab309d91
rock_hall,,2022,Fear and Self‐Loathing in Las Vegas,Van Morrison,,"Las Vegas, Nevada, United States, North America",City,Direct,las vegas,36.2277,-115.264,,,y,Van Morrison,What’s It Gonna Take?,Album,Van Morrison,https://musicbrainz.org/release-group/429c3fa6-3645-4b6b-b0f5-0e2a6407657a
rock_hall,,2022,Money From America,Van Morrison,,"United States, North America",Country,Direct,america,38.8951,-77.0364,,,y,Van Morrison,What’s It Gonna Take?,Album,Van Morrison,https://musicbrainz.org/release-group/429c3fa6-3645-4b6b-b0f5-0e2a6407657a
rock_hall,,1961,Kansas City,Wanda Jackson,,"Kansas City, Missouri, United States, North America",City,Direct,kansas city,39.1252,-94.5511,"also in the dataset by Hank Ballard And The Midnighters, James Brown And The Famous Flames, Little Richard, Rocky Olson, The New Basement Tapes, Trini Lopez, Wilbert Harrison",,y,Wanda Jackson,There’s a Party Goin’ On,Album,Wanda Jackson,https://musicbrainz.org/release-group/240e5ed6-3291-4fc9-9e1c-1d97252ded8b
rock_hall,,1965,Santo Domingo,Wanda Jackson,,"Santo Domingo, Dominican Republic, North America",City,Direct,santo domingo,18.4719,-69.8923,"new place — pin from geonamescache, check it",,y,Wanda Jackson,"Santo Domingo / Oh, Blacky Joe",Single,Wanda Jackson,https://musicbrainz.org/release-group/08a47c20-c58a-414a-a22c-2c89e43189b1
rock_hall,,1969,"Memphis, Tennessee",Wanda Jackson,,"Memphis, Tennessee, United States, North America",City,Direct,memphis + tennessee,35.1035,-89.9785,"also in the dataset by Chuck Berry, Dave Berry and the Cruisers",,y,Wanda Jackson,The Many Moods of Wanda Jackson,Album,Wanda Jackson,https://musicbrainz.org/release-group/71a4a8b5-5b09-4f04-9005-b7c98e828ef8
rock_hall,,1970,By the Time You Get to Phoenix,Wanda Jackson,,"Phoenix, Arizona, United States, North America",City,Direct,phoenix,33.5722,-112.088,,,y,Wanda Jackson,Wanda Jackson Country!,Album,Wanda Jackson,https://musicbrainz.org/release-group/da2b5599-fbd7-4241-8b2b-4479d946a2d3
rock_hall,,1973,Tennessee Women’s Prison,Wanda Jackson,,"Tennessee, United States, North America",State/Region,Direct,tennessee,35.747,-86.692,,,y,Wanda Jackson,Country Keepsakes,Album,Wanda Jackson,https://musicbrainz.org/release-group/6fce9aee-828c-4397-b016-669062c75efd
rock_hall,,1988,Jackson,Wanda Jackson and Karel Zich,,"Jackson, Mississippi, United States, North America",City,Direct,jackson,32.3158,-90.2128,"also in the dataset by Cymbals Eat Guitars, Johnny Cash, Nancy Sinatra and Lee Hazlewood",,y,Wanda Jackson,Let's Have a Party in Prague,Album,Wanda Jackson & Karel Zich,https://musicbrainz.org/release-group/9048c4f5-55b4-48c7-a187-c66edf31214d
rock_hall,,2006,Blue Moon of Kentucky,Wanda Jackson,,"Kentucky, United States, North America",State/Region,Direct,kentucky,37.668,-84.67,"also in the dataset by Bill Monroe, Elvis Presley",,y,Wanda Jackson,I Remember Elvis,Album,Wanda Jackson,https://musicbrainz.org/release-group/a5a248be-e348-4123-9fda-5645e13009cc
rock_hall,,2012,California Stars,Wanda Jackson,,"California, United States, North America",State/Region,Direct,california,36.116,-119.682,also in the dataset by Billy Bragg and Wilco,,y,Wanda Jackson,Unfinished Business,Album,Wanda Jackson,https://musicbrainz.org/release-group/3a0fbaee-3aa5-4871-901f-4793b64685b5
rock_hall,,1976,The French Inhaler,Warren Zevon,,"France, Europe",Country,Demonym,french,48.8534,2.3488,,,y,Warren Zevon,Warren Zevon,Album,Warren Zevon,https://musicbrainz.org/release-group/d119f12a-e47c-3128-a259-f53d5181046a
rock_hall,,1978,Veracruz,Warren Zevon,,"Veracruz, Mexico, North America",City,Direct,veracruz,19.1809,-96.1429,"new place — pin from geonamescache, check it",,y,Warren Zevon,Excitable Boy,Album,Warren Zevon,https://musicbrainz.org/release-group/e0e0cddc-1af7-33e1-a2d6-bf0ef0d1baa8
rock_hall,,1991,Things to Do in Denver When You're Dead,Warren Zevon,,"Denver, Colorado, United States, North America",City,Direct,denver,39.7618,-104.8806,,,y,Warren Zevon,Mr. Bad Example,Album,Warren Zevon,https://musicbrainz.org/release-group/c1dfa83c-49e4-35c5-8c2e-5c944127fa2b
rock_hall,,1960,Chicago House Rent Party,Memphis Slim and Willie Dixon,,"Chicago, Illinois, United States, North America",City,Direct,chicago,41.8376,-87.6818,,,y,Willie Dixon,Songs of Memphis Slim & Willie Dixon,Album,Memphis Slim and Willie Dixon,https://musicbrainz.org/release-group/a16a21b8-1612-4baf-b94a-8276f73e2eee
rock_hall,,1960,Have You Ever Been to Nashville Pen?,Memphis Slim and Willie Dixon,,"Nashville, Tennessee, United States, North America",City,Direct,nashville,36.1718,-86.785,,,y,Willie Dixon,Songs of Memphis Slim & Willie Dixon,Album,Memphis Slim and Willie Dixon,https://musicbrainz.org/release-group/a16a21b8-1612-4baf-b94a-8276f73e2eee
rock_hall,,1960,"Kansas City No.1, 2 and 3",Memphis Slim and Willie Dixon,,"Kansas City, Missouri, United States, North America",City,Direct,kansas city,39.1252,-94.5511,,,y,Willie Dixon,Songs of Memphis Slim & Willie Dixon,Album,Memphis Slim and Willie Dixon,https://musicbrainz.org/release-group/a16a21b8-1612-4baf-b94a-8276f73e2eee
rock_hall,,1966,Columbus Stockade Blues,Willie Nelson,,"Columbus, Georgia, United States, North America",City,Direct,columbus,32.461,-84.9877,"new place — pin from geonamescache, check it; place changed from 'Columbus, Ohio, United States, North America'",,y — the Columbus stockade is in Georgia,Willie Nelson,Country Favorites Willie Nelson Style,Album,Willie Nelson,https://musicbrainz.org/release-group/6069a413-4053-3417-80e5-cf0c2863f684
rock_hall,,1966,San Antonio Rose,Willie Nelson,,"San Antonio, Texas, United States, North America",City,Direct,san antonio,29.4724,-98.5251,"also in the dataset by Bob Wills, Floyd Cramer",,y,Willie Nelson,Country Favorites Willie Nelson Style,Album,Willie Nelson,https://musicbrainz.org/release-group/6069a413-4053-3417-80e5-cf0c2863f684
rock_hall,,1968,Beautiful Texas,Willie Nelson,,"Texas, United States, North America",State/Region,Direct,texas,31.054,-97.563,,,y,Willie Nelson,Texas in My Soul,Album,Willie Nelson,https://musicbrainz.org/release-group/dbb54d5e-a621-36be-bf70-15018a48dc86
rock_hall,,1968,Dallas,Willie Nelson,,"Dallas, Texas, United States, North America",City,Direct,dallas,32.7942,-96.7655,also in the dataset by Jimmie Dale and The Flatlanders,,y,Willie Nelson,Texas in My Soul,Album,Willie Nelson,https://musicbrainz.org/release-group/dbb54d5e-a621-36be-bf70-15018a48dc86
rock_hall,,1968,Remember the Alamo,Willie Nelson,,"The Alamo, San Antonio, Texas, United States, North America",Street/Landmark,Direct,the alamo,29.426,-98.4861,,,y,Willie Nelson,Texas in My Soul,Album,Willie Nelson,https://musicbrainz.org/release-group/dbb54d5e-a621-36be-bf70-15018a48dc86
rock_hall,,1968,San Antonio,Willie Nelson,,"San Antonio, Texas, United States, North America",City,Direct,san antonio,29.4724,-98.5251,,,y,Willie Nelson,Texas in My Soul,Album,Willie Nelson,https://musicbrainz.org/release-group/dbb54d5e-a621-36be-bf70-15018a48dc86
rock_hall,,1968,Streets of Laredo,Willie Nelson,,"Laredo, Texas, United States, North America",City,Direct,laredo,27.5477,-99.4869,,,y,Willie Nelson,Texas in My Soul,Album,Willie Nelson,https://musicbrainz.org/release-group/dbb54d5e-a621-36be-bf70-15018a48dc86
rock_hall,,1968,Texas in My Soul,Willie Nelson,,"Texas, United States, North America",State/Region,Direct,texas,31.054,-97.563,,,y,Willie Nelson,Texas in My Soul,Album,Willie Nelson,https://musicbrainz.org/release-group/dbb54d5e-a621-36be-bf70-15018a48dc86
rock_hall,,1968,There's a Little Bit of Everything in Texas,Willie Nelson,,"Texas, United States, North America",State/Region,Direct,texas,31.054,-97.563,,,y,Willie Nelson,Texas in My Soul,Album,Willie Nelson,https://musicbrainz.org/release-group/dbb54d5e-a621-36be-bf70-15018a48dc86
rock_hall,,1968,Waltz Across Texas,Willie Nelson,,"Texas, United States, North America",State/Region,Direct,texas,31.054,-97.563,also in the dataset by Ernest Tubb,,y,Willie Nelson,Texas in My Soul,Album,Willie Nelson,https://musicbrainz.org/release-group/dbb54d5e-a621-36be-bf70-15018a48dc86
rock_hall,,1968,Who Put All My Ex's in Texas,Willie Nelson,,"Texas, United States, North America",State/Region,Direct,texas,31.054,-97.563,,,y,Willie Nelson,Texas in My Soul,Album,Willie Nelson,https://musicbrainz.org/release-group/dbb54d5e-a621-36be-bf70-15018a48dc86
rock_hall,,1970,Who Do I Know in Dallas,Willie Nelson,,"Dallas, Texas, United States, North America",City,Direct,dallas,32.7942,-96.7655,,,y,Willie Nelson,Both Sides Now,Album,Willie Nelson,https://musicbrainz.org/release-group/ecb46a71-05ff-3134-af7a-440fe0ae3a78
rock_hall,,1972,London,Willie Nelson,,"London, England, United Kingdom, Europe",City,Direct,london,51.5085,-0.1257,"also in the dataset by AJ and Deno ft. EO, Bia ft. J. Cole, M24 ft. Tion Wayne, Sandy Denny and Thea Gilmore, Skepta & Fred Again",,y,Willie Nelson,The Words Don’t Fit the Picture,Album,Willie Nelson,https://musicbrainz.org/release-group/f8c012c8-6a3c-440f-bb7f-6e374b8dfddf
rock_hall,,1975,Denver,Willie Nelson,,"Denver, Colorado, United States, North America",City,Direct,denver,39.7618,-104.8806,,,y,Willie Nelson,Red Headed Stranger,Album,Willie Nelson,https://musicbrainz.org/release-group/b51ba291-2490-3132-a85d-2094de795b63
rock_hall,,1978,Moonlight in Vermont,Willie Nelson,,"Vermont, United States, North America",State/Region,Direct,vermont,44.08,-72.71,also in the dataset by Ella Fitzgerald and Louis Armstrong,,y,Willie Nelson,Stardust,Album,Willie Nelson,https://musicbrainz.org/release-group/196bb5cd-d3bf-3da8-9a6c-25c6212bda05
rock_hall,,1982,Old Fords and a Natural Stone,Willie Nelson,,"Fords, New Jersey",City,Direct,fords,,,,,n — Old Fords are cars,Willie Nelson,Always on My Mind,Album,Willie Nelson,https://musicbrainz.org/release-group/404196b2-53fc-36d7-9c28-85ff2f148cc4
rock_hall,,1983,Somewhere in Texas (Part I),Willie Nelson,,"Texas, United States, North America",State/Region,Direct,texas,31.054,-97.563,,,y,Willie Nelson,Tougher Than Leather,Album,Willie Nelson,https://musicbrainz.org/release-group/9bf669ad-5197-3819-94ef-dbcaf5734f2c
rock_hall,,1984,City of New Orleans,Willie Nelson,,"New Orleans, Louisiana, United States, North America",City,Direct,new orleans,30.0686,-89.939,"also in the dataset by Arlo Guthrie, Steve Goodman",,y,Willie Nelson,City of New Orleans,Album,Willie Nelson,https://musicbrainz.org/release-group/8e18479c-1fbc-3651-b2a4-7c2772a297b4
rock_hall,,1984,Please Come to Boston,Willie Nelson,,"Boston, Massachusetts, United States, North America",City,Direct,boston,42.332,-71.0202,also in the dataset by Dave Loggins,,y,Willie Nelson,City of New Orleans,Album,Willie Nelson,https://musicbrainz.org/release-group/8e18479c-1fbc-3651-b2a4-7c2772a297b4
rock_hall,,1985,Caribbean,Willie Nelson and Hank Snow,,"Caribbean, North America",Continent/Region,Direct,caribbean,14.5,-75,also in the dataset by Mitchell Torok,,y,Willie Nelson,Brand on My Heart,Album,Willie Nelson & Hank Snow,https://musicbrainz.org/release-group/653aed6d-94da-4cb9-aef0-380d1782bd87
rock_hall,,1985,I Been to Georgia on a Fast Train,Willie Nelson,,"Georgia, United States, North America",State/Region,Direct,georgia,33.04,-83.643,,,y,Willie Nelson,Me & Paul,Album,Willie Nelson,https://musicbrainz.org/release-group/0b40a6dc-7ea7-3d6b-97f6-3329d2096969
rock_hall,,1986,No Place but Texas,Willie Nelson,,"Texas, United States, North America",State/Region,Direct,texas,31.054,-97.563,,,y,Willie Nelson,The Promiseland,Album,Willie Nelson,https://musicbrainz.org/release-group/fc49f76a-f54d-3b04-b7db-f4c5f769f636
rock_hall,,1987,Seashores of Old Mexico,Merle Haggard and Willie Nelson,,"Mexico, North America",Country,Direct,mexico,19.4285,-99.1277,also in the dataset by George Strait,,y,Willie Nelson,Seashores of Old Mexico,Album,Merle Haggard and Willie Nelson,https://musicbrainz.org/release-group/68220879-b946-3b3a-8bb9-c10f4a24a4f6
rock_hall,,1988,Moon River,Willie Nelson,,"Moon River, Georgia, United States",Water/Natural Feature,Direct,moon river,,,,,n — Moon River — excluded by earlier decision (fictional),Willie Nelson,What a Wonderful World,Album,Willie Nelson,https://musicbrainz.org/release-group/156d40bf-c98a-3144-8925-ecfb7d4cf9df
rock_hall,,1990,(I Don't Have a Reason) To Go to California Anymore,Willie Nelson,,"California, United States, North America",State/Region,Direct,california,36.116,-119.682,,,y,Willie Nelson,Born for Trouble,Album,Willie Nelson,https://musicbrainz.org/release-group/d6d0450d-f28f-3df5-9f00-5f4606f5e93a
rock_hall,,1991,Put Me on a Train Back to Texas,Waylon Jennings & Willie Nelson,,"A Train, New York, New York, United States, North America",Street/Landmark,Direct,a train,40.82404,-73.944769,,,"n — 'a train', not the A train subway line",Willie Nelson,Clean Shirt,Album,Waylon Jennings & Willie Nelson,https://musicbrainz.org/release-group/1add2ca4-2ba0-3065-81f4-003c5230ef63
rock_hall,,1991,Put Me on a Train Back to Texas,Waylon Jennings & Willie Nelson,,"Texas, United States, North America",State/Region,Direct,texas,31.054,-97.563,,,y,Willie Nelson,Clean Shirt,Album,Waylon Jennings & Willie Nelson,https://musicbrainz.org/release-group/1add2ca4-2ba0-3065-81f4-003c5230ef63
rock_hall,,1993,American Tune,Willie Nelson,,"United States, North America",Country,Demonym,american,38.8951,-77.0364,also in the dataset by Paul Simon,,y,Willie Nelson,Across the Borderline,Album,Willie Nelson,https://musicbrainz.org/release-group/ab7fff74-00f4-3430-9f96-014602e4cba1
rock_hall,,1993,Graceland,Willie Nelson,,"Graceland, Memphis, Tennessee, United States, North America",Street/Landmark,Direct,graceland,35.0477,-90.026,"also in the dataset by Paul Simon, The Bible",,y,Willie Nelson,Across the Borderline,Album,Willie Nelson,https://musicbrainz.org/release-group/ab7fff74-00f4-3430-9f96-014602e4cba1
rock_hall,,1993,Heartland,Willie Nelson,,"American Heartland, United States, North America",Continent/Region,Direct,heartland,39.8,-95.0,"new place — pin approximate, check it",,? — 'the Heartland' isn't one place — your call,Willie Nelson,Across the Borderline,Album,Willie Nelson,https://musicbrainz.org/release-group/ab7fff74-00f4-3430-9f96-014602e4cba1
rock_hall,,1995,Eight More Miles to Louisville,Willie Nelson,,"Louisville, Kentucky, United States, North America",City,Direct,louisville,38.2542,-85.7594,"new place — pin from geonamescache, check it",,y,Willie Nelson,Just One Love,Album,Willie Nelson,https://musicbrainz.org/release-group/95127920-191d-3127-aa82-7ce40055c88e
rock_hall,,2000,Ain’t No God in Mexico,"Willie Nelson, Waylon Jennings, Kris Kristofferson and Billy Joe Shaver",,"Mexico, North America",Country,Direct,mexico,19.4285,-99.1277,,,y,Willie Nelson,Honky Tonk Heroes,Album,"Willie Nelson, Waylon Jennings, Kris Kristofferson & Billy Joe Shaver",https://musicbrainz.org/release-group/272a8f0f-ebfa-3cdd-8691-a15bd7d1f789
rock_hall,,2000,Kansas City,Willie Nelson ft. Susan Tedeschi,,"Kansas City, Missouri, United States, North America",City,Direct,kansas city,39.1252,-94.5511,"also in the dataset by Hank Ballard And The Midnighters, James Brown And The Famous Flames, Little Richard, Rocky Olson, The New Basement Tapes, Trini Lopez, Wilbert Harrison",,y,Willie Nelson,Milk Cow Blues,Album,Willie Nelson feat. Susan Tedeschi,https://musicbrainz.org/release-group/fef9c612-97d7-30a9-acca-b4ab3594f633
rock_hall,,2000,Oklahoma Wind,"Willie Nelson, Waylon Jennings, Kris Kristofferson and Billy Joe Shaver",,"Oklahoma, United States, North America",State/Region,Direct,oklahoma,35.565,-96.928,,,y,Willie Nelson,Honky Tonk Heroes,Album,"Willie Nelson, Waylon Jennings, Kris Kristofferson & Billy Joe Shaver",https://musicbrainz.org/release-group/272a8f0f-ebfa-3cdd-8691-a15bd7d1f789
rock_hall,,2000,Texas Flood,Willie Nelson ft. Kenny Wayne Shepherd,,"Texas, United States, North America",State/Region,Direct,texas,31.054,-97.563,"also in the dataset by Larry Davis, Stevie Ray Vaughan",,y,Willie Nelson,Milk Cow Blues,Album,Willie Nelson feat. Kenny Wayne Shepherd,https://musicbrainz.org/release-group/fef9c612-97d7-30a9-acca-b4ab3594f633
rock_hall,,2002,Amarillo by Morning,Willie Nelson and Don Cherry,,"Amarillo, Texas, United States, North America",City,Direct,amarillo,35.222,-101.8313,also in the dataset by George Strait,,y,Willie Nelson,The Eyes of Texas,Album,Willie Nelson & Don Cherry,https://musicbrainz.org/release-group/4767abfa-a770-4266-bca6-d075e48cefbd
rock_hall,,2002,Beautiful Texas/Waltz Across Texas,Willie Nelson and Don Cherry,,"Texas, United States, North America",State/Region,Direct,texas,31.054,-97.563,,,n — a medley,Willie Nelson,The Eyes of Texas,Album,Willie Nelson & Don Cherry,https://musicbrainz.org/release-group/4767abfa-a770-4266-bca6-d075e48cefbd
rock_hall,,2002,Between the Red and Rio Grande,Willie Nelson and Don Cherry,,"Rio Grande, Texas, United States, North America",Water/Natural Feature,Direct,rio grande,25.956111,-97.145278,,,y,Willie Nelson,The Eyes of Texas,Album,Willie Nelson & Don Cherry,https://musicbrainz.org/release-group/4767abfa-a770-4266-bca6-d075e48cefbd
rock_hall,,2002,Houston,Willie Nelson and Don Cherry,,"Houston, Texas, United States, North America",City,Direct,houston,29.7805,-95.3863,"also in the dataset by Dean Martin, Glen Campbell, Larry Gatlin & the Gatlin Brothers, R.E.M.",,y,Willie Nelson,The Eyes of Texas,Album,Willie Nelson & Don Cherry,https://musicbrainz.org/release-group/4767abfa-a770-4266-bca6-d075e48cefbd
rock_hall,,2002,Recollection Phoenix,Willie Nelson,,"Phoenix, Arizona, United States, North America",City,Direct,phoenix,33.5722,-112.088,,,? — Recollection Phoenix — the city? check,Willie Nelson,The Great Divide,Album,Willie Nelson,https://musicbrainz.org/release-group/0d482df5-7218-3df5-878d-084568859350
rock_hall,,2002,Texas Ladies' Man,Willie Nelson and Don Cherry,,"Texas, United States, North America",State/Region,Direct,texas,31.054,-97.563,,,y,Willie Nelson,The Eyes of Texas,Album,Willie Nelson & Don Cherry,https://musicbrainz.org/release-group/4767abfa-a770-4266-bca6-d075e48cefbd
rock_hall,,2002,The Eyes of Texas/Yellow Rose of Texas,Willie Nelson and Don Cherry,,"Texas, United States, North America",State/Region,Direct,texas,31.054,-97.563,,,n — a medley,Willie Nelson,The Eyes of Texas,Album,Willie Nelson & Don Cherry,https://musicbrainz.org/release-group/4767abfa-a770-4266-bca6-d075e48cefbd
rock_hall,,2004,Texas,Willie Nelson,,"Texas, United States, North America",State/Region,Direct,texas,31.054,-97.563,"also in the dataset by Blake Shelton, Chris Rea, The Charlie Daniels Band",,y,Willie Nelson,It Always Will Be,Album,Willie Nelson,https://musicbrainz.org/release-group/31402c4d-4e55-32b9-aa75-958c2ce38e8b
rock_hall,,2007,By the Time I Get to Phoenix,Don Cherry and Willie Nelson,,"Phoenix, Arizona, United States, North America",City,Direct,phoenix,33.5722,-112.088,"also in the dataset by Glen Campbell and Anne Murray, Isaac Hayes, The Mad Lads",,y,Willie Nelson,It’s Magic,Album,Don Cherry & Willie Nelson,https://musicbrainz.org/release-group/37045e73-d1fc-4d21-9fb5-2ab4e9815d84
rock_hall,,2008,Louisiana,Willie Nelson,,"Louisiana, United States, North America",State/Region,Direct,louisiana,31.169,-91.867,,,y,Willie Nelson,Moment of Forever,Album,Willie Nelson,https://musicbrainz.org/release-group/dd8ecccb-5b74-3495-9820-2c86ef667f4f
rock_hall,,2021,Keep It on the Sunnyside,Willie Nelson,,"Sunnyside, New York",City,Direct,sunnyside,,,,,"n — the sunny side, not Sunnyside, New York",Willie Nelson,The Willie Nelson Family,Album,Willie Nelson,https://musicbrainz.org/release-group/6f9fcd86-5bf2-4baf-86a3-5919cab38e9b
rock_hall,,2023,California Sober,Billy Strings ft. Willie Nelson,,"California, United States, North America",State/Region,Direct,california,36.116,-119.682,also in the dataset by Post Malone ft. Chris Stapleton,,y,Willie Nelson,California Sober,Single,Billy Strings feat. Willie Nelson,https://musicbrainz.org/release-group/452b3f59-64c8-4655-9202-1a31516a0c06
rock_hall,,2023,Streets of Baltimore,Willie Nelson,,"Baltimore, Maryland, United States, North America",City,Direct,baltimore,39.3002,-76.6105,,,y,Willie Nelson,I Don’t Know a Thing About Love: The Songs of Harlan Howard,Album,Willie Nelson,https://musicbrainz.org/release-group/373bba07-2b9f-4bee-8fae-a2fe88e1afbc
rock_hall,,2024,Made in Texas,Willie Nelson,,"Texas, United States, North America",State/Region,Direct,texas,31.054,-97.563,,,y,Willie Nelson,Made in Texas,Single,Willie Nelson,https://musicbrainz.org/release-group/19ab944d-d451-4b04-afe1-042a8661e9fe
rock_hall,,2025,Okie From Muskogee,Willie Nelson,,"Muskogee, Oklahoma, United States, North America",City,Direct,muskogee,35.7479,-95.3697,also in the dataset by Merle Haggard And The Strangers,,y,Willie Nelson,Workin’ Man: Willie Sings Merle,Album,Willie Nelson,https://musicbrainz.org/release-group/0beaa379-4ef7-43e7-b625-22ffad1b5d32
rock_hall,,2026,Heart Of America - From The Gray House Original Soundtrack,Willie Nelson,,"United States, North America",Country,Direct,america,38.8951,-77.0364,,,y,Willie Nelson,Heart Of America (From The Gray House Original Soundtrack),Single (soundtrack),Willie Nelson,https://musicbrainz.org/release-group/6a31a8c5-faea-43d5-882e-3931f4c996ae
rock_hall,,1967,New Orleans,Wilson Pickett,,"New Orleans, Louisiana, United States, North America",City,Direct,new orleans,30.0686,-89.939,"also in the dataset by Bern Elliott and the Fenmen, Eddie Hodges, Gary U.S. Bonds, Gillan, Harley Quinne, Neil Diamond, The Staple Singers",,y,Wilson Pickett,The Wicked Pickett,Album,Wilson Pickett,https://musicbrainz.org/release-group/c3297cdd-5485-3418-8b46-bf78f84c5aa0
rock_hall,,1973,Memphis Tennessee,Wilson Pickett,,"Memphis, Tennessee, United States, North America",City,Direct,memphis + tennessee,35.1035,-89.9785,"also in the dataset by Chuck Berry, Dave Berry and the Cruisers",,y,Wilson Pickett,Miz Lena’s Boy,Album,Wilson Pickett,https://musicbrainz.org/release-group/69029eb1-c7a0-4a8c-8cca-8431536cb22d
rock_hall,,,Columbus Stockade,Woody Guthrie,,"Columbus, Georgia, United States, North America",City,Direct,columbus,32.461,-84.9877,"new place — pin from geonamescache, check it; place changed from 'Columbus, Ohio, United States, North America'; no release date on MusicBrainz — fill in year",,y — the Columbus stockade is in Georgia,Woody Guthrie,The Early Years,Album,Woody Guthrie,https://musicbrainz.org/release-group/086b99df-35c0-4cd7-9304-54a08cdc5cbb
rock_hall,,1948,Talking Columbia Blues,Woody Guthrie,,"Columbia River, Washington/Oregon, United States, North America",Water/Natural Feature,Direct,columbia,45.65,-121.9,"new place — pin approximate, check it; place changed from 'Columbia, South Carolina'",,y — the Columbia River,Woody Guthrie,Ballads from the Dust Bowl,Album,Woody Guthrie,https://musicbrainz.org/release-group/39c7cb1e-f279-4499-bd68-5f2245fe4b21
rock_hall,,1964,Beaumont Rag,Woody Guthrie,,"Beaumont, Texas, United States, North America",City,Direct,beaumont,30.0861,-94.1018,"new place — pin from geonamescache, check it",,y,Woody Guthrie,Library of Congress Recordings,Album,Woody Guthrie,https://musicbrainz.org/release-group/0e25657d-93cb-38ca-88cd-2d7219d02aba
rock_hall,,1964,California Blues,Woody Guthrie,,"California, United States, North America",State/Region,Direct,california,36.116,-119.682,,,y,Woody Guthrie,Library of Congress Recordings,Album,Woody Guthrie,https://musicbrainz.org/release-group/0e25657d-93cb-38ca-88cd-2d7219d02aba
rock_hall,,1964,Los Angeles New Year’s Flood,Woody Guthrie,,"Los Angeles, California, United States, North America",City,Direct,los angeles,34.0194,-118.4108,,,y,Woody Guthrie,Library of Congress Recordings,Album,Woody Guthrie,https://musicbrainz.org/release-group/0e25657d-93cb-38ca-88cd-2d7219d02aba
rock_hall,,1964,Texas Oil Field,Woody Guthrie,,"Texas, United States, North America",State/Region,Direct,texas,31.054,-97.563,,,y,Woody Guthrie,Library of Congress Recordings,Album,Woody Guthrie,https://musicbrainz.org/release-group/0e25657d-93cb-38ca-88cd-2d7219d02aba
rock_hall,,1964,Will Rogers Highway,Woody Guthrie,,"U.S. Route 66, United States, North America",Street/Landmark,Direct,rogers,35.2,-101.8,"place changed from 'Rogers, Arkansas'",,? — the Will Rogers Highway is Route 66,Woody Guthrie,Library of Congress Recordings,Album,Woody Guthrie,https://musicbrainz.org/release-group/0e25657d-93cb-38ca-88cd-2d7219d02aba
rock_hall,,1965,You Souls of Boston,Woody Guthrie,,"Boston, Massachusetts, United States, North America",City,Direct,boston,42.332,-71.0202,,,y,Woody Guthrie,Ballads of Sacco & Vanzetti,Album,Woody Guthrie,https://musicbrainz.org/release-group/a0f84422-41e7-31fc-9c85-693feeb04d79
rock_hall,,1967,Oregon Trail,Woody Guthrie,,"Oregon, United States, North America",State/Region,Direct,oregon,44.0,-120.5,"new place — pin approximate, check it",,y,Woody Guthrie,This Land Is Your Land,Album,Woody Guthrie,https://musicbrainz.org/release-group/f7e2782c-c238-4875-8f88-9a92fef3b448
rock_hall,,1967,Talking Columbia,Woody Guthrie,,"Columbia River, Washington/Oregon, United States, North America",Water/Natural Feature,Direct,columbia,45.65,-121.9,"new place — pin approximate, check it; place changed from 'Columbia, South Carolina'",,y — the Columbia River,Woody Guthrie,This Land Is Your Land,Album,Woody Guthrie,https://musicbrainz.org/release-group/f7e2782c-c238-4875-8f88-9a92fef3b448
rock_hall,,1968,Baltimore To Washington,Woody Guthrie,,"Baltimore, Maryland, United States, North America",City,Direct,baltimore,39.3002,-76.6105,,,y,Woody Guthrie,Poor Boy,Album,Woody Guthrie,https://musicbrainz.org/release-group/7df2e953-bc3e-42e0-92e6-e4f6c471d8a2
rock_hall,,1968,Baltimore To Washington,Woody Guthrie,,"Washington, D.C., United States, North America",City,Direct,washington,38.8951,-77.0364,"place changed from 'Washington Square, New York, New York, United States, North America'",,"y — Washington, D.C., not Washington Square",Woody Guthrie,Poor Boy,Album,Woody Guthrie,https://musicbrainz.org/release-group/7df2e953-bc3e-42e0-92e6-e4f6c471d8a2
rock_hall,,1968,Danville Girl No. 2,Woody Guthrie,,"Danville, Virginia, United States, North America",City,Direct,danville,36.586,-79.395,"new place — pin from geonamescache, check it; place changed from 'Danville, California'",,y — the folk song's Danville is in Virginia,Woody Guthrie,Poor Boy,Album,Woody Guthrie,https://musicbrainz.org/release-group/7df2e953-bc3e-42e0-92e6-e4f6c471d8a2
rock_hall,,1977,Columbus Georgia Stockade,Woody Guthrie,,"Columbus, Georgia, United States, North America",City,Direct,columbus,32.461,-84.9877,"new place — pin from geonamescache, check it; place changed from 'Columbus, Ohio, United States, North America'; earliest MusicBrainz release is 1977, after Woody Guthrie died (1967) — probably a reissue; use the original release year",,y — the Columbus stockade is in Georgia,Woody Guthrie,Original Recordings Made By Woody Guthrie 1940-1946,Album,Woody Guthrie,https://musicbrainz.org/release-group/67309672-4550-42e3-9de7-8443e4ea1878
rock_hall,,1977,Columbus Georgia Stockade,Woody Guthrie,,"Georgia, United States, North America",State/Region,Direct,georgia,33.04,-83.643,,,"n — Columbus, Georgia already covers this title",Woody Guthrie,Original Recordings Made By Woody Guthrie 1940-1946,Album,Woody Guthrie,https://musicbrainz.org/release-group/67309672-4550-42e3-9de7-8443e4ea1878
rock_hall,,1991,Columbus Stockade Blues,Woody Guthrie,,"Columbus, Georgia, United States, North America",City,Direct,columbus,32.461,-84.9877,"new place — pin from geonamescache, check it; place changed from 'Columbus, Ohio, United States, North America'; earliest MusicBrainz release is 1991, after Woody Guthrie died (1967) — probably a reissue; use the original release year",,y — the Columbus stockade is in Georgia,Woody Guthrie,One of a Kind,Album,Woody Guthrie,https://musicbrainz.org/release-group/3b544734-f64c-4da0-97f1-92a03d9167e5
rock_hall,,1991,Cumberland Gap,Woody Guthrie,,"Cumberland Gap, United States, North America",Water/Natural Feature,Direct,cumberland gap,36.6037,-83.6849,"also in the dataset by Lonnie Donegan, The Vipers Skiffle Group; earliest MusicBrainz release is 1991, after Woody Guthrie died (1967) — probably a reissue; use the original release year",,y,Woody Guthrie,One of a Kind,Album,Woody Guthrie,https://musicbrainz.org/release-group/3b544734-f64c-4da0-97f1-92a03d9167e5
rock_hall,,1994,Oklahoma Hills,Woody Guthrie; Peter Glazer; Jeff Waxman,,"Oklahoma, United States, North America",State/Region,Direct,oklahoma,35.565,-96.928,"also in the dataset by Jack Guthrie and His Oklahomans; earliest MusicBrainz release is 1994, after Woody Guthrie died (1967) — probably a reissue; use the original release year",,y,Woody Guthrie,Woody Guthrie's American Song: Cast Album,Album (soundtrack),Woody Guthrie; Peter Glazer; Jeff Waxman,https://musicbrainz.org/release-group/32f8fb2c-c2a5-3f4b-8634-2baeee7a2983
rock_hall,,1994,Rocky Mountain Slim and Desert Rat Shorty,Woody Guthrie,,"Rocky Mountains, North America",Water/Natural Feature,Direct,rocky mountain,43.7,-110.6,,,n — Rocky Mountain Slim is a character,Woody Guthrie,"Long Ways to Travel: The Unreleased Folkways Masters, 1944-1949",Album,Woody Guthrie,https://musicbrainz.org/release-group/981c4709-c546-3a20-b372-2c19c202bd6d
rock_hall,,1994,Seattle to Chicago,Woody Guthrie,,"Chicago, Illinois, United States, North America",City,Direct,chicago,41.8376,-87.6818,"earliest MusicBrainz release is 1994, after Woody Guthrie died (1967) — probably a reissue; use the original release year",,y,Woody Guthrie,"Long Ways to Travel: The Unreleased Folkways Masters, 1944-1949",Album,Woody Guthrie,https://musicbrainz.org/release-group/981c4709-c546-3a20-b372-2c19c202bd6d
rock_hall,,1994,Seattle to Chicago,Woody Guthrie,,"Seattle, Washington, United States, North America",City,Direct,seattle,47.6205,-122.3509,"earliest MusicBrainz release is 1994, after Woody Guthrie died (1967) — probably a reissue; use the original release year",,y,Woody Guthrie,"Long Ways to Travel: The Unreleased Folkways Masters, 1944-1949",Album,Woody Guthrie,https://musicbrainz.org/release-group/981c4709-c546-3a20-b372-2c19c202bd6d
rock_hall,,1994,Talking Centralia,Woody Guthrie,,"Centralia, Illinois, United States, North America",City,Direct,centralia,38.525,-89.1334,"new place — pin approximate, check it; place changed from 'Centralia, Pennsylvania, United States, North America'; term list says 'Centralia, Washington'; matched the dataset's place of the same name — confirm it's the same place; earliest MusicBrainz release is 1994, after Woody Guthrie died (1967) — probably a reissue; use the original release year",,"y — the 1947 Centralia, Illinois mine disaster",Woody Guthrie,"Long Ways to Travel: The Unreleased Folkways Masters, 1944-1949",Album,Woody Guthrie,https://musicbrainz.org/release-group/981c4709-c546-3a20-b372-2c19c202bd6d
rock_hall,,2026,Springfield Mountain,Woody Guthrie,,"Springfield, Massachusetts, United States, North America",City,Direct,springfield,42.1015,-72.5898,"new place — pin from geonamescache, check it; place changed from 'Springfield, Missouri, United States, North America'; earliest MusicBrainz release is 2026, after Woody Guthrie died (1967) — probably a reissue; use the original release year",,? — the Springfield Mountain ballad is set in Massachusetts,Woody Guthrie,Ballads Of A Hard Travelling Singer,Album,Woody Guthrie,https://musicbrainz.org/release-group/7dda66c7-0a42-42f8-b091-f36f07c05eb9
rock_hall,,1971,South Side of the Sky,Yes,,"South Side, Chicago, Illinois, United States, North America",Neighborhood/District,Direct,south side,41.75,-87.6,UK chart but a little-used US place — check it isn't a British namesake,,n — the south side of the sky,Yes,Fragile,Album,Yes,https://musicbrainz.org/release-group/b1176e7b-fa2e-3b28-959a-d8f55b5b6ccf
rock_hall,,1978,Abilene,Yes,,"Abilene, Texas, United States, North America",City,Direct,abilene,32.4545,-99.7381,UK chart but a little-used US place — check it isn't a British namesake; also in the dataset by George Hamilton IV,,y,Yes,Don’t Kill the Whale,Single,Yes,https://musicbrainz.org/release-group/449e9b69-3211-4b89-9939-9d2bb075cae9
rock_hall,,1970,Goin’ Down to Mexico,ZZ Top,,"Mexico, North America",Country,Direct,mexico,19.4285,-99.1277,,,y,ZZ Top,ZZ Top’s First Album,Album,ZZ Top,https://musicbrainz.org/release-group/b9bc44a2-5666-3862-b7f7-209c3022d9f9
rock_hall,,1973,Jesus Just Left Chicago,ZZ Top,,"Chicago, Illinois, United States, North America",City,Direct,chicago,41.8376,-87.6818,,,y,ZZ Top,Tres hombres,Album,ZZ Top,https://musicbrainz.org/release-group/3aee7fe4-813e-3f04-8280-8d25f066f143
rock_hall,,1975,Mexican Blackbird,ZZ Top,,"Mexico, North America",Country,Demonym,mexican,19.4285,-99.1277,,,y,ZZ Top,Fandango!,Album,ZZ Top,https://musicbrainz.org/release-group/50196017-7002-378a-918b-653efd010c5e
rock_hall,,1981,"Heaven, Hell or Houston",ZZ Top,,"Houston, Texas, United States, North America",City,Direct,houston,29.7805,-95.3863,,,y,ZZ Top,El loco,Album,ZZ Top,https://musicbrainz.org/release-group/4afdb4b3-5204-3624-a15c-081c3143c0ff
rock_hall,,1983,I Got the Six,ZZ Top,,"Toronto, Ontario, Canada, North America",City,Nickname,the six,43.70643,-79.39864,,,n — 'the six' here isn't Toronto,ZZ Top,Eliminator,Album,ZZ Top,https://musicbrainz.org/release-group/c58b50f0-d7a4-322c-b281-d86ebe3b8acf
