year,title,artist,place,place_category,mention_type,latitude,longitude,us_weekly,us_yearly,uk_weekly,acclaimed_music,ascap,blender,grammy_hall_of_fame,national_recording_registry,npr,riaa,rock_hall,rolling_stone,time,spotify_popular,user_submission
1897,Yankee Doodle,Vess L. Ossman,"United States, North America",Country,Demonym,38.8951,-77.0364,,,,7910,,,,,,,,,,,
1898,Honolulu Cake Walk,Vess L. Ossman,"Honolulu, Hawaii, United States, North America",City,Direct,21.3259,-157.8453,,,,7580,,,,Y,,,,,,,
1905,Give My Regards to Broadway,Billy Murray,"Broadway, New York, New York, United States, North America",Street/Landmark,Direct,40.759,-73.9845,,,,5736,,,Y,,19,,,,,,
1905,Yankee Doodle Boy,Billy Murray,"United States, North America",Country,Demonym,38.8951,-77.0364,,,,8018,,,Y,,,,,,,,
1913,When Irish Eyes Are Smiling,Chauncey Olcott,"Ireland, Europe",Country,Demonym,53.3331,-6.2489,,,,6180,,,,,,,,,,,
1914,Castle House Rag Castles in Europe,Europe's Society Orchestra,Europe,Continent/Region,Direct,54.526,15.2551,,,,8476,,,,Y,,,,,,,
1914,Memphis Blues,Victor Military Band,"Memphis, Tennessee, United States, North America",City,Direct,35.1035,-89.9785,,,,,,,,Y,,,,,,,
1918,Rock-A-Bye Your Baby (With a Dixie Melody),Al Jolson,"American South, United States, North America",Continent/Region,Nickname,33,-86,,,,6003,,,Y,,,,,,,,
1919,Memphis Blues,Jim Europe's 369th Infantry Hellfighters Band,"Memphis, Tennessee, United States, North America",City,Direct,35.1035,-89.9785,,,,5003,,,,,,,,,,,
1920,I Belong to Glasgow,Will Fyffe,"Glasgow, Scotland, United Kingdom, Europe",City,Direct,55.86515,-4.25763,,,,7831,,,,,,,,,,,
1920,Swanee,Al Jolson,"Suwannee River, Georgia/Florida, United States, North America",Water/Natural Feature,Direct,30.38,-83.16,,,,1059,,,Y,Y,,,,,,,
1921,Carolina Shout,James P. Johnson,"The Carolinas, United States, North America",State/Region,Direct,34.8,-79.5,,,,1677,,,Y,,,,,,,,
1921,Harlem Strut,James P. Johnson,"Harlem, New York, New York, United States, North America",Neighborhood/District,Direct,40.8116,-73.9465,,,,,,,,Y,,,,,,,
1922,Orys Creole Trombone,Kid Ory,"Louisiana, United States, North America",State/Region,Demonym,31.169,-91.867,,,,5750,,,Y,Y,,,,,,,
1922,Things Are Worse in Russia,Sam Mayo,"Russia, Europe",Country,Direct,55.752,37.6178,,,,9606,,,,,,,,,,,
1924,California Here I Come,Al Jolson,"California, United States, North America",State/Region,Direct,36.116,-119.682,,,,6006,,,Y,,,,,,,,
1924,Charleston,Arthur Gibbs and His Gang,"Charleston, South Carolina, United States, North America",City,Direct,32.7765,-79.9311,,,,8777,,,,,,,,,,,
1924,Copenhagen,Fletcher Henderson,"Copenhagen, Denmark, Europe",City,Direct,55.67594,12.56553,,,,5357,,,Y,,,,,,,,
1925,Charleston,Golden Gate Orchestra,"Charleston, South Carolina, United States, North America",City,Direct,32.7765,-79.9311,,,,9529,,,,,,,,,,,
1927,Blue Yodel T for Texas,Jimmie Rodgers,"Texas, United States, North America",State/Region,Direct,31.054,-97.563,,,,568,,,Y,Y,,,,,,,
1927,I'm Coming Virginia,Frankie Trumbauer,"Virginia, United States, North America",State/Region,Direct,37.769,-78.17,,,,7178,,,,,,,,,,,
1927,Pan American Blues,DeFord Bailey,"United States, North America",Country,Demonym,38.8951,-77.0364,,,,5252,,,Y,,,,,,,,
1928,Creole Love Call,Duke Ellington,"Louisiana, United States, North America",State/Region,Demonym,31.169,-91.867,,,,7398,,,,,,,,,,,
1928,Kansas City Stomps,Jelly Roll Morton,"Kansas City, Missouri, United States, North America",City,Direct,39.1252,-94.5511,,,,6484,,,Y,,,,,,,,
1928,Statesboro Blues,Blind Willie McTell,"Statesboro, Georgia, United States, North America",City,Direct,32.44879,-81.78317,,,,1244,,,Y,Y,,,Y,,,,
1929,An American in Paris,George Gershwin,"Paris, France, Europe",City,Direct,48.8534,2.3488,,,,7519,,,Y,,,,,,,,
1929,An American in Paris,George Gershwin,"United States, North America",Country,Demonym,38.8951,-77.0364,,,,7519,,,Y,,,,,,,,
1930,Georgia on My Mind,Hoagy Carmichael,"Georgia, United States, North America",State/Region,Direct,33.04,-83.643,,,,,,,Y,,,,,,,,
1930,Stein Song (University of Maine),Rudy Vallée,"Maine, United States, North America",State/Region,Direct,45.25,-69.24,,,,9884,,,,,,,,,,,
1932,Grand Canyon Suite,Paul Whiteman and Jack Fulton,"Grand Canyon, Arizona, United States, North America",Water/Natural Feature,Direct,36.06,-112.14,,,,,,,,,74,,,,,,
1934,Mi Buenos Aires Querido,Carlos Gardel,"Buenos Aires, Argentina, South America",City,Direct,-34.6037,-58.3816,,,,8411,,,,,,,,,,,
1935,Lullaby of Broadway,Dick Powell,"Broadway, New York, New York, United States, North America",Street/Landmark,Direct,40.759,-73.9845,,,,,,,Y,,,,,,,,
1936,Sweet Home Chicago,Robert Johnson,"Chicago, Illinois, United States, North America",City,Direct,41.8376,-87.6818,,,,1553,,,Y,,,,Y,,,,
1938,God Bless America,Kate Smith,"United States, North America",Country,Direct,38.8951,-77.0364,5,,,1682,,,Y,Y,,18,,,,,
1939,San Antonio Rose,Bob Wills,"San Antonio, Texas, United States, North America",City,Direct,29.4724,-98.5251,,,,7551,,,Y,,,,,,,,
1940,A Nightingale Sang in Berkeley Square,Glenn Miller,"Berkeley Square, London, England, United Kingdom, Europe",Street/Landmark,Direct,51.51,-0.1465,2,,,,,,,,,,,,,,
1940,Down Argentina Way,Bob Crosby,"Argentina, South America",Country,Direct,-34.6131,-58.3772,2,,,,,,,,,,,,,,
1940,Down Argentina Way,Leo Reisman,"Argentina, South America",Country,Direct,-34.6131,-58.3772,7,,,,,,,,,,,,,,
1940,Harlem Air Shaft,Duke Ellington,"Harlem, New York, New York, United States, North America",Neighborhood/District,Direct,40.8116,-73.9465,,,,4137,,,,,,,,,,,
1940,New San Antonio Rose,Bob Wills,"San Antonio, Texas, United States, North America",City,Direct,29.4724,-98.5251,,,,2058,,,Y,Y,,,,,,,
1940,Pennsylvania Six-Five Thousand,Glenn Miller,"Pennsylvania, United States, North America",State/Region,Direct,40.59,-77.209,5,,,,,,,,,,,,,,
1941,A Nightingale Sang in Berkeley Square,Vera Lynn,"Berkeley Square, London, England, United Kingdom, Europe",Street/Landmark,Direct,51.51,-0.1465,,25,,,,,,,,,,,,,
1941,Along the Santa Fe Trail,Glenn Miller,"Santa Fe, New Mexico, United States, North America",City,Direct,35.666,-105.9737,7,,,,,,,,,,,,,,
1941,Chattanooga Choo Choo,Glenn Miller,"Chattanooga, Tennessee, United States, North America",City,Direct,35.0456,-85.3097,1,1,,6103,,,Y,,,,,,,,
1941,I Dreamt I Dwelt in Harlem,Glenn Miller,"Harlem, New York, New York, United States, North America",Neighborhood/District,Direct,40.8116,-73.9465,3,35,,,,,,,,,,,,,
1941,It's a Great Day for the Irish,Judy Garland,"Ireland, Europe",Country,Demonym,53.3331,-6.2489,,29,,,,,,,,,,,,,
1941,It's a Great Day for the Irish,The Jesters,"Ireland, Europe",Country,Demonym,53.3331,-6.2489,,27,,,,,,,,,,,,,
1941,Just a Little Bit South of North Carolina,Gene Krupa,"North Carolina, United States, North America",State/Region,Direct,35.63,-79.806,9,,,,,,,,,,,,,,
1941,Just a Little Bit South of North Carolina,Gene Krupa,"South Carolina, United States, North America",State/Region,Direct,34,-81,9,,,,,,,,,,,,,,
1941,New San Antonio Rose,Bing Crosby,"San Antonio, Texas, United States, North America",City,Direct,29.4724,-98.5251,7,,,,,,,,,,,,,,
1941,Take Me Back to Tulsa,Bob Wills,"Tulsa, Oklahoma, United States, North America",City,Direct,36.1279,-95.9023,,,,4436,,,,,,,Y,,,,
1941,The Hut-Sut Song (A Swedish Serenade),Freddy Martin,"Sweden, Europe",Country,Demonym,59.3294,18.0687,2,52,,,,,,,,,,,,,
1941,The Hut-Sut Song (A Swedish Serenade),Horace Heidt,"Sweden, Europe",Country,Demonym,59.3294,18.0687,3,65,,,,,,,,,,,,,
1941,The Hut-Sut Song (A Swedish Serenade),The Four King Sisters,"Sweden, Europe",Country,Demonym,59.3294,18.0687,7,,,,,,,,,,,,,,
1941,The Last Time I Saw Paris,Tony Martin,"Paris, France, Europe",City,Direct,48.8534,2.3488,,77,,,,,,,,,,,,,
1942,(I've Got a Gal In) Kalamazoo,Glenn Miller,"Kalamazoo, Michigan, United States, North America",City,Direct,42.2752,-85.5885,1,2,,9729,,,,,,,,,,,
1942,(There'll Be Bluebirds Over) The White Cliffs of Dover,Glenn Miller,"Dover, England, United Kingdom, Europe",City,Direct,51.1279,1.3134,6,41,,,,,,,,,,,,,
1942,(There'll Be Bluebirds Over) The White Cliffs of Dover,Kate Smith,"Dover, England, United Kingdom, Europe",City,Direct,51.1279,1.3134,9,72,,,,,,,,,,,,,
1942,(There'll Be Bluebirds Over) The White Cliffs of Dover,Kay Kyser,"Dover, England, United Kingdom, Europe",City,Direct,51.1279,1.3134,7,51,,,,,,,,,,,,,
1942,(There'll Be Bluebirds Over) The White Cliffs of Dover,Swing and Sway and Sammy Kaye,"Dover, England, United Kingdom, Europe",City,Direct,51.1279,1.3134,,93,,,,,,,,,,,,,
1942,A Touch of Texas,Freddy Martin,"Texas, United States, North America",State/Region,Direct,31.054,-97.563,,97,,,,,,,,,,,,,
1942,American Patrol,Glenn Miller,"United States, North America",Country,Demonym,38.8951,-77.0364,,90,,,,,,,,,,,,,
1942,Brazil,Xavier Cugat,"Brazil, South America",Country,Direct,-15.7939,-47.8828,2,39,,6275,,,,,,,,,,,
1942,Brazil (Aquarela Do Brasil),Jimmy Dorsey,"Brazil, South America",Country,Direct,-15.7939,-47.8828,,80,,,,,Y,,,,,,,,
1942,Deep in the Heart of Texas,Alvino Rey,"Texas, United States, North America",State/Region,Direct,31.054,-97.563,3,24,,,,,,,,,,,,,
1942,Deep in the Heart of Texas,Bing Crosby,"Texas, United States, North America",State/Region,Direct,31.054,-97.563,3,26,,,,,,,,,,,,,
1942,Deep in the Heart of Texas,Gene Autry,"Texas, United States, North America",State/Region,Direct,31.054,-97.563,,,,4502,,,Y,,,,,,,,
1942,Deep in the Heart of Texas,Horace Heidt,"Texas, United States, North America",State/Region,Direct,31.054,-97.563,7,50,,,,,,,,,,,,,
1942,Deep in the Heart of Texas,The Merry Macs,"Texas, United States, North America",State/Region,Direct,31.054,-97.563,,85,,,,,,,,,,,,,
1942,Idaho,Alvino Rey,"Idaho, United States, North America",State/Region,Direct,44.24,-114.478,,92,,,,,,,,,,,,,
1942,Idaho,Benny Goodman,"Idaho, United States, North America",State/Region,Direct,44.24,-114.478,4,32,,,,,,,,,,,,,
1942,Jersey Bounce,Benny Goodman,"New Jersey, United States, North America",State/Region,Nickname,40.298,-74.521,2,13,,,,,,,,,,,,,
1942,Jersey Bounce,Jimmy Dorsey,"New Jersey, United States, North America",State/Region,Nickname,40.298,-74.521,9,69,,,,,,,,,,,,,
1942,Johnny Doughboy Found a Rose in Ireland,Freddy Martin,"Ireland, Europe",Country,Direct,53.3331,-6.2489,,99,,,,,,,,,,,,,
1942,Johnny Doughboy Found a Rose in Ireland,Guy Lombardo,"Ireland, Europe",Country,Direct,53.3331,-6.2489,9,68,,,,,,,,,,,,,
1942,Johnny Doughboy Found a Rose in Ireland,Kay Kyser,"Ireland, Europe",Country,Direct,53.3331,-6.2489,8,57,,,,,,,,,,,,,
1942,Johnny Doughboy Found a Rose in Ireland,Kenny Baker,"Ireland, Europe",Country,Direct,53.3331,-6.2489,,84,,,,,,,,,,,,,
1942,Manhattan Serenade,Harry James,"Manhattan, New York, New York, United States, North America",Neighborhood/District,Direct,40.7831,-73.9712,9,67,,,,,,,,,,,,,
1942,Manhattan Serenade,Tommy Dorsey,"Manhattan, New York, New York, United States, North America",Neighborhood/District,Direct,40.7831,-73.9712,,88,,,,,,,,,,,,,
1942,Remember Pearl Harbor,Sammy Kaye,"Pearl Harbor, Hawaii, United States, North America",Street/Landmark,Direct,21.3649,-157.9507,3,27,,,,,,,,,,,,,
1942,Rock Island Line,Leadbelly,"Rock Island, Illinois, United States, North America",City,Direct,41.473,-90.5852,,,,4981,,,Y,,,,,,,,
1943,Oklahoma!,Alfred Drake,"Oklahoma, United States, North America",State/Region,Direct,35.565,-96.928,9,4,,,,,,,,,,,,,
1944,A Hot Time in the Town of Berlin,Bing Crosby and the Andrews Sisters,"Berlin, Germany, Europe",City,Direct,52.5244,13.4105,,33,,,,,,,,,,,,,
1944,Appalachian Spring,Aaron Copland,"Appalachia, United States, North America",Continent/Region,Demonym,37.5,-81.5,,,,,,,,,72,,,,,,
1944,San Fernando Valley,Bing Crosby,"San Fernando Valley, California, United States, North America",Continent/Region,Direct,34.1825,-118.4695,2,31,,,,,,,,,,,,,
1944,Too-Ra-Loo-Ra-Loo-Ral (That's an Irish Lullaby),Bing Crosby,"Ireland, Europe",Country,Demonym,53.3331,-6.2489,4,,,,,,,,,,,,,,
1945,Along the Navajo Trail,Bing Crosby,"Navajo Nation, United States, North America",Continent/Region,Demonym,36.1,-109.6,5,65,,,,,,,,,,,,,
1945,Along the Navajo Trail,Dinah Shore,"Navajo Nation, United States, North America",Continent/Region,Demonym,36.1,-109.6,8,,,,,,,,,,,,,,
1945,Blue Moon of Kentucky,Bill Monroe,"Kentucky, United States, North America",State/Region,Direct,37.668,-84.67,,,,648,,,Y,Y,60,,Y,,,,
1945,Chicago Breakdown,Big Maceo Merriweather,"Chicago, Illinois, United States, North America",City,Direct,41.8376,-87.6818,,35,,,,,,,,,,,,,
1945,Harlem Nocturne,Johnny Otis,"Harlem, New York, New York, United States, North America",Neighborhood/District,Direct,40.8116,-73.9465,,,,6420,,,,,,,,,,,
1945,Hong Kong Blues,Tommy Dorsey,"Hong Kong, Asia",City,Direct,22.3193,114.1694,9,5,,,,,,,,,,,,,
1945,Oklahoma Hills,Jack Guthrie and His Oklahomans,"Oklahoma, United States, North America",State/Region,Direct,35.565,-96.928,,,,9017,,,,,,,,,,,
1945,"On the Atchison, Topeka and the Santa Fe",Bing Crosby,"Santa Fe, New Mexico, United States, North America",City,Direct,35.666,-105.9737,4,21,,,,,,,,,,,,,
1945,"On the Atchison, Topeka and the Santa Fe",Johnny Mercer,"Santa Fe, New Mexico, United States, North America",City,Direct,35.666,-105.9737,1,5,,,,,,,,,,,,,
1945,"On the Atchison, Topeka and the Santa Fe",Judy Garland,"Santa Fe, New Mexico, United States, North America",City,Direct,35.666,-105.9737,10,13,,,,,,,,,,,,,
1945,"On the Atchison, Topeka and the Santa Fe",Tommy Dorsey,"Santa Fe, New Mexico, United States, North America",City,Direct,35.666,-105.9737,6,,,,,,,,,,,,,,
1945,"On the Atchison, Topeka and the Santa Fe",Bing Crosby,"Topeka, Kansas, United States, North America",City,Direct,39.0362,-95.6948,4,21,,,,,,,,,,,,,
1945,"On the Atchison, Topeka and the Santa Fe",Johnny Mercer,"Topeka, Kansas, United States, North America",City,Direct,39.0362,-95.6948,1,5,,,,,,,,,,,,,
1945,"On the Atchison, Topeka and the Santa Fe",Judy Garland,"Topeka, Kansas, United States, North America",City,Direct,39.0362,-95.6948,10,13,,,,,,,,,,,,,
1945,"On the Atchison, Topeka and the Santa Fe",Tommy Dorsey,"Topeka, Kansas, United States, North America",City,Direct,39.0362,-95.6948,6,,,,,,,,,,,,,,
1945,Sioux City Sue,Dick Thomas,"Sioux City, Iowa, United States, North America",City,Direct,42.4953,-96.3915,,50,,,,,,,,,,,,,
1945,Tampico,Stan Kenton,"Tampico, Mexico, North America",City,Direct,22.2852,-97.8778,4,46,,,,,,,,,,,,,
1946,(Get Your Kicks on) Route 66,Nat King Cole,"U.S. Route 66, United States, North America",Street/Landmark,Direct,35.2,-101.8,,,,1225,,,Y,,61,,,,,,
1946,A Night in Tunisia,Charlie Parker,"Tunisia, Africa",Country,Direct,36.8188,10.1658,,,,3927,,,,,,,,,,,
1946,A Night in Tunisia,Dizzy Gillespie,"Tunisia, Africa",Country,Direct,36.8188,10.1658,,,,1981,,,Y,,69,,,,,,
1946,Hawaiian War Chant,Spike Jones,"Hawaii, United States, North America",State/Region,Demonym,21.094,-157.498,8,,,,,,,,,,,,,,
1946,Sioux City Sue,Bing Crosby,"Sioux City, Iowa, United States, North America",City,Direct,42.4953,-96.3915,6,40,,,,,,,,,,,,,
1946,"South America, Take It Away",Bing Crosby,South America,Continent/Region,Direct,-8.7832,-55.4915,2,8,,,,,,,,,,,,,
1946,"South America, Take It Away",Xavier Cugat,South America,Continent/Region,Direct,-8.7832,-55.4915,9,,,,,,,,,,,,,,
1946,The Coffee Song (They've Got an Awful Lot of Coffee in Brazil),Frank Sinatra,"Brazil, South America",Country,Direct,-15.7939,-47.8828,10,,,,,,,,,,,,,,
1947,Across the Alley from the Alamo,The Mills Brothers,"The Alamo, San Antonio, Texas, United States, North America",Street/Landmark,Direct,29.426,-98.4861,4,32,,,,,,,,,,,,,
1947,Douce France,Charles Trenet,"France, Europe",Country,Direct,48.8534,2.3488,,,,8402,,,,,,,,,,,
1947,"Kokomo, Indiana",Vaughn Monroe,"Kokomo, Indiana, United States, North America",City,Direct,40.4753,-86.1328,10,,,,,,,,,,,,,,
1947,"Managua, Nicaragua",Freddy Martin,"Managua, Nicaragua, North America",City,Direct,12.1328,-86.2504,1,12,,,,,,,,,,,,,
1947,"Managua, Nicaragua",Guy Lombardo,"Managua, Nicaragua, North America",City,Direct,12.1328,-86.2504,4,41,,,,,,,,,,,,,
1947,"Managua, Nicaragua",Kay Kyser,"Managua, Nicaragua, North America",City,Direct,12.1328,-86.2504,9,,,,,,,,,,,,,,
1947,Relaxing at Camarillo,Charlie Parker,"Camarillo, California, United States, North America",City,Direct,34.21639,-119.0376,,,,6658,,,,,,,,,,,
1948,I'd Love to Get You on a Slow Boat to China,Eddy Howard,"China, Asia",Country,Direct,39.9075,116.3972,12,,,,,,,,,,,,,,
1948,On a Slow Boat to China,Art Lund,"China, Asia",Country,Direct,39.9075,116.3972,13,,,,,,,,,,,,,,
1948,On a Slow Boat to China,Benny Goodman,"China, Asia",Country,Direct,39.9075,116.3972,10,,,,,,,,,,,,,,
1948,On a Slow Boat to China,Freddy Martin,"China, Asia",Country,Direct,39.9075,116.3972,5,,,,,,,,,,,,,,
1948,On a Slow Boat to China,Kay Kyser,"China, Asia",Country,Direct,39.9075,116.3972,2,33,,,,,,,,,,,,,
1948,On a Slow Boat to China,Larry Clinton,"China, Asia",Country,Direct,39.9075,116.3972,27,,,,,,,,,,,,,,
1948,St. Louis Blues March,Tex Beneke,"St. Louis, Missouri, United States, North America",City,Direct,38.6357,-90.2446,5,31,,,,,,,,,,,,,
1948,You Came a Long Way (From St. Louis),Ray McKinley,"St. Louis, Missouri, United States, North America",City,Direct,38.6357,-90.2446,13,,,,,,,,,,,,,,
1949,Beautiful Wisconsin,Ken Griffin,"Wisconsin, United States, North America",State/Region,Direct,44.268,-89.616,26,,,,,,,,,,,,,,
1949,Canadian Capers (Cuttin' Capers),Doris Day,"Canada, North America",Country,Demonym,45.4112,-75.6981,15,,,,,,,,,,,,,,
1949,Galway Bay,Bing Crosby,"Galway Bay, Ireland, Europe",Water/Natural Feature,Direct,53.2,-9.2,3,20,,,,,,,,,,,,,
1949,Israel,Miles Davis,"Israel, Asia",Country,Direct,31.7683,35.2137,,,,7104,,,,,,,,,,,
1949,Lady of Spain,Ray Noble,"Spain, Europe",Country,Direct,40.4165,-3.7026,21,,,,,,,,,,,,,,
1949,Mardi Gras in New Orleans,Professor Longhair,"New Orleans, Louisiana, United States, North America",City,Direct,30.0686,-89.939,,,,4561,,,,,,,Y,,,,
1949,À Paris,Francis Lemarque,"Paris, France, Europe",City,Direct,48.8534,2.3488,,,,9943,,,,,,,,,,,
1950,Afro Cuban Jazz Suite,Machito,"Cuba, North America",Country,Demonym,23.133,-82.383,,,,,,,Y,,,,,,,,
1950,Chinese Mule Train,Spike Jones,"China, Asia",Country,Demonym,39.9075,116.3972,13,,,,,,,,,,,,,,
1950,Cincinnati Dancing Pig,Red Foley,"Cincinnati, Ohio, United States, North America",City,Direct,39.1399,-84.5064,24,,,,,,,,,,,,,,
1950,Tennessee Waltz,Guy Lombardo,"Tennessee, United States, North America",State/Region,Direct,35.747,-86.692,6,,,,,,,,,,,,,,
1950,Tennessee Waltz,Les Paul,"Tennessee, United States, North America",State/Region,Direct,35.747,-86.692,8,,,,,,,,,,,,,,
1950,Tennessee Waltz,Patti Page,"Tennessee, United States, North America",State/Region,Direct,35.747,-86.692,1,10,,1486,,,,Y,,,,,,,
1950,Valencia,Tony Martin,"Valencia, Spain, Europe",City,Direct,39.4739,-0.3797,18,,,,,,,,,,,,,,
1951,(Why Did I Tell You I Was Going To) Shanghai,Billy Williams,"Shanghai, China, Asia",City,Direct,31.2222,121.4581,20,,,,,,,,,,,,,,
1951,Across the Wide Missouri,Hugo Winterhalter,"Missouri, United States, North America",State/Region,Direct,38.456,-92.288,21,,,,,,,,,,,,,,
1951,Hawaiian War Chant,The Ames Brothers,"Hawaii, United States, North America",State/Region,Demonym,21.094,-157.498,25,,,,,,,,,,,,,,
1951,Little Rock Getaway,Les Paul,"Little Rock, Arkansas, United States, North America",City,Direct,34.7254,-92.3586,24,,,,,,,,,,,,,,
1951,London Is the Place for Me,Lord Kitchener,"London, England, United Kingdom, Europe",City,Direct,51.5085,-0.1257,,,,3950,,,,,,,,,,,
1951,Mister and Mississippi,Dennis Day,"Mississippi, United States, North America",State/Region,Direct,32.741,-89.678,15,,,,,,,,,,,,,,
1951,Mister and Mississippi,Patti Page,"Mississippi, United States, North America",State/Region,Direct,32.741,-89.678,9,,,,,,,,,,,,,,
1951,Shanghai,Doris Day,"Shanghai, China, Asia",City,Direct,31.2222,121.4581,9,,,,,,,,,,,,,,
1951,Tennessee Waltz,Anita O'Day,"Tennessee, United States, North America",State/Region,Direct,35.747,-86.692,24,,,,,,,,,,,,,,
1951,Tennessee Waltz,Jo Stafford,"Tennessee, United States, North America",State/Region,Direct,35.747,-86.692,17,,,,,,,,,,,,,,
1951,Tennessee Waltz,Spike Jones,"Tennessee, United States, North America",State/Region,Direct,35.747,-86.692,16,,,,,,,,,,,,,,
1951,Tennessee Waltz,The Fontane Sisters,"Tennessee, United States, North America",State/Region,Direct,35.747,-86.692,29,,,,,,,,,,,,,,
1952,Bermuda,The Bell Sisters,"Bermuda, North America",Country,Direct,32.2949,-64.783,8,,,,,,,,,,,,,,
1952,Jambalaya (On the Bayou),Hank Williams,"Louisiana Bayou, Louisiana, United States, North America",Water/Natural Feature,Direct,29.9,-91.3,23,,,3164,,,Y,,,,,,,,
1952,Jambalaya (On the Bayou),Jo Stafford,"Louisiana Bayou, Louisiana, United States, North America",Water/Natural Feature,Direct,29.9,-91.3,3,15,,,,,,,,,,,,,
1952,Junco Partner a Worthless Cajun,Richard Hayes,"Louisiana, United States, North America",State/Region,Demonym,31.169,-91.867,23,,,,,,,,,,,,,,
1952,Lady of Spain,Eddie Fisher,"Spain, Europe",Country,Direct,40.4165,-3.7026,9,,,,,,,,,,,,,,
1952,Lady of Spain,Les Paul,"Spain, Europe",Country,Direct,40.4165,-3.7026,17,,,,,,,,,,,,,,
1952,"Pittsburgh, Pennsylvania",Guy Mitchell,"Pittsburgh, Pennsylvania, United States, North America",City,Direct,40.4398,-79.9766,6,,,,,,,,,,,,,,
1952,Rock of Gibraltar,Frankie Laine,"Gibraltar, Europe",Country,Direct,36.1447,-5.3526,20,,,,,,,,,,,,,,
1952,Walkin' to Missouri,Sammy Kaye,"Missouri, United States, North America",State/Region,Direct,38.456,-92.288,18,,,,,,,,,,,,,,
1952,Walkin' to Missouri,Tony Brent,"Missouri, United States, North America",State/Region,Direct,38.456,-92.288,,,7,,,,,,,,,,,,
1953,April in Portugal,Les Baxter,"Portugal, Europe",Country,Direct,38.7251,-9.1498,2,7,,,,,,,,,,,,,
1953,April in Portugal,Richard Hayman,"Portugal, Europe",Country,Direct,38.7251,-9.1498,12,,,,,,,,,,,,,,
1953,April in Portugal,Vic Damone,"Portugal, Europe",Country,Direct,38.7251,-9.1498,16,,,,,,,,,,,,,,
1953,April in Portugal,Freddy Martin,"Portugal, Europe",Country,Direct,38.7251,-9.1498,15,,,,,,,,,,,,,,
1953,Istanbul (Not Constantinople),The Four Lads,"Istanbul, Turkey, Asia",City,Direct,41.0138,28.9497,10,,,,,,,,,,,,,,
1953,Swedish Rhapsody,Mantovani,"Sweden, Europe",Country,Demonym,59.3294,18.0687,,,2,,,,,,,,,,,,
1953,Swedish Rhapsody,Ray Martin,"Sweden, Europe",Country,Demonym,59.3294,18.0687,,,4,,,,,,,,,,,,
1953,Wonderful Copenhagen,Danny Kaye,"Copenhagen, Denmark, Europe",City,Direct,55.67594,12.56553,,,5,,,,,,,,,,,,
1954,A Night in Tunisia,Art Blakey,"Tunisia, Africa",Country,Direct,36.8188,10.1658,,,,1829,,,,,,,,,,,
1954,Blue Moon of Kentucky,Elvis Presley,"Kentucky, United States, North America",State/Region,Direct,37.668,-84.67,,,,2414,,,,,,,,,,,
1954,Darktown Strutters' Ball (Italian Style),Lou Monte,"Italy, Europe",Country,Demonym,41.8919,12.5113,11,,,,,,,,,,,,,,
1954,Granada,Frankie Laine,"Granada, Spain, Europe",City,Direct,37.1882,-3.6067,,,9,,,,,,,,,,,,
1954,Hajji Baba (Persian Lament),Nat King Cole,"Iran, Asia",Country,Demonym,35.6944,51.4215,14,,,,,,,,,,,,,,
1954,Istanbul (Not Constantinople),Frankie Vaughan,"Istanbul, Turkey, Asia",City,Direct,41.0138,28.9497,,,11,,,,,,,,,,,,
1954,Skokiaan (South African Song),The Four Lads,"South Africa, Africa",Country,Demonym,-25.7449,28.1878,7,,,,,,,,,,,,,,
1954,St. Louis Blues Mambo,Richard Maltby,"St. Louis, Missouri, United States, North America",City,Direct,38.6357,-90.2446,21,,,,,,,,,,,,,,
1954,Tennessee Wig Walk,Bonnie Lou,"Tennessee, United States, North America",State/Region,Direct,35.747,-86.692,,,4,,,,,,,,,,,,
1954,West of Zanzibar,Anthony Steel and the Radio Revellers,"Zanzibar, Tanzania, Africa",City,Direct,-6.16394,39.19793,,,11,,,,,,,,,,,,
1955,Alabama Jubilee,Ferko String Band,"Alabama, United States, North America",State/Region,Direct,32.806,-86.791,18,,20,,,,,,,,,,,,
1955,April in Paris,Count Basie,"Paris, France, Europe",City,Direct,48.8534,2.3488,,,,3219,,,Y,,,,,,,,
1955,Lisbon Antigua,Nelson Riddle,"Lisbon, Portugal, Europe",City,Direct,38.7251,-9.1498,1,3,,,,,,,,,,,,,
1955,Mobile,Ray Burns,"Mobile, Alabama, United States, North America",City,Direct,30.69436,-88.04305,,,4,,,,,,,,,,,,
1955,Rock Island Line,Lonnie Donegan,"Rock Island, Illinois, United States, North America",City,Direct,41.473,-90.5852,8,50,8,866,,,,,,,Y,,,,
1955,The Kentuckian Song,The Hilltoppers,"Kentucky, United States, North America",State/Region,Demonym,37.668,-84.67,20,,,,,,,,,,,,,,
1955,The Yellow Rose of Texas,Gary Miller,"Texas, United States, North America",State/Region,Direct,31.054,-97.563,,,13,,,,,,,,,,,,
1955,The Yellow Rose of Texas,Johnny Desmond,"Texas, United States, North America",State/Region,Direct,31.054,-97.563,6,,,,,,,,,,,,,,
1955,The Yellow Rose of Texas,Mitch Miller,"Texas, United States, North America",State/Region,Direct,31.054,-97.563,1,3,2,8479,,,,,,,,,,,
1955,The Yellow Rose of Texas,Ronnie Hilton,"Texas, United States, North America",State/Region,Direct,31.054,-97.563,,,15,,,,,,,,,,,,
1955,Under the Bridges of Paris,Dean Martin,"Paris, France, Europe",City,Direct,48.8534,2.3488,,,6,,,,,,,,,,,,
1955,Under the Bridges of Paris,Eartha Kitt,"Paris, France, Europe",City,Direct,48.8534,2.3488,,,7,,,,,,,,,,,,
1956,By the Fountains of Rome,David Hughes,"Rome, Italy, Europe",City,Direct,41.8919,12.5113,,,27,,,,,,,,,,,,
1956,By the Fountains of Rome,Edmund Hockridge,"Rome, Italy, Europe",City,Direct,41.8919,12.5113,,,17,,,,,,,,,,,,
1956,Canadian Sunset,Andy Williams,"Canada, North America",Country,Demonym,45.4112,-75.6981,10,,,,,,,,,,,,,,
1956,Canadian Sunset,Eddie Heywood and Hugo Winterhalter,"Canada, North America",Country,Demonym,45.4112,-75.6981,3,17,,,,,,,,,,,,,
1956,Christmas Island,Dickie Valentine,"Christmas Island, Asia",Country,Direct,-10.4475,105.6904,,,8,,,,,,,,,,,,
1956,Dixie Fried,Carl Perkins,"American South, United States, North America",Continent/Region,Nickname,33,-86,,,,9405,,,,,,,,,,,
1956,In a Little Spanish Town,Bing Crosby,"Spain, Europe",Country,Demonym,40.4165,-3.7026,,,22,,,,,,,,,,,,
1956,In a Persian Market,Sammy Davis Jr.,"Iran, Asia",Country,Demonym,35.6944,51.4215,,,28,,,,,,,,,,,,
1956,In Old Lisbon,Frank Chacksfield,"Lisbon, Portugal, Europe",City,Direct,38.7251,-9.1498,,,15,,,,,,,,,,,,
1956,Jamaica Farewell,Harry Belafonte,"Jamaica, North America",Country,Direct,17.997,-76.7936,17,,,8094,,,,,,,,,,,
1956,Petticoats of Portugal,Dick Jacobs,"Portugal, Europe",Country,Direct,38.7251,-9.1498,23,,,,,,,,,,,,,,
1956,Rock Island Line,Stan Freberg and His Sniffle Group,"Rock Island, Illinois, United States, North America",City,Direct,41.473,-90.5852,,,24,,,,,,,,,,,,
1956,Rock-A-Bye Your Baby (With a Dixie Melody),Jerry Lewis,"American South, United States, North America",Continent/Region,Nickname,33,-86,10,,12,,,,,,,,,,,,
1956,The Italian Theme,Cyril Stapleton,"Italy, Europe",Country,Demonym,41.8919,12.5113,,,18,,,,,,,,,,,,
1956,The Poor People of Paris,Les Baxter,"Paris, France, Europe",City,Direct,48.8534,2.3488,1,7,,,,,,,,,,,,,
1956,The Poor People of Paris,Winifred Atwell,"Paris, France, Europe",City,Direct,48.8534,2.3488,,,1,,,,,,,,,,,,
1956,Turkish Mambo,Lennie Tristano,"Turkey, Asia",Country,Demonym,39.9199,32.8543,,,,7979,,,,,,,,,,,
1956,When Mexico Gave up the Rhumba,Mitchell Torok,"Mexico, North America",Country,Direct,19.4285,-99.1277,,,6,,,,,,,,,,,,
1957,Chicago,Frank Sinatra,"Chicago, Illinois, United States, North America",City,Direct,41.8376,-87.6818,15,,3,,,,,,,,,,,,
1957,Cumberland Gap,Lonnie Donegan,"Cumberland Gap, United States, North America",Water/Natural Feature,Direct,36.6037,-83.6849,,,1,,,,,,,,,,,,
1957,Cumberland Gap,The Vipers Skiffle Group,"Cumberland Gap, United States, North America",Water/Natural Feature,Direct,36.6037,-83.6849,,,10,,,,,,,,,,,,
1957,Haitian Fight Song,Charles Mingus,"Haiti, North America",Country,Demonym,18.5435,-72.3388,,,,7005,,,,,,,,,,,
1957,Last Train to San Fernando,Johnny Duncan and the Blue Grass Boys,"San Fernando, Philippines, Asia",City,Direct,15.03425,120.68445,,,2,,,,,,,,,,,,
1957,My Dixie Darling,Lonnie Donegan,"American South, United States, North America",Continent/Region,Nickname,33,-86,,,10,,,,,,,,,,,,
1957,Old Cape Cod,Patti Page,"Cape Cod, Massachusetts, United States, North America",Continent/Region,Direct,41.6688,-70.2962,8,46,,,,,,,,,,,,,
1957,Swanee River Rock (Talkin' 'Bout That River),Ray Charles,"Suwannee River, Georgia/Florida, United States, North America",Water/Natural Feature,Direct,30.38,-83.16,34,,,,,,,,,,,,,,
1958,Blue Hawaii,Billy Vaughn,"Hawaii, United States, North America",State/Region,Direct,21.094,-157.498,37,,,,,,,,,,,,,,
1958,Blues March/Blues March for Europe No. 1,Art Blakey,Europe,Continent/Region,Direct,54.526,15.2551,,,,5365,,,,,,,,,,,
1958,Carolina Moon,Connie Francis,"The Carolinas, United States, North America",State/Region,Direct,34.8,-79.5,,,1,,,,,,,,,,,,
1958,Down in Virginia,Jimmy Reed,"Virginia, United States, North America",State/Region,Direct,37.769,-78.17,93,,,,,,,,,,,,,,
1958,Going to Chicago Blues,Count Basie,"Chicago, Illinois, United States, North America",City,Direct,41.8376,-87.6818,100,,,,,,,,,,,,,,
1958,King Creole,Elvis Presley,"Louisiana, United States, North America",State/Region,Demonym,31.169,-91.867,,,2,,,,,,,,,,,,
1958,Manhattan Spiritual,Reg Owen,"Manhattan, New York, New York, United States, North America",Neighborhood/District,Direct,40.7831,-73.9712,10,86,20,,,,,,,,,,,,
1958,Mexican Hat Rock,The Applejacks,"Mexico, North America",Country,Demonym,19.4285,-99.1277,16,,,,,,,,,,,,,,
1958,Nairobi,Tommy Steele,"Nairobi, Kenya, Africa",City,Direct,-1.28333,36.81667,,,3,,,,,,,,,,,,
1958,Paris,Perez Prado,"Paris, France, Europe",City,Direct,48.8534,2.3488,95,,,,,,,,,,,,,,
1958,Philadelphia U.S.A.,Art Lund,"Philadelphia, Pennsylvania, United States, North America",City,Direct,40.0094,-75.1333,89,,,,,,,,,,,,,,
1958,Philadelphia U.S.A.,The Nu Tornados,"Philadelphia, Pennsylvania, United States, North America",City,Direct,40.0094,-75.1333,26,,,,,,,,,,,,,,
1958,Texas Flood,Larry Davis,"Texas, United States, North America",State/Region,Direct,31.054,-97.563,,,,8105,,,,,,,,,,,
1958,The All American Boy,Bill Parsons,"United States, North America",Country,Demonym,38.8951,-77.0364,2,,22,,,,,,,,,,,,
1958,The Hawaiian Wedding Song (Ke Kali Nei Au),Andy Williams,"Hawaii, United States, North America",State/Region,Demonym,21.094,-157.498,11,,,,,,,,,,,,,,
1958,Tulips from Amsterdam,Max Bygraves,"Amsterdam, The Netherlands, Europe",City,Direct,52.37403,4.88969,,,3,,,,,,,,,,,,
1958,Woman from Liberia,Jimmie Rodgers,"Liberia, Africa",Country,Direct,10.63517,-85.43779,,,18,,,,,,,,,,,,
1959,77 Sunset Strip,The Big Sound Of Don Ralke,"Sunset Strip, Los Angeles, California, United States, North America",Street/Landmark,Direct,34.09,-118.385,69,,,,,,,,,,,,,,
1959,Back in the U.S.A.,Chuck Berry,"United States, North America",Country,Direct,38.8951,-77.0364,37,,,2090,,,,,,,,,,,
1959,Battle of New Orleans,Johnny Horton,"New Orleans, Louisiana, United States, North America",City,Direct,30.0686,-89.939,,,16,,,,,,,,,,,,
1959,Battle of New Orleans,Lonnie Donegan,"New Orleans, Louisiana, United States, North America",City,Direct,30.0686,-89.939,,,2,,,,,,,,,,,,
1959,Caribbean,Mitchell Torok,"Caribbean, North America",Continent/Region,Direct,14.5,-75,27,,,,,,,,,,,,,,
1959,China Tea,Russ Conway,"China, Asia",Country,Direct,39.9075,116.3972,,,5,,,,,,,,,,,,
1959,El Paso,Marty Robbins,"El Paso, Texas, United States, North America",City,Direct,31.8484,-106.427,1,15,19,1432,,,Y,,,,,,,y,
1959,Fort Worth Jail,Lonnie Donegan,"Fort Worth, Texas, United States, North America",City,Direct,32.72541,-97.32085,,,14,,,,,,,,,,,,
1959,French Foreign Legion,Frank Sinatra,"France, Europe",Country,Demonym,48.8534,2.3488,61,,18,,,,,,,,,,,,
1959,God Bless America,Connie Francis,"United States, North America",Country,Direct,38.8951,-77.0364,36,,,,,,,,,,,,,,
1959,Harlem Nocturne,The Viscounts,"Harlem, New York, New York, United States, North America",Neighborhood/District,Direct,40.8116,-73.9465,39,,,6419,,,,,,,,,,,
1959,Hawaiian War Chant,Billy Vaughn,"Hawaii, United States, North America",State/Region,Demonym,21.094,-157.498,89,,,,,,,,,,,,,,
1959,Hawaiian Wedding Song,Andy Williams,"Hawaii, United States, North America",State/Region,Demonym,21.094,-157.498,,57,,,,,,,,,,,,,
1959,High School U.S.A.,Tommy Facenda,"United States, North America",Country,Direct,38.8951,-77.0364,28,,,,,,,,,,,,,,
1959,Kansas City,Hank Ballard And The Midnighters,"Kansas City, Missouri, United States, North America",City,Direct,39.1252,-94.5511,72,,,,,,,,,,,,,,
1959,Kansas City,Little Richard,"Kansas City, Missouri, United States, North America",City,Direct,39.1252,-94.5511,95,,26,,,,,,,,,,,,
1959,Kansas City,Rocky Olson,"Kansas City, Missouri, United States, North America",City,Direct,39.1252,-94.5511,60,,,,,,,,,,,,,,
1959,Kansas City,Wilbert Harrison,"Kansas City, Missouri, United States, North America",City,Direct,39.1252,-94.5511,1,9,,1069,,,Y,,,,Y,,,,
1959,Madrid,Nat King Cole,"Madrid, Spain, Europe",City,Direct,40.4165,-3.7026,85,,,,,,,,,,,,,,
1959,Martinique,The Exotic Sounds of Martin Denny,"Martinique, North America",Country,Direct,14.6037,-61.0742,88,,,,,,,,,,,,,,
1959,Memphis Tennessee,Chuck Berry,"Memphis, Tennessee, United States, North America",City,Direct,35.1035,-89.9785,,,6,2952,,,,,,,,,,,
1959,Miami,Eugene Church,"Miami, Florida, United States, North America",City,Direct,25.7752,-80.2086,67,,,,,,,,,,,,,,
1959,Nashville Boogie,Bert Weedon,"Nashville, Tennessee, United States, North America",City,Direct,36.1718,-86.785,,,29,,,,,,,,,,,,
1959,Old Spanish Town,The Bell Notes,"Spain, Europe",Country,Demonym,40.4165,-3.7026,76,,,,,,,,,,,,,,
1959,Russian Band Stand,Spencer and the Sonia Pryor Choir,"Russia, Europe",Country,Demonym,55.752,37.6178,91,,,,,,,,,,,,,,
1959,San Miguel,Lonnie Donegan,"San Miguel, California, United States, North America",City,Direct,35.751389,-120.695278,,,19,,,,,,,,,,,,
1959,San Miguel,The Kingston Trio,"San Miguel, California, United States, North America",City,Direct,35.751389,-120.695278,,,29,,,,,,,,,,,,
1959,Skokiaan (South African Song),Bill Haley And His Comets,"South Africa, Africa",Country,Demonym,-25.7449,28.1878,70,,,,,,,,,,,,,,
1959,Tallahassee Lassie,Freddy Cannon,"Tallahassee, Florida, United States, North America",City,Direct,30.4551,-84.2534,6,40,17,7758,,,,,,,,,,,
1959,Tallahassee Lassie,Tommy Steele,"Tallahassee, Florida, United States, North America",City,Direct,30.4551,-84.2534,,,16,,,,,,,,,,,,
1959,Tennessee Stud,Eddy Arnold,"Tennessee, United States, North America",State/Region,Direct,35.747,-86.692,48,,,,,,,,,,,,,,
1959,Tennessee Waltz,Bobby Comstock,"Tennessee, United States, North America",State/Region,Direct,35.747,-86.692,52,,,,,,,,,,,,,,
1959,Tennessee Waltz,Jerry Fuller,"Tennessee, United States, North America",State/Region,Direct,35.747,-86.692,63,,,,,,,,,,,,,,
1959,The All American Boy,Bobby Bare,"United States, North America",Country,Demonym,38.8951,-77.0364,,46,,,,,,,,,,,,,
1959,The Battle of New Orleans,Johnny Horton,"New Orleans, Louisiana, United States, North America",City,Direct,30.0686,-89.939,1,1,,3895,,,Y,,,,,,,,
1959,The Battle of New Orleans,Vaughn Monroe,"New Orleans, Louisiana, United States, North America",City,Direct,30.0686,-89.939,87,,,,,,,,,,,,,,
1959,The Tijuana Jail,The Kingston Trio,"Tijuana, Mexico, North America",City,Direct,32.5027,-117.0037,12,77,,,,,,,,,,,,,
1959,Torquay,The Fireballs,"Torquay, England, United Kingdom, Europe",City,Direct,50.462,-3.5252,39,,,,,,,,,,,,,,
1959,Waterloo,Stonewall Jackson,"Waterloo, Belgium, Europe",Street/Landmark,Direct,50.7147,4.399,4,32,24,,,,,,,,,,,,
1959,Way Down Yonder in New Orleans,Freddy Cannon,"New Orleans, Louisiana, United States, North America",City,Direct,30.0686,-89.939,3,40,3,8023,,,,,,,,,,,
1960,Ballad of the Alamo,Bud & Travis,"The Alamo, San Antonio, Texas, United States, North America",Street/Landmark,Direct,29.426,-98.4861,64,,,,,,,,,,,,,,
1960,Ballad of the Alamo,Marty Robbins,"The Alamo, San Antonio, Texas, United States, North America",Street/Landmark,Direct,29.426,-98.4861,34,,,,,,,,,,,,,,
1960,California Here I Come,Freddy Cannon,"California, United States, North America",State/Region,Direct,36.116,-119.682,,,24,,,,,,,,,,,,
1960,Caribbean Honeymoon,Frank Weir,"Caribbean, North America",Continent/Region,Direct,14.5,-75,,,42,,,,,,,,,,,,
1960,Chattanooga Choo Choo,Ernie Fields,"Chattanooga, Tennessee, United States, North America",City,Direct,35.0456,-85.3097,54,,,,,,,,,,,,,,
1960,Chattanooga Shoe Shine Boy,Freddy Cannon,"Chattanooga, Tennessee, United States, North America",City,Direct,35.0456,-85.3097,34,,,,,,,,,,,,,,
1960,Delaware,Perry Como,"Delaware, United States, North America",State/Region,Direct,39.318,-75.507,22,,3,,,,,,,,,,,,
1960,Everglades,The Kingston Trio,"Everglades, Florida, United States, North America",Water/Natural Feature,Direct,25.86,-80.9,60,,,,,,,,,,,,,,
1960,Georgia on My Mind,Ray Charles,"Georgia, United States, North America",State/Region,Direct,33.04,-83.643,1,78,24,357,,,Y,,,,,283,,y,
1960,Indiana,Freddy Cannon,"Indiana, United States, North America",State/Region,Direct,39.849,-86.258,,,42,,,,,,,,,,,,
1960,Mediterranean Moon,The Rays,Mediterranean Sea,Water/Natural Feature,Direct,35,18,95,,,,,,,,,,,,,,
1960,National City,"Joiner, Arkansas Junior High School Band","National City, California, United States, North America",City,Direct,32.6659,-117.0974,53,,,,,,,,,,,,,,
1960,New Orleans,U.S. Bonds,"New Orleans, Louisiana, United States, North America",City,Direct,30.0686,-89.939,6,,16,,,,,,,,,,,,
1960,North to Alaska,Johnny Horton,"Alaska, United States, North America",State/Region,Direct,61.37,-152.404,4,,23,,,,,,,,,,,,
1960,On a Slow Boat to China,Emile Ford and the Checkmates,"China, Asia",Country,Direct,39.9075,116.3972,,,3,,,,,,,,,,,,
1960,Spanish Harlem,Ben E. King,"East Harlem, New York, New York, United States, North America",Neighborhood/District,Direct,40.7957,-73.9389,10,64,92,804,,,Y,,,,Y,,,,
1960,Stranger from Durango,Richie Allen,"Durango, Mexico, North America",City,Direct,24.0277,-104.6532,90,,,,,,,,,,,,,,
1960,Twistin' U.S.A.,Danny & The Juniors,"United States, North America",Country,Direct,38.8951,-77.0364,27,,,,,,,,,,,,,,
1960,Walking to New Orleans,Fats Domino,"New Orleans, Louisiana, United States, North America",City,Direct,30.0686,-89.939,6,72,19,2495,,,Y,,,,,,,,
1960,White Cliffs of Dover,Mr. Acker Bilk and His Paramount Jazz Band,"Dover, England, United Kingdom, Europe",City,Direct,51.1279,1.3134,,,30,,,,,,,,,,,,
1961,A Scottish Soldier,Andy Stewart,"Scotland, United Kingdom, Europe",Country,Demonym,55.9533,-3.1883,69,,19,,,,,,,,,,,,
1961,A Texan and a Girl from Mexico,Anita Bryant,"Mexico, North America",Country,Direct,19.4285,-99.1277,85,,,,,,,,,,,,,,
1961,A Texan and a Girl from Mexico,Anita Bryant,"Texas, United States, North America",State/Region,Demonym,31.054,-97.563,85,,,,,,,,,,,,,,
1961,African Waltz,Cannonball Adderley Orchestra,Africa,Continent/Region,Demonym,1.6508,17.6791,41,,,,,,,,,,,,,,
1961,African Waltz,Johnny Dankworth,Africa,Continent/Region,Demonym,1.6508,17.6791,,,9,,,,,,,,,,,,
1961,Appalachian Spring,Leonard Bernstein,"Appalachia, United States, North America",Continent/Region,Demonym,37.5,-81.5,,,,,,,Y,,,,,,,,
1961,Asia Minor,Kokomo,"Asia Minor (Anatolia), Turkey, Asia",Continent/Region,Direct,39,35,8,44,,,,,,,,,,,,,
1961,Berlin Melody,Billy Vaughn,"Berlin, Germany, Europe",City,Direct,52.5244,13.4105,61,,,,,,,,,,,,,,
1961,Bristol Stomp,The Dovells,"Bristol, Pennsylvania, United States, North America",City,Direct,40.1035,-74.8529,2,22,,4043,,,,,,,,,,,
1961,California Sun,Joe Jones,"California, United States, North America",State/Region,Direct,36.116,-119.682,89,,,,,,,,,,,,,,
1961,Canadian Sunset,Etta Jones,"Canada, North America",Country,Demonym,45.4112,-75.6981,91,,,,,,,,,,,,,,
1961,Charleston,The Temperance Seven,"Charleston, South Carolina, United States, North America",City,Direct,32.7765,-79.9311,,,22,,,,,,,,,,,,
1961,Creole Jazz,Mr Acker Bilk,"Louisiana, United States, North America",State/Region,Demonym,31.169,-91.867,,,22,,,,,,,,,,,,
1961,Granada,Frank Sinatra,"Granada, Spain, Europe",City,Direct,37.1882,-3.6067,64,,15,,,,,,,,,,,,
1961,Green Grass of Texas,The Texans,"Texas, United States, North America",State/Region,Direct,31.054,-97.563,100,,,,,,,,,,,,,,
1961,Hollywood,Connie Francis,"Hollywood, California, United States, North America",Neighborhood/District,Direct,34.0928,-118.3287,42,,,,,,,,,,,,,,
1961,Jambalaya (On the Bayou),Fats Domino,"Louisiana Bayou, Louisiana, United States, North America",Water/Natural Feature,Direct,29.9,-91.3,30,,,,,,,,,,,,,,
1961,Man from Madrid,Tony Osborne Sound ft. Joanne Brown,"Madrid, Spain, Europe",City,Direct,40.4165,-3.7026,,,50,,,,,,,,,,,,
1961,Memphis,Donnie Brooks,"Memphis, Tennessee, United States, North America",City,Direct,35.1035,-89.9785,90,,,,,,,,,,,,,,
1961,Mexicali Rose,Karl Denver,"Mexicali, Mexico, North America",City,Direct,32.62781,-115.45446,,,8,,,,,,,,,,,,
1961,Mexico,Bob Moore,"Mexico, North America",Country,Direct,19.4285,-99.1277,7,55,,,,,,,,,,,,,
1961,Midnight in Moscow,Kenny Ball,"Moscow, Russia, Europe",City,Direct,55.752,37.6178,2,21,2,,,,,,,,,,,,
1961,Pasadena,The Temperance Seven,"Pasadena, California, United States, North America",City,Direct,34.1606,-118.1396,,,4,,,,,,,,,,,,
1961,Rock-A-Bye Your Baby (With a Dixie Melody),Aretha Franklin,"American South, United States, North America",Continent/Region,Nickname,33,-86,37,,,,,,,,,,,,,,
1961,San Antonio Rose,Floyd Cramer,"San Antonio, Texas, United States, North America",City,Direct,29.4724,-98.5251,8,86,36,,,,,,,,,,,,
1961,Tennessee Flat-Top Box,Johnny Cash,"Tennessee, United States, North America",State/Region,Direct,35.747,-86.692,84,,,,,,,,,,,,,,
1961,The Bilbao Song,Andy Williams,"Bilbao, Spain, Europe",City,Direct,43.2627,-2.9253,37,,,,,,,,,,,,,,
1961,The Charleston,Ernie Fields,"Charleston, South Carolina, United States, North America",City,Direct,32.7765,-79.9311,47,,,,,,,,,,,,,,
1961,The Touchables in Brooklyn,Dickie Goodman,"Brooklyn, New York, New York, United States, North America",Neighborhood/District,Direct,40.6782,-73.9442,42,,,,,,,,,,,,,,
1961,Theme from Dixie,Duane Eddy,"American South, United States, North America",Continent/Region,Nickname,33,-86,39,,7,,,,,,,,,,,,
1961,Twistin' U.S.A.,Chubby Checker,"United States, North America",Country,Direct,38.8951,-77.0364,68,,,,,,,,,,,,,,
1962,Bermuda,Linda Scott,"Bermuda, North America",Country,Direct,32.2949,-64.783,70,,,,,,,,,,,,,,
1962,Brazilian Love Song,Nat King Cole,"Brazil, South America",Country,Demonym,-15.7939,-47.8828,,,34,,,,,,,,,,,,
1962,Bristol Twistin' Annie,The Dovells,"Bristol, Pennsylvania, United States, North America",City,Direct,40.1035,-74.8529,27,,,,,,,,,,,,,,
1962,Chattanooga Choo Choo,Floyd Cramer,"Chattanooga, Tennessee, United States, North America",City,Direct,35.0456,-85.3097,36,,,,,,,,,,,,,,
1962,Coney Island Baby,The Excellents,"Coney Island, New York, New York, United States, North America",Street/Landmark,Direct,40.5755,-73.9707,51,,,,,,,,,,,,,,
1962,Deep in the Heart of Texas,Duane Eddy,"Texas, United States, North America",State/Region,Direct,31.054,-97.563,78,,19,,,,,,,,,,,,
1962,Down the River Nile,John Leyton,"Nile River, Africa",Water/Natural Feature,Direct,25.6872,32.6396,,,42,,,,,,,,,,,,
1962,English Country Garden,Jimmy Rodgers,"England, United Kingdom, Europe",Country,Demonym,51.5074,-0.1278,,,5,,,,,,,,,,,,
1962,I Left My Heart in San Francisco,Tony Bennett,"San Francisco, California, United States, North America",City,Direct,37.78,-122.4193,19,,,2502,,,Y,Y,,22,,,,,
1962,March of the Siamese Children,Kenny Ball,"Thailand, Asia",Country,Demonym,13.754,100.5014,88,,4,,,,,,,,,,,,
1962,Mashed Potatoes U.S.A.,James Brown And The Famous Flames,"United States, North America",Country,Direct,38.8951,-77.0364,82,,,,,,,,,,,,,,
1962,Palisades Park,Freddy Cannon,"Cliffside Park-Fort Lee, New Jersey, United States, North America",City,Direct,40.8281,-73.9778,3,14,20,9593,,,,,,,,,,,
1962,Pepino the Italian Mouse,Lou Monte,"Italy, Europe",Country,Demonym,41.8919,12.5113,5,,,,,,,,,,,,,,
1962,Route 66 Theme,Nelson Riddle,"U.S. Route 66, United States, North America",Street/Landmark,Direct,35.2,-101.8,30,,,,,,,,,,,,,,
1962,Spanish Harlem,Jimmy Justice,"East Harlem, New York, New York, United States, North America",Neighborhood/District,Direct,40.7957,-73.9389,,,20,,,,,,,,,,,,
1962,Spanish Lace,Gene McDaniels,"Spain, Europe",Country,Demonym,40.4165,-3.7026,31,,,,,,,,,,,,,,
1962,Tennessee,Jan & Dean,"Tennessee, United States, North America",State/Region,Direct,35.747,-86.692,69,,,,,,,,,,,,,,
1962,The Burning of Atlanta,Claude King,"Atlanta, Georgia, United States, North America",City,Direct,33.7629,-84.4227,53,,,,,,,,,,,,,,
1962,The Cajun Queen,Jimmy Dean,"Louisiana, United States, North America",State/Region,Demonym,31.169,-91.867,22,,,,,,,,,,,,,,
1962,The Mexican,The Fentones,"Mexico, North America",Country,Demonym,19.4285,-99.1277,,,41,,,,,,,,,,,,
1962,The White Rose of Athens,David Carroll,"Athens, Greece, Europe",City,Direct,37.9838,23.7278,61,,,,,,,,,,,,,,
1963,Abilene,George Hamilton IV,"Abilene, Texas, United States, North America",City,Direct,32.4545,-99.7381,15,94,,,,,,,,,,,,,
1963,Blue Bayou,Roy Orbison,"Louisiana Bayou, Louisiana, United States, North America",Water/Natural Feature,Direct,29.9,-91.3,29,,3,,,,,,,,,,,,
1963,Bossa Nova U.S.A.,The Dave Brubeck Quartet,"United States, North America",Country,Direct,38.8951,-77.0364,69,,,,,,,,,,,,,,
1963,Casablanca,Kenny Ball,"Casablanca, Morocco, Africa",City,Direct,33.58831,-7.61138,,,21,,,,,,,,,,,,
1963,China Nights (Shina No Yoru),Kyu Sakamoto,"China, Asia",Country,Direct,39.9075,116.3972,58,,,,,,,,,,,,,,
1963,Detroit City,Bobby Bare,"Detroit, Michigan, United States, North America",City,Direct,42.383,-83.1022,16,97,,2713,,,,,,,,,,,
1963,Detroit City No. 2,Ben Colder,"Detroit, Michigan, United States, North America",City,Direct,42.383,-83.1022,90,,,,,,,,,,,,,,
1963,Egyptian Shumba,The Tammys,"Egypt, Africa",Country,Demonym,30.0626,31.2497,,,,4439,,,,,,,,,,,
1963,From Russia with Love,John Barry,"Russia, Europe",Country,Direct,55.752,37.6178,,,39,,,,,,,,,,,,
1963,From Russia with Love,Matt Monro,"Russia, Europe",Country,Direct,55.752,37.6178,,,20,,,,,,,,,,,,
1963,Harlem Shuffle,Bob And Earl,"Harlem, New York, New York, United States, North America",Neighborhood/District,Direct,40.8116,-73.9465,44,,7,2563,,,,,,,,,,,
1963,Honolulu Lulu,Jan & Dean,"Honolulu, Hawaii, United States, North America",City,Direct,21.3259,-157.8453,11,,,,,,,,,,,,,,
1963,India,John Coltrane,"India, Asia",Country,Direct,28.62137,77.2148,,,,9710,,,,,,,,,,,
1963,Kansas City,Trini Lopez,"Kansas City, Missouri, United States, North America",City,Direct,39.1252,-94.5511,23,,35,,,,,,,,,,,,
1963,Long Tall Texan,Murry Kellum,"Texas, United States, North America",State/Region,Demonym,31.054,-97.563,51,,,,,,,,,,,,,,
1963,Marching Thru Madrid,Herb Alpert's Tijuana Brass,"Madrid, Spain, Europe",City,Direct,40.4165,-3.7026,96,,,,,,,,,,,,,,
1963,Memphis,Lonnie Mack,"Memphis, Tennessee, United States, North America",City,Direct,35.1035,-89.9785,5,48,47,7613,,,,,,,,,,,
1963,Memphis Tennessee,Dave Berry and the Cruisers,"Memphis, Tennessee, United States, North America",City,Direct,35.1035,-89.9785,,,19,,,,,,,,,,,,
1963,New Mexican Rose,Frankie Valli and the 4 Seasons,"New Mexico, United States, North America",State/Region,Demonym,34.84,-106.248,36,,,,,,,,,,,,,,
1963,On Broadway,The Drifters,"Broadway, New York, New York, United States, North America",Street/Landmark,Direct,40.759,-73.9845,9,,,1088,,,Y,,,,Y,,,,
1963,Only in America,Jay & The Americans,"United States, North America",Country,Direct,38.8951,-77.0364,25,,,,,,,,,,,,,,
1963,Pepino's Friend Pasqual (The Italian Pussy-Cat),Lou Monte,"Italy, Europe",Country,Demonym,41.8919,12.5113,78,,,,,,,,,,,,,,
1963,Spring in Manhattan,Tony Bennett,"Manhattan, New York, New York, United States, North America",Neighborhood/District,Direct,40.7831,-73.9712,92,,,,,,,,,,,,,,
1963,Surfin' U.S.A.,The Beach Boys,"United States, North America",Country,Direct,38.8951,-77.0364,3,1,34,753,,,,,,,Y,,,,
1963,Syracuse,Henri Salvador,"Syracuse, Sicily, Italy, Europe",City,Direct,37.069167,15.2875,,,,3596,,,,,,,,,,,
1963,Twenty Four Hours from Tulsa,Gene Pitney,"Tulsa, Oklahoma, United States, North America",City,Direct,36.1279,-95.9023,17,,5,5430,,,,,,,,,,,
1963,Washington Square,The Village Stompers,"Washington Square, New York, New York, United States, North America",Street/Landmark,Direct,40.7308,-73.9973,2,75,,,,,,,,,,,,,
1963,Wildwood Days,Bobby Rydell,"Wildwood, New Jersey, United States, North America",City,Direct,38.9889,-74.8198,17,,,,,,,,,,,,,,
1964,Alabama,John Coltrane,"Alabama, United States, North America",State/Region,Direct,32.806,-86.791,,,,7578,,,,,,,,,,,
1964,Amsterdam,Jacques Brel,"Amsterdam, The Netherlands, Europe",City,Direct,52.37403,4.88969,,,,3080,,,,,,,,,,,
1964,Boots of Spanish Leather,Bob Dylan,"Spain, Europe",Country,Demonym,40.4165,-3.7026,,,,3864,,,,,,,,,,,
1964,California Bound,Ronny And The Daytonas,"California, United States, North America",State/Region,Direct,36.116,-119.682,72,,,,,,,,,,,,,,
1964,California Sun,The Rivieras,"California, United States, North America",State/Region,Direct,36.116,-119.682,5,,,8721,,,,,,,,,,,
1964,Deep in the Heart of Harlem,Clyde McPhatter,"Harlem, New York, New York, United States, North America",Neighborhood/District,Direct,40.8116,-73.9465,90,,,,,,,,,,,,,,
1964,From Russia with Love,The Village Stompers,"Russia, Europe",Country,Direct,55.752,37.6178,81,,,,,,,,,,,,,,
1964,Going Back to Louisiana,Bruce Channel,"Louisiana, United States, North America",State/Region,Direct,31.169,-91.867,89,,,,,,,,,,,,,,
1964,Gonna Send You Back to Georgia (A City Slick),Timmy Shaw,"Georgia, United States, North America",State/Region,Direct,33.04,-83.643,41,,,,,,,,,,,,,,
1964,Gonna Send You Back to Walker (Gonna Send You Back to Georgia),The Animals,"Georgia, United States, North America",State/Region,Direct,33.04,-83.643,57,,,,,,,,,,,,,,
1964,Hawaii Tattoo,The Waikikis,"Hawaii, United States, North America",State/Region,Direct,21.094,-157.498,33,,41,,,,,,,,,,,,
1964,Jamaica Ska,The Ska Kings,"Jamaica, North America",Country,Direct,17.997,-76.7936,98,,,,,,,,,,,,,,
1964,Me Japanese Boy I Love You,Bobby Goldsboro,"Japan, Asia",Country,Demonym,35.6895,139.6917,74,,,,,,,,,,,,,,
1964,Memphis,Johnny Rivers,"Memphis, Tennessee, United States, North America",City,Direct,35.1035,-89.9785,2,41,,,,,,,,,,,,,
1964,Message to Martha (Kentucky Bluebird),Adam Faith,"Kentucky, United States, North America",State/Region,Direct,37.668,-84.67,,,12,,,,,,,,,,,,
1964,Mexican Drummer Man,Herb Alpert's Tijuana Brass,"Mexico, North America",Country,Demonym,19.4285,-99.1277,77,,,,,,,,,,,,,,
1964,Mississippi Goddam,Nina Simone,"Mississippi, United States, North America",State/Region,Direct,32.741,-89.678,,,,2108,,,,Y,,,,172,,,
1964,Nantes,Barbara,"Nantes, France, Europe",City,Direct,47.21725,-1.55336,,,,6289,,,,,,,,,,,
1964,New Orleans,Bern Elliott and the Fenmen,"New Orleans, Louisiana, United States, North America",City,Direct,30.0686,-89.939,,,24,,,,,,,,,,,,
1964,Rome Will Never Leave You,Richard Chamberlain,"Rome, Italy, Europe",City,Direct,41.8919,12.5113,99,,,,,,,,,,,,,,
1964,"Saginaw, Michigan",Lefty Frizzell,"Saginaw, Michigan, United States, North America",City,Direct,43.4177,-83.9547,85,,,,,,,,,,,,,,
1964,Song of Mexico,Tony Meehan,"Mexico, North America",Country,Direct,19.4285,-99.1277,,,39,,,,,,,,,,,,
1964,"Southtown, U.S.A.",The Dixiebelles,"United States, North America",Country,Direct,38.8951,-77.0364,15,,,,,,,,,,,,,,
1964,Spanish Harlem,Sounds Incorporated,"East Harlem, New York, New York, United States, North America",Neighborhood/District,Direct,40.7957,-73.9389,,,35,,,,,,,,,,,,
1964,Stockholm,Lawrence Welk,"Stockholm, Sweden, Europe",City,Direct,59.3294,18.0687,91,,,,,,,,,,,,,,
1964,Tennessee Waltz,Sam Cooke,"Tennessee, United States, North America",State/Region,Direct,35.747,-86.692,35,,,,,,,,,,,,,,
1964,"The Anaheim, Azusa & Cucamonga Sewing Circle, Book Review and Timing Association",Jan & Dean,"Anaheim, California, United States, North America",City,Direct,33.8555,-117.7601,77,,,,,,,,,,,,,,
1964,"The Anaheim, Azusa & Cucamonga Sewing Circle, Book Review and Timing Association",Jan & Dean,"Azusa, California, United States, North America",City,Direct,34.1385,-117.9123,77,,,,,,,,,,,,,,
1964,"The Anaheim, Azusa & Cucamonga Sewing Circle, Book Review and Timing Association",Jan & Dean,"Rancho Cucamonga, California, United States, North America",City,Direct,34.1233,-117.5642,77,,,,,,,,,,,,,,
1964,The French Song,Lucille Starr,"France, Europe",Country,Demonym,48.8534,2.3488,54,,,,,,,,,,,,,,
1964,The Girl from Ipanema,Stan Getz and Astrud Gilberto,"Ipanema, Rio de Janeiro, Brazil, South America",Neighborhood/District,Direct,-22.9838,-43.2045,5,,29,,,,,,,,,,,,
1964,The Little Old Lady (From Pasadena),Jan & Dean,"Pasadena, California, United States, North America",City,Direct,34.1606,-118.1396,3,48,,,,,,,,,,,,,
1964,The Mexican Shuffle,Herb Alpert's Tijuana Brass,"Mexico, North America",Country,Demonym,19.4285,-99.1277,85,,,,,,,,,,,,,,
1964,Tokyo Melody,Helmut Zacharias,"Tokyo, Japan, Asia",City,Direct,35.6895,139.6917,,,9,,,,,,,,,,,,
1964,Viva Las Vegas,Elvis Presley,"Las Vegas, Nevada, United States, North America",City,Direct,36.2277,-115.264,29,,15,7533,,,,,,,,,,y,
1965,(I Lost My Heart) In San Francisco,Tony Bennett,"San Francisco, California, United States, North America",City,Direct,37.78,-122.4193,,,25,,,,,,,,,,,,
1965,A Windmill in Old Amsterdam,Ronnie Hilton,"Amsterdam, The Netherlands, Europe",City,Direct,52.37403,4.88969,,,23,,,,,,,,,,,,
1965,California Dreamin',The Mamas & The Papas,"California, United States, North America",State/Region,Direct,36.116,-119.682,4,1,9,79,37,,Y,,,,Y,420,,y,
1965,California Girls,The Beach Boys,"California, United States, North America",State/Region,Direct,36.116,-119.682,3,49,26,815,,,Y,,,,Y,,,y,
1965,Canadian Sunset,Sounds Orchestral,"Canada, North America",Country,Demonym,45.4112,-75.6981,76,,,,,,,,,,,,,,
1965,England Swings,Roger Miller,"England, United Kingdom, Europe",Country,Direct,51.5074,-0.1278,8,,13,,,,,,,,,,,,
1965,Hawaii Honeymoon,The Waikikis,"Hawaii, United States, North America",State/Region,Direct,21.094,-157.498,91,,,,,,,,,,,,,,
1965,Hawaiian Wedding Song,Julie Rogers,"Hawaii, United States, North America",State/Region,Demonym,21.094,-157.498,,,31,,,,,,,,,,,,
1965,Highway 61 Revisited,Bob Dylan,"Highway 61, United States, North America",Street/Landmark,Direct,35.15,-90.06,,,,1778,,,,,,,,,,,
1965,Houston,Dean Martin,"Houston, Texas, United States, North America",City,Direct,29.7805,-95.3863,21,,,,,,,,,,,,,,
1965,"Hush, Hush, Sweet Charlotte",Patti Page,"Charlotte, North Carolina, United States, North America",City,Direct,35.2087,-80.8307,8,40,,,,,,,,,,,,,
1965,Kansas City Star,Roger Miller,"Kansas City, Missouri, United States, North America",City,Direct,39.1252,-94.5511,31,,48,,,,,,,,,,,,
1965,Mexican Pearls,Billy Vaughn,"Mexico, North America",Country,Demonym,19.4285,-99.1277,94,,,,,,,,,,,,,,
1965,Moon over Naples,Bert Kaempfert,"Naples, Italy, Europe",City,Direct,40.8522,14.2681,59,,,,,,,,,,,,,,
1965,New Orleans,Eddie Hodges,"New Orleans, Louisiana, United States, North America",City,Direct,30.0686,-89.939,44,,,,,,,,,,,,,,
1965,New York's a Lonely Town,The Trade Winds,"New York, New York, United States, North America",City,Direct,40.6643,-73.9385,32,,,,,,,,,,,,,,
1965,Norwegian Wood,The Beatles,"Norway, Europe",Country,Demonym,59.9127,10.7461,,,,407,,,,,,,Y,,,y,
1965,Scarborough Fair,Martin Carthy,"Scarborough, England, United Kingdom, Europe",City,Direct,54.2797,-0.4044,,,,6336,,,,,,,,,,,
1965,Spanish Eyes,Al Martino,"Spain, Europe",Country,Demonym,40.4165,-3.7026,15,,49,,,,,,,,,,,,
1965,Spanish Flea,Herb Alpert's Tijuana Brass,"Spain, Europe",Country,Demonym,40.4165,-3.7026,27,,3,,,,,,,,,,,,
1965,Spanish Harlem,King Curtis,"East Harlem, New York, New York, United States, North America",Neighborhood/District,Direct,40.7957,-73.9389,89,,,,,,,,,,,,,,
1965,The Boy from New York City,The Ad Libs,"New York, New York, United States, North America",City,Direct,40.6643,-73.9385,8,98,,,,,,,,,,,,,
1965,Tijuana Taxi,Herb Alpert's Tijuana Brass,"Tijuana, Mexico, North America",City,Direct,32.5027,-117.0037,38,,37,,,,,,,,,,,,
1965,Waltz Across Texas,Ernest Tubb,"Texas, United States, North America",State/Region,Direct,31.054,-97.563,,,,7319,,,,,,,,,,,
1965,Zorba the Greek,Herb Alpert's Tijuana Brass,"Greece, Europe",Country,Demonym,37.9838,23.7278,11,92,,,,,,,,,,,,,
1966,"634-5789 (Soulsville, U.S.A.)",Wilson Pickett,"United States, North America",Country,Direct,38.8951,-77.0364,13,95,,8170,,,,,,,,,,,
1966,"Baby, Do the Philly Dog",The Olympics,"Philadelphia, Pennsylvania, United States, North America",City,Nickname,40.0094,-75.1333,63,,,,,,,,,,,,,,
1966,Georgia on My Mind,The Righteous Brothers,"Georgia, United States, North America",State/Region,Direct,33.04,-83.643,62,,,,,,,,,,,,,,
1966,Georgia Rose,Tony Bennett,"Georgia, United States, North America",State/Region,Direct,33.04,-83.643,89,,,,,,,,,,,,,,
1966,Harlem Shuffle,The Traits,"Harlem, New York, New York, United States, North America",Neighborhood/District,Direct,40.8116,-73.9465,94,,,,,,,,,,,,,,
1966,Nashville Cats,The Lovin' Spoonful,"Nashville, Tennessee, United States, North America",City,Direct,36.1718,-86.785,8,,26,6998,,,,,,,,,,,
1966,Off to Dublin in the Green,The Abbey Tavern Singers,"Dublin, Ireland, Europe",City,Direct,53.3331,-6.2489,94,,,,,,,,,,,,,,
1966,Philly Dog,Herbie Mann,"Philadelphia, Pennsylvania, United States, North America",City,Nickname,40.0094,-75.1333,93,,,,,,,,,,,,,,
1966,Philly Dog,The Mar-Keys,"Philadelphia, Pennsylvania, United States, North America",City,Nickname,40.0094,-75.1333,89,,,,,,,,,,,,,,
1966,Scarborough Fair,Simon & Garfunkel,"Scarborough, England, United Kingdom, Europe",City,Direct,54.2797,-0.4044,11,89,,2682,,,,,,,,,,y,
1966,Spanish Nights and You,Connie Francis,"Spain, Europe",Country,Demonym,40.4165,-3.7026,99,,,,,,,,,,,,,,
1966,Stuck Inside of Mobile with the Memphis Blues Again,Bob Dylan,"Memphis, Tennessee, United States, North America",City,Direct,35.1035,-89.9785,,,,2062,,,,,,,,,,,
1966,Stuck Inside of Mobile with the Memphis Blues Again,Bob Dylan,"Mobile, Alabama, United States, North America",City,Direct,30.69436,-88.04305,,,,2062,,,,,,,,,,,
1966,The Eggplant That Ate Chicago,Dr. West's Medicine Show and Junk Band,"Chicago, Illinois, United States, North America",City,Direct,41.8376,-87.6818,52,,,,,,,,,,,,,,
1966,The Philly Freeze,Alvin Cash and The Registers,"Philadelphia, Pennsylvania, United States, North America",City,Nickname,40.0094,-75.1333,49,,,,,,,,,,,,,,
1966,The White Cliffs of Dover,The Righteous Brothers,"Dover, England, United Kingdom, Europe",City,Direct,51.1279,1.3134,,,21,,,,,,,,,,,,
1966,Winchester Cathedral,Dana Rollin,"Winchester, England, United Kingdom, Europe",City,Direct,51.0632,-1.308,71,,,,,,,,,,,,,,
1966,Winchester Cathedral,The New Vaudeville Band,"Winchester, England, United Kingdom, Europe",City,Direct,51.0632,-1.308,1,,4,,,,,,,,,,,,
1967,Alabama Song (Whisky Bar),The Doors,"Alabama, United States, North America",State/Region,Direct,32.806,-86.791,,,,7797,,,,,,,,,,,
1967,Birds of Britain,The Bob Crewe Generation,"United Kingdom, Europe",Country,Direct,51.5085,-0.1257,89,,,,,,,,,,,,,,
1967,Boogaloo Down Broadway,The Fantastic Johnny C,"Broadway, New York, New York, United States, North America",Street/Landmark,Direct,40.759,-73.9845,7,,,8722,,,,,,,,,,,
1967,Bowling Green,The Everly Brothers,"Bowling Green, Kentucky, United States, North America",City,Direct,36.9709,-86.4385,40,,,,,,,,,,,,,,
1967,By the Time I Get to Phoenix,Glen Campbell and Anne Murray,"Phoenix, Arizona, United States, North America",City,Direct,33.5722,-112.088,26,,,1785,,,Y,,,,,,,,
1967,California Nights,Lesley Gore,"California, United States, North America",State/Region,Direct,36.116,-119.682,16,61,,,,,,,,,,,,,
1967,Chattanooga Choo Choo,Harpers Bizarre,"Chattanooga, Tennessee, United States, North America",City,Direct,35.0456,-85.3097,45,,,,,,,,,,,,,,
1967,Chelsea Girls,Nico,"Chelsea, New York, New York, United States, North America",Neighborhood/District,Direct,40.7465,-74.0014,,,,4938,,,,,,,,,,,
1967,Detroit City,Tom Jones,"Detroit, Michigan, United States, North America",City,Direct,42.383,-83.1022,27,,8,,,,,,,,,,,,
1967,Funky Broadway,Wilson Pickett,"Broadway, New York, New York, United States, North America",Street/Landmark,Direct,40.759,-73.9845,8,73,43,5580,,,,,,,,,,,
1967,Funky Broadway,Dyke And The Blazers,"Broadway, New York, New York, United States, North America",Street/Landmark,Direct,40.759,-73.9845,65,,,9484,,,,,,,,,,,
1967,Georgia Pines,The Candymen,"Georgia, United States, North America",State/Region,Direct,33.04,-83.643,81,,,,,,,,,,,,,,
1967,Jackson,Johnny Cash,"Jackson, Mississippi, United States, North America",City,Direct,32.3158,-90.2128,,,,6701,,,,,,,,,,y,
1967,Jackson,Nancy Sinatra and Lee Hazlewood,"Jackson, Mississippi, United States, North America",City,Direct,32.3158,-90.2128,14,,11,,,,,,,,,,,,
1967,Kansas City,James Brown And The Famous Flames,"Kansas City, Missouri, United States, North America",City,Direct,39.1252,-94.5511,55,,,,,,,,,,,,,,
1967,Kentucky Woman,Neil Diamond,"Kentucky, United States, North America",State/Region,Direct,37.668,-84.67,22,,,,,,,,,,,,,,
1967,Les Loups Sont Entrés Dans Paris,Serge Reggiani,"Paris, France, Europe",City,Direct,48.8534,2.3488,,,,7535,,,,,,,,,,,
1967,Let's Go to San Francisco,The Flowerpot Men,"San Francisco, California, United States, North America",City,Direct,37.78,-122.4193,,,4,,,,,,,,,,,,
1967,Louisiana Man,The Pozo Seco Singers,"Louisiana, United States, North America",State/Region,Direct,31.169,-91.867,97,,,,,,,,,,,,,,
1967,Massachusetts,Bee Gees,"Massachusetts, United States, North America",State/Region,Direct,42.23,-71.53,11,,1,3613,,,,,,,,,,,
1967,Memphis Soul Stew,King Curtis,"Memphis, Tennessee, United States, North America",City,Direct,35.1035,-89.9785,33,,,8352,,,,,,,,,,,
1967,Monterey,Eric Burdon and The Animals,"Monterey, California, United States, North America",City,Direct,36.6002,-121.8947,15,,,,,,,,,,,,,,
1967,New York Mining Disaster 1941,Bee Gees,"New York, United States, North America",State/Region,Direct,43,-76,14,,12,5131,,,,,,,,,,,
1967,Next Plane to London,The Rose Garden,"London, England, United Kingdom, Europe",City,Direct,51.5085,-0.1257,17,,,,,,,,,,,,,,
1967,O Toulouse,Claude Nougaro,"Toulouse, France, Europe",City,Direct,43.60426,1.44367,,,,7687,,,,,,,,,,,
1967,Okolona River Bottom Band,Bobbie Gentry,"Okolona, Mississippi, United States, North America",City,Direct,34.0059,-88.7508,54,,,,,,,,,,,,,,
1967,Omaha,Moby Grape,"Omaha, Nebraska, United States, North America",City,Direct,41.2647,-96.0419,88,,,2986,,,,,,,Y,,,,
1967,Penny Lane,The Beatles,"Penny Lane, Liverpool, England, United Kingdom, Europe",Street/Landmark,Direct,53.3944,-2.9186,1,55,2,220,,,Y,,,,,280,,y,
1967,Postcard from Jamaica,"The Sopwith ""Camel""","Jamaica, North America",Country,Direct,17.997,-76.7936,88,,,,,,,,,,,,,,
1967,San Francisco (Be Sure to Wear Flowers in Your Hair),Scott McKenzie,"San Francisco, California, United States, North America",City,Direct,37.78,-122.4193,4,48,1,2382,,,,,,,,,,y,
1967,Sudbury Saturday Night,Stompin' Tom Connors,"Sudbury, Ontario, Canada, North America",City,Direct,52.0389,0.73117,,,,9464,,,,,,,,,,,
1967,The Lady Came from Baltimore,Bobby Darin,"Baltimore, Maryland, United States, North America",City,Direct,39.3002,-76.6105,62,,,,,,,,,,,,,,
1967,Tonight in Tokyo,Sandie Shaw,"Tokyo, Japan, Asia",City,Direct,35.6895,139.6917,,,21,,,,,,,,,,,,
1967,Waterloo Sunset,The Kinks,"London Waterloo, Lambeth, London, England, United Kingdom, Europe",Street/Landmark,Direct,51.5031,-0.1132,,,2,49,,,,,,,Y,14,,,
1968,America,Simon & Garfunkel,"United States, North America",Country,Direct,38.8951,-77.0364,97,,25,754,,,,,,,,,,y,
1968,America,The Nice,"United States, North America",Country,Direct,38.8951,-77.0364,,,21,,,,,,,,,,,,
1968,America Is My Home - Pt. 1,James Brown And The Famous Flames,"United States, North America",Country,Direct,38.8951,-77.0364,52,,,,,,,,,,,,,,
1968,American Boys,Petula Clark,"United States, North America",Country,Demonym,38.8951,-77.0364,59,,,,,,,,,,,,,,
1968,Back in the USSR,The Beatles,"Soviet Union, Europe",Country,Nickname,55.7558,37.6173,,,19,2470,,,,,,,,,,,
1968,Barefoot in Baltimore,Strawberry Alarm Clock,"Baltimore, Maryland, United States, North America",City,Direct,39.3002,-76.6105,67,,,,,,,,,,,,,,
1968,Battle of New Orleans,Harpers Bizarre,"New Orleans, Louisiana, United States, North America",City,Direct,30.0686,-89.939,95,,,,,,,,,,,,,,
1968,Brooklyn Roads,Neil Diamond,"Brooklyn, New York, New York, United States, North America",Neighborhood/District,Direct,40.6782,-73.9442,58,,,,,,,,,,,,,,
1968,California Dreamin',Bobby Womack,"California, United States, North America",State/Region,Direct,36.116,-119.682,43,,59,,,,,,,,,,,y,
1968,California Earthquake,Mama Cass,"California, United States, North America",State/Region,Direct,36.116,-119.682,67,,,,,,,,,,,,,,
1968,California Soul,The 5th Dimension,"California, United States, North America",State/Region,Direct,36.116,-119.682,25,,,,,,,,,,,,,,
1968,Carolina in My Mind,James Taylor,"The Carolinas, United States, North America",State/Region,Direct,34.8,-79.5,67,,,6808,,,,,,,,,,y,
1968,Cyprus Avenue,Van Morrison,"Cyprus Avenue, Belfast, Northern Ireland, United Kingdom, Europe",Street/Landmark,Direct,54.6,-5.87,,,,2902,,,,,,,,,,,
1968,Do You Know the Way to San Jose,Dionne Warwick,"San Jose, California, United States, North America",City,Direct,37.2969,-121.8193,10,88,8,2235,,,,,,,,,,,
1968,Funky North Philly,Bill Cosby,"Philadelphia, Pennsylvania, United States, North America",City,Nickname,40.0094,-75.1333,91,,,,,,,,,,,,,,
1968,Georgia on My Mind,Wes Montgomery,"Georgia, United States, North America",State/Region,Direct,33.04,-83.643,91,,,,,,,,,,,,,,
1968,Golden Gate Park,Rejoice!,"Golden Gate, San Francisco, California, United States, North America",Street/Landmark,Direct,37.8199,-122.4783,96,,,,,,,,,,,,,,
1968,"Il est cinq heures, Paris s'éveille",Jacques Dutronc,"Paris, France, Europe",City,Direct,48.8534,2.3488,,,,4219,,,,,,,,,,,
1968,Kentucky Woman,Deep Purple,"Kentucky, United States, North America",State/Region,Direct,37.668,-84.67,38,,,,,,,,,,,,,,
1968,Last Night in Soho,"Dave Dee, Dozy, Beaky, Mick and Tich","Soho, London, England, United Kingdom, Europe",Neighborhood/District,Direct,51.5137,-0.1341,,,8,,,,,,,,,,,,
1968,Living in the U.S.A.,The Steve Miller Band,"United States, North America",Country,Direct,38.8951,-77.0364,49,,,,,,,,,,,,,,
1968,Louisiana Man,Bobbie Gentry,"Louisiana, United States, North America",State/Region,Direct,31.169,-91.867,100,,,,,,,,,,,,,,
1968,MacArthur Park,Richard Harris,"MacArthur Park, Los Angeles, California, United States, North America",Street/Landmark,Direct,34.0592,-118.2786,2,51,4,1504,,,,,,,,,,,
1968,Mexico,Long John Baldry,"Mexico, North America",Country,Direct,19.4285,-99.1277,,,15,,,,,,,,,,,,
1968,Motor City Is Burning,John Lee Hooker,"Detroit, Michigan, United States, North America",City,Nickname,42.383,-83.1022,,,,9132,,,,,,,,,,,
1968,New Orleans,Neil Diamond,"New Orleans, Louisiana, United States, North America",City,Direct,30.0686,-89.939,51,,,,,,,,,,,,,,
1968,San Francisco Girls (Return of the Native),Fever Tree,"San Francisco, California, United States, North America",City,Direct,37.78,-122.4193,91,,,,,,,,,,,,,,
1968,Scarborough Fair,Sergio Mendes & Brasil '66,"Scarborough, England, United Kingdom, Europe",City,Direct,54.2797,-0.4044,16,,,,,,,,,,,,,,
1968,Springfield Plane,Kenny O'Dell,"Springfield, Missouri, United States, North America",City,Direct,37.1942,-93.2913,94,,,,,,,,,,,,,,
1968,The Eyes of a New York Woman,B.J. Thomas,"New York, New York, United States, North America",City,Direct,40.6643,-73.9385,28,,,,,,,,,,,,,,
1968,What's Made Milwaukee Famous (Has Made a Loser out of Me),Jerry Lee Lewis,"Milwaukee, Wisconsin, United States, North America",City,Direct,43.0633,-87.9667,94,,,,,,,,,,,,,,
1968,Wichita Lineman,Glen Campbell,"Wichita, Kansas, United States, North America",City,Direct,37.6907,-97.3427,3,,7,242,,,Y,Y,,,,206,,,
1969,Arizona,Mark Lindsay,"Arizona, United States, North America",State/Region,Direct,33.729,-111.431,10,66,,,,,,,,,,,,,
1969,Big in Vegas,Buck Owens and The Buckaroos,"Las Vegas, Nevada, United States, North America",City,Nickname,36.2277,-115.264,100,,,,,,,,,,,,,,
1969,Born on the Bayou,Creedence Clearwater Revival,"Louisiana Bayou, Louisiana, United States, North America",Water/Natural Feature,Direct,29.9,-91.3,,,,3096,,,,,,,,,,y,
1969,Brown Arms in Houston,Orpheus,"Houston, Texas, United States, North America",City,Direct,29.7805,-95.3863,91,,,,,,,,,,,,,,
1969,By the Time I Get to Phoenix,Isaac Hayes,"Phoenix, Arizona, United States, North America",City,Direct,33.5722,-112.088,37,,,4791,,,,,,,,,,,
1969,By the Time I Get to Phoenix,The Mad Lads,"Phoenix, Arizona, United States, North America",City,Direct,33.5722,-112.088,84,,,,,,,,,,,,,,
1969,California Girl (And the Tennessee Square),Tompall and The Glaser Brothers,"California, United States, North America",State/Region,Direct,36.116,-119.682,92,,,,,,,,,,,,,,
1969,California Girl (And the Tennessee Square),Tompall and The Glaser Brothers,"Tennessee, United States, North America",State/Region,Direct,35.747,-86.692,92,,,,,,,,,,,,,,
1969,California Soul,Marlena Shaw,"California, United States, North America",State/Region,Direct,36.116,-119.682,,,,,,,,,,,,,,y,
1969,Chelsea Morning,Judy Collins,"Chelsea, New York, New York, United States, North America",Neighborhood/District,Direct,40.7465,-74.0014,78,,,,,,,,,,,,,,
1969,Cherry Hill Park,Billy Joe Royal,"Cherry Hill, New Jersey, United States, North America",City,Direct,39.9348,-75.0307,15,,,,,,,,,,,,,,
1969,China Cat Sunflower,Grateful Dead,"China, Asia",Country,Direct,39.9075,116.3972,,,,8132,,,,,,,,,,,
1969,Echo Park,Keith Barbour,"Echo Park, Los Angeles, California, United States, North America",Neighborhood/District,Direct,34.0782,-118.2606,40,,,,,,,,,,,,,,
1969,Galveston,Glen Campbell,"Galveston, Texas, United States, North America",City,Direct,29.1833,-94.9698,4,59,14,2350,,,,,,,,,,,
1969,Galveston,Roger Williams,"Galveston, Texas, United States, North America",City,Direct,29.1833,-94.9698,99,,,,,,,,,,,,,,
1969,Goodbye Columbus,The Association,"Columbus, Ohio, United States, North America",City,Direct,39.9848,-82.985,80,,,,,,,,,,,,,,
1969,Hawaii Five-O,The Ventures,"Hawaii, United States, North America",State/Region,Direct,21.094,-157.498,4,58,,8064,,,,,,,,,,,
1969,I Guess the Lord Must Be in New York City,Nilsson,"New York, New York, United States, North America",City,Direct,40.6643,-73.9385,34,,,,,,,,,,,,,,
1969,Idaho,Frankie Valli and the 4 Seasons,"Idaho, United States, North America",State/Region,Direct,44.24,-114.478,95,,,,,,,,,,,,,,
1969,Lodi,Al Wilson,"Lodi, California, United States, North America",City,Direct,38.1216,-121.2908,67,,,,,,,,,,,,,,
1969,Lodi,Creedence Clearwater Revival,"Lodi, California, United States, North America",City,Direct,38.1216,-121.2908,52,,,,,,,,,,,,,y,
1969,MacArthur Park,Waylon Jennings and The Kimberlys,"MacArthur Park, Los Angeles, California, United States, North America",Street/Landmark,Direct,34.0592,-118.2786,93,,,,,,,,,,,,,,
1969,Marrakesh Express,"Crosby, Stills & Nash","Marrakesh, Morocco, Africa",City,Direct,31.6342,-7.9999,28,,17,5054,,,,,,,,,,,
1969,Memphis Train,Buddy Miles Express,"Memphis, Tennessee, United States, North America",City,Direct,35.1035,-89.9785,100,,,,,,,,,,,,,,
1969,Memphis Underground,Herbie Mann,"Memphis, Tennessee, United States, North America",City,Direct,35.1035,-89.9785,44,,,,,,,,,,,,,,
1969,Moonlight on Vermont,Captain Beefheart,"Vermont, United States, North America",State/Region,Direct,44.08,-72.71,,,,2690,,,,,,,,,,,
1969,Muddy Mississippi Line,Bobby Goldsboro,"Mississippi, United States, North America",State/Region,Direct,32.741,-89.678,53,,,,,,,,,,,,,,
1969,Okie from Muskogee,Merle Haggard And The Strangers,"Muskogee, Oklahoma, United States, North America",City,Direct,35.7479,-95.3697,41,,,3772,,,,,,,,,,,
1969,Rainy Night in Georgia,Brook Benton,"Georgia, United States, North America",State/Region,Direct,33.04,-83.643,4,37,,2603,,,,,,,,,,,
1969,San Francisco Is a Lonely Town,Joe Simon,"San Francisco, California, United States, North America",City,Direct,37.78,-122.4193,79,,,,,,,,,,,,,,
1969,Seattle,Perry Como,"Seattle, Washington, United States, North America",City,Direct,47.6205,-122.3509,38,,,,,,,,,,,,,,
1969,Sin City,The Flying Burrito Brothers,"Los Angeles, California, United States, North America",City,Direct,34.0194,-118.4108,,,,1395,,,,,,,Y,,,,
1969,St. Louis,The Easybeats,"St. Louis, Missouri, United States, North America",City,Direct,38.6357,-90.2446,100,,,,,,,,,,,,,,
1969,Streets of London,Ralph McTell and Crisis Chr and Lennox,"London, England, United Kingdom, Europe",City,Direct,51.5085,-0.1257,,,2,8998,,,,,,,,,,,
1969,The Night They Drove Old Dixie Down,The Band,"American South, United States, North America",Continent/Region,Nickname,33,-86,,,,565,,,,,,,Y,,Y,,
1969,To Susan on the West Coast Waiting,Donovan,"West Coast, United States, North America",Continent/Region,Direct,40,-122,35,,,,,,,,,,,,,,
1969,Wichita Lineman,Sergio Mendes & Brasil '66,"Wichita, Kansas, United States, North America",City,Direct,37.6907,-97.3427,95,,,,,,,,,,,,,,
1970,America,The Five Stairsteps,"United States, North America",Country,Direct,38.8951,-77.0364,83,,,,,,,,,,,,,,
1970,"America, Communicate with Me",Ray Stevens,"United States, North America",Country,Direct,38.8951,-77.0364,45,,,,,,,,,,,,,,
1970,American Woman,The Guess Who,"United States, North America",Country,Demonym,38.8951,-77.0364,1,3,,1274,,,,,,,,,,y,
1970,Belfast Boy,Don Fardon,"Belfast, Northern Ireland, United Kingdom, Europe",City,Direct,54.59682,-5.92541,,,32,,,,,,,,,,,,
1970,Brighton Hill,Jackie DeShannon,"Brighton, England, United Kingdom, Europe",City,Direct,50.8284,-0.1395,82,,,,,,,,,,,,,,
1970,California Girl,Eddie Floyd,"California, United States, North America",State/Region,Direct,36.116,-119.682,45,,,,,,,,,,,,,,
1970,California Soul,Marvin Gaye and Tammi Terrell,"California, United States, North America",State/Region,Direct,36.116,-119.682,50,,,,,,,,,,,,,,
1970,Carolina in My Mind,Crystal Mansion ft. Johnny Caswell,"The Carolinas, United States, North America",State/Region,Direct,34.8,-79.5,73,,,,,,,,,,,,,,
1970,Chelsea,Stamford Bridge,"Fulham, London, England, United Kingdom, Europe",Street/Landmark,Direct,51.4816,-0.1949,,,47,,,,,,,,,,,,
1970,Georgia Took Her Back,R.B. Greaves,"Georgia, United States, North America",State/Region,Direct,33.04,-83.643,88,,,,,,,,,,,,,,
1970,"Greenwood, Mississippi",Little Richard,"Mississippi, United States, North America",State/Region,Direct,32.741,-89.678,85,,,,,,,,,,,,,,
1970,Indiana Wants Me,R. Dean Taylor,"Indiana, United States, North America",State/Region,Direct,39.849,-86.258,5,54,2,,,,,,,,,,,,
1970,Jerusalem,Herb Alpert's Tijuana Brass,"Jerusalem, Israel, Asia",City,Direct,31.769,35.2163,74,,42,,,,,,,,,,,,
1970,Kentucky Rain,Elvis Presley,"Kentucky, United States, North America",State/Region,Direct,37.668,-84.67,16,,21,6068,,,,,,,,,,,
1970,Miss America,Mark Lindsay,"United States, North America",Country,Direct,38.8951,-77.0364,44,,,,,,,,,,,,,,
1970,Mississippi,John Phillips,"Mississippi, United States, North America",State/Region,Direct,32.741,-89.678,32,,,,,,,,,,,,,,
1970,Mississippi Mama,Owen B.,"Mississippi, United States, North America",State/Region,Direct,32.741,-89.678,97,,,,,,,,,,,,,,
1970,Mississippi Queen,Mountain,"Mississippi, United States, North America",State/Region,Direct,32.741,-89.678,21,78,,3517,,,,,,,,,,y,
1970,Montego Bay,Bobby Bloom,"Montego Bay, Jamaica, North America",City,Direct,18.4712,-77.9188,8,,3,,,,,,,,,,,,
1970,Montego Bay,Freddie Notes and the Rudies,"Montego Bay, Jamaica, North America",City,Direct,18.4712,-77.9188,,,45,,,,,,,,,,,,
1970,Ohio,"Crosby, Stills, Nash & Young","Ohio, United States, North America",State/Region,Direct,40.388,-82.764,14,,,395,,,Y,,,,Y,,,y,
1970,Rock Island Line,Johnny Cash,"Rock Island, Illinois, United States, North America",City,Direct,41.473,-90.5852,93,,,,,,,,,,,,,,
1970,Soolaimón (African Trilogy II),Neil Diamond,Africa,Continent/Region,Demonym,1.6508,17.6791,30,,,,,,,,,,,,,,
1970,Spanish Key,Miles Davis,"Spain, Europe",Country,Demonym,40.4165,-3.7026,,,,8587,,,,,,,,,,,
1970,Sunset Strip,Ray Stevens,"Sunset Strip, Los Angeles, California, United States, North America",Street/Landmark,Direct,34.09,-118.385,81,,,,,,,,,,,,,,
1970,Tennessee Bird Walk,Jack Blanchard and Misty Morgan,"Tennessee, United States, North America",State/Region,Direct,35.747,-86.692,23,,,,,,,,,,,,,,
1970,The Lights of Tucson,Jim Campbell,"Tucson, Arizona, United States, North America",City,Direct,32.1543,-110.8711,93,,,,,,,,,,,,,,
1970,The Only Living Boy in New York,Simon & Garfunkel,"New York, New York, United States, North America",City,Direct,40.6643,-73.9385,,,,3484,,,,,,,,,,y,
1970,Vietnam,Jimmy Cliff,"Vietnam, Asia",Country,Direct,21.0245,105.84117,,,46,,,,,,,,,,,,
1970,Woodstock,"Crosby, Stills, Nash & Young","Woodstock, New York, United States, North America",City,Direct,42.0409,-74.1182,11,94,,2256,,,,,,,,,,,
1970,Woodstock,Joni Mitchell,"Woodstock, New York, United States, North America",City,Direct,42.0409,-74.1182,,,,2578,,,,,,,,,,,
1970,Woodstock,Matthews Southern Comfort,"Woodstock, New York, United States, North America",City,Direct,42.0409,-74.1182,23,79,1,,,,,,,,,,,,
1970,Woodstock,The Assembled Multitude,"Woodstock, New York, United States, North America",City,Direct,42.0409,-74.1182,79,,,,,,,,,,,,,,
1970,"You, Me and Mexico",Edward Bear,"Mexico, North America",Country,Direct,19.4285,-99.1277,68,,,,,,,,,,,,,,
1971,1927 Kansas City,Mike Reilly,"Kansas City, Missouri, United States, North America",City,Direct,39.1252,-94.5511,88,,,,,,,,,,,,,,
1971,American Pie,Don McLean,"United States, North America",Country,Demonym,38.8951,-77.0364,1,3,2,380,,,Y,Y,,5,Y,,,y,
1971,An American Trilogy,Mickey Newbury,"United States, North America",Country,Demonym,38.8951,-77.0364,26,,42,,,,,,,,,,,,
1971,Angel from Montgomery,Bonnie Raitt,"Montgomery, Alabama, United States, North America",City,Direct,32.36681,-86.29997,,,,4262,,,,,,,,,Y,,
1971,Angel from Montgomery,John Prine,"Montgomery, Alabama, United States, North America",City,Direct,32.36681,-86.29997,,,,,,,,,,,,350,,,
1971,Banks of the Ohio,Olivia Newton-John,"Ohio, United States, North America",State/Region,Direct,40.388,-82.764,94,,6,,,,,,,,,,,,
1971,Brownsville,Joy of Cooking,"Brownsville, Texas, United States, North America",City,Direct,26.0183,-97.4538,66,,,,,,,,,,,,,,
1971,Burundi Black,Burundi Steiphenson Black,"Burundi, Africa",Country,Direct,-3.42708,29.92463,,,31,,,,,,,,,,,,
1971,California,Joni Mitchell,"California, United States, North America",State/Region,Direct,36.116,-119.682,,,,7509,,,,,,,,,,y,
1971,California Earthquake,Norman Greenbaum,"California, United States, North America",State/Region,Direct,36.116,-119.682,93,,,,,,,,,,,,,,
1971,California Kid and Reemo,Lobo,"California, United States, North America",State/Region,Direct,36.116,-119.682,72,,,,,,,,,,,,,,
1971,California on My Mind,Morning Mist,"California, United States, North America",State/Region,Direct,36.116,-119.682,96,,,,,,,,,,,,,,
1971,Carolina Day,Livingston Taylor,"The Carolinas, United States, North America",State/Region,Direct,34.8,-79.5,93,,,,,,,,,,,,,,
1971,Chicago,Graham Nash,"Chicago, Illinois, United States, North America",City,Direct,41.8376,-87.6818,35,,,,,,,,,,,,,,
1971,City of New Orleans,Steve Goodman,"New Orleans, Louisiana, United States, North America",City,Direct,30.0686,-89.939,,,,9212,,,,,,,,,,,
1971,Funky Nassau,The Beginning of the End,"Nassau, Bahamas, North America",City,Direct,25.0582,-77.3431,15,75,31,,,,,,,,,,,,
1971,Going to California,Led Zeppelin,"California, United States, North America",State/Region,Direct,36.116,-119.682,,,,4422,,,,,,,,,,y,
1971,Harlem,Bill Withers,"Harlem, New York, New York, United States, North America",Neighborhood/District,Direct,40.8116,-73.9465,,,98,6600,,,,,,,,,,,
1971,Hey America,James Brown,"United States, North America",Country,Direct,38.8951,-77.0364,,,47,,,,,,,,,,,,
1971,Is This the Way to Amarillo,Tony Christie ft. Peter Kay,"Amarillo, Texas, United States, North America",City,Direct,35.222,-101.8313,,,1,,,,,,,,,,,,
1971,L.A. Goodbye,The Ides Of March,"Los Angeles, California, United States, North America",City,Nickname,34.0194,-118.4108,73,,,,,,,,,,,,,,
1971,L.A. International Airport,Susan Raye,"Los Angeles, California, United States, North America",City,Nickname,34.0194,-118.4108,54,,,,,,,,,,,,,,
1971,L.A. Woman,The Doors,"Los Angeles, California, United States, North America",City,Direct,34.0194,-118.4108,,,,878,,,,,,,,,,y,
1971,Las Vegas,Tony Christie,"Las Vegas, Nevada, United States, North America",City,Direct,36.2277,-115.264,,,21,,,,,,,,,,,,
1971,MacArthur Park (Part II),Four Tops,"MacArthur Park, Los Angeles, California, United States, North America",Street/Landmark,Direct,34.0592,-118.2786,38,,,,,,,,,,,,,,
1971,Nevada Fighter,Michael Nesmith and The First National Band,"Nevada, United States, North America",State/Region,Direct,38.313,-117.055,70,,,,,,,,,,,,,,
1971,Never Been to Spain,Three Dog Night,"Spain, Europe",Country,Direct,40.4165,-3.7026,5,73,,,,,,,,,,,,,
1971,San Francisco,Maxime le Forestier,"San Francisco, California, United States, North America",City,Direct,37.78,-122.4193,,,,6007,,,,,,,,,,,
1971,Spanish Harlem,Aretha Franklin,"East Harlem, New York, New York, United States, North America",Neighborhood/District,Direct,40.7957,-73.9389,2,49,14,7348,,,,,,,,,,,
1971,Statesboro Blues,The Allman Brothers Band,"Statesboro, Georgia, United States, North America",City,Direct,32.44879,-81.78317,,,,5984,,,,,,,,,,,
1971,The Night They Drove Old Dixie Down,Joan Baez,"American South, United States, North America",Continent/Region,Nickname,33,-86,3,20,6,,,,,,,,,,,,
1971,The Witch Queen of New Orleans,Redbone,"New Orleans, Louisiana, United States, North America",City,Direct,30.0686,-89.939,21,81,2,,,,,,,,,,,,
1971,Tulsa,Billy Joe Royal,"Tulsa, Oklahoma, United States, North America",City,Direct,36.1279,-95.9023,86,,,,,,,,,,,,,,
1971,Tupelo Honey,Van Morrison,"Tupelo, Mississippi, United States, North America",City,Direct,34.2576,-88.7034,47,,,5466,,,,,,,,,,,
1972,Alabama Wild Man,Jerry Reed,"Alabama, United States, North America",State/Region,Direct,32.806,-86.791,62,,,,,,,,,,,,,,
1972,America,Yes,"United States, North America",Country,Direct,38.8951,-77.0364,46,,,,,,,,,,,,,,
1972,America the Beautiful,Ray Charles,"United States, North America",Country,Direct,38.8951,-77.0364,,,,8558,,,Y,,,,,,,,
1972,American City Suite,Cashman & West,"United States, North America",Country,Demonym,38.8951,-77.0364,27,,,,,,,,,,,,,,
1972,An American Trilogy,Elvis Presley,"United States, North America",Country,Demonym,38.8951,-77.0364,66,,8,6674,,,,,,,,,,,
1972,California Man,The Move,"California, United States, North America",State/Region,Direct,36.116,-119.682,,,7,,,,,,,,,,,,
1972,City of New Orleans,Arlo Guthrie,"New Orleans, Louisiana, United States, North America",City,Direct,30.0686,-89.939,,45,,,,,,,,,,,,,
1972,Colorado,Danny Holien,"Colorado, United States, North America",State/Region,Direct,39.059,-105.311,66,,,,,,,,,,,,,,
1972,Dallas,Jimmie Dale and The Flatlanders,"Dallas, Texas, United States, North America",City,Direct,32.7942,-96.7655,,,,6082,,,,,,,,,,,
1972,Give Ireland Back to the Irish,Paul McCartney and Wings,"Ireland, Europe",Country,Direct,53.3331,-6.2489,21,,16,,,,,,,,,,,,
1972,Goin' Down (On the Road to L.A.),Terry Black and Laurel Ward,"Los Angeles, California, United States, North America",City,Nickname,34.0194,-118.4108,57,,,,,,,,,,,,,,
1972,It Never Rains in Southern California,Albert Hammond,"California, United States, North America",State/Region,Direct,36.116,-119.682,5,98,,7188,,,,,,,,,,y,
1972,Jambalaya (On the Bayou),The Blue Ridge Rangers,"Louisiana Bayou, Louisiana, United States, North America",Water/Natural Feature,Direct,29.9,-91.3,16,86,,,,,,,,,,,,,
1972,Jambalaya (On the Bayou),The Nitty Gritty Dirt Band,"Louisiana Bayou, Louisiana, United States, North America",Water/Natural Feature,Direct,29.9,-91.3,84,,,,,,,,,,,,,,
1972,Lake Shore Drive,Aliotta Haynes Jeremiah,"Lake Shore Drive, Chicago, Illinois, United States, North America",Street/Landmark,Direct,41.9,-87.62,,,,,,,,,,,,,,y,
1972,Leeds United,Leeds United F.C.,"Leeds, England, United Kingdom, Europe",City,Direct,53.79648,-1.54785,,,10,,,,,,,,,,,,
1972,Long Haired Lover from Liverpool,Little Jimmy Osmond,"Liverpool, England, United Kingdom, Europe",City,Direct,53.4106,-2.9779,38,,1,,,,,,,,,,,,
1972,Made in Japan,Buck Owens,"Japan, Asia",Country,Direct,35.6895,139.6917,,,,,,,,,,,,,,y,
1972,New Orleans,Harley Quinne,"New Orleans, Louisiana, United States, North America",City,Direct,30.0686,-89.939,,,19,,,,,,,,,,,,
1972,Rocky Mountain High,John Denver,"Rocky Mountains, North America",Water/Natural Feature,Direct,43.7,-110.6,9,29,,6911,,,,,,,,,,y,
1972,Runnin' Back to Saskatoon,The Guess Who,"Saskatoon, Saskatchewan, Canada, North America",City,Direct,52.1324,-106.6689,96,,,,,,,,,,,,,,
1972,Sacramento,Middle of the Road,"Sacramento, California, United States, North America",City,Direct,38.58157,-121.4944,,,23,,,,,,,,,,,,
1972,So Long Dixie,"Blood, Sweat & Tears","American South, United States, North America",Continent/Region,Nickname,33,-86,44,,,,,,,,,,,,,,
1972,Sweet Virginia,The Rolling Stones,"Virginia, United States, North America",State/Region,Direct,37.769,-78.17,,,,5258,,,,,,,,,,,
1972,Taos New Mexico,R. Dean Taylor,"Taos, New Mexico, United States, North America",City,Direct,36.3868,-105.5803,83,,,,,,,,,,,,,,
1972,The City of New Orleans,Arlo Guthrie,"New Orleans, Louisiana, United States, North America",City,Direct,30.0686,-89.939,18,,,4538,,,Y,,,,,,,,
1972,The Happiest Girl in the Whole U.S.A.,Donna Fargo,"United States, North America",Country,Direct,38.8951,-77.0364,11,55,,,,,,,,,,,,,
1972,The Young New Mexican Puppeteer,Tom Jones,"New Mexico, United States, North America",State/Region,Demonym,34.84,-106.248,80,,,,,,,,,,,,,,
1972,Ventura Highway,America,"Ventura, California, United States, North America",City,Direct,34.2729,-119.2573,8,,43,7893,,,,,,,,,,y,
1972,Virginia Plain,Roxy Music,"Virginia, United States, North America",State/Region,Direct,37.769,-78.17,,,4,,,,,,,,,,,,
1972,Walkin' Back to Georgia,Jim Croce,"Georgia, United States, North America",State/Region,Direct,33.04,-83.643,,,,,,,,,,,,,,y,
1972,What Made Milwaukee Famous (Has Made a Loser out of Me),Rod Stewart,"Milwaukee, Wisconsin, United States, North America",City,Direct,43.0633,-87.9667,,,4,,,,,,,,,,,,
1972,Young New Mexican Puppeteer,Tom Jones,"Mexico, North America",Country,Demonym,19.4285,-99.1277,,,6,,,,,,,,,,,,
1973,"4th of July, Asbury Park (Sandy)",Bruce Springsteen,"Asbury Park, New Jersey, United States, North America",City,Direct,40.22039,-74.01208,,,,2135,,,,,,,,,,,
1973,A Song for Europe,Roxy Music,Europe,Continent/Region,Direct,54.526,15.2551,,,,3159,,,,,,,,,,,
1973,All the Way from Memphis,Mott the Hoople,"Memphis, Tennessee, United States, North America",City,Direct,35.1035,-89.9785,,,10,3661,,,,,,,,,,,
1973,American Tune,Paul Simon,"United States, North America",Country,Demonym,38.8951,-77.0364,35,,,9632,,,,,,,,262,,,
1973,Berlin,Lou Reed,"Berlin, Germany, Europe",City,Direct,52.5244,13.4105,,,,6944,,,,,,,,,,,
1973,California Saga,The Beach Boys,"California, United States, North America",State/Region,Direct,36.116,-119.682,84,,37,,,,,,,,,,,,
1973,Childs Christmas in Wales,John Cale,"Wales, United Kingdom, Europe",Country,Direct,51.4816,-3.1791,,,,7769,,,,,,,,,,,
1973,China Grove,The Doobie Brothers,"China Grove, Texas, United States, North America",City,Direct,29.3902,-98.3453,15,,,,,,,,,,,,,,
1973,Down and out in New York City,James Brown,"New York, New York, United States, North America",City,Direct,40.6643,-73.9385,50,,,,,,,,,,,,,,
1973,Funky Kingston,Toots and the Maytals,"Kingston, Jamaica, North America",City,Direct,17.99702,-76.79358,,,,2969,,,,,,,,,,,
1973,Hollywood Swinging,Kool & The Gang,"Hollywood, California, United States, North America",Neighborhood/District,Direct,34.0928,-118.3287,6,59,,8795,,,,,,,,,,,
1973,L.A. Freeway,Jerry Jeff Walker,"Los Angeles, California, United States, North America",City,Nickname,34.0194,-118.4108,98,,,9733,,,,,,,,,,,
1973,La Grange,ZZ Top,"La Grange, Texas, United States, North America",City,Direct,29.9126,-96.8763,41,,,801,,,,,,,Y,,,y,
1973,Last Tango in Paris,Herb Alpert's Tijuana Brass,"Paris, France, Europe",City,Direct,48.8534,2.3488,77,,,,,,,,,,,,,,
1973,Midnight Train to Georgia,Gladys Knight and the Pips,"Georgia, United States, North America",State/Region,Direct,33.04,-83.643,1,49,10,440,,,Y,,,28,,470,,y,
1973,New York City Serenade,Bruce Springsteen,"New York, New York, United States, North America",City,Direct,40.6643,-73.9385,,,,6649,,,,,,,,,,,
1973,Panic in Detroit,David Bowie,"Detroit, Michigan, United States, North America",City,Direct,42.383,-83.1022,,,,5262,,,,,,,,,,,
1973,Paris 1919,John Cale,"Paris, France, Europe",City,Direct,48.8534,2.3488,,,,1963,,,,,,,,,,,
1973,Ridin' My Thumb to Mexico,Johnny Rodriguez,"Mexico, North America",Country,Direct,19.4285,-99.1277,70,,,,,,,,,,,,,,
1973,Rocky Mountain Way,Joe Walsh,"Rocky Mountains, North America",Water/Natural Feature,Direct,43.7,-110.6,23,,39,6158,,,,,,,,,,,
1973,Spain,Chick Corea and Return to Forever,"Spain, Europe",Country,Direct,40.4165,-3.7026,,,,5064,,,,,,,,,,,
1973,The Boston Rag,Steely Dan,"Boston, Massachusetts, United States, North America",City,Direct,42.332,-71.0202,,,,7702,,,,,,,,,,,
1973,The Night the Lights Went out in Georgia,Vicki Lawrence,"Georgia, United States, North America",State/Region,Direct,33.04,-83.643,1,11,,8784,,,,,,,,,,,
1973,TSOP (The Sound of Philadelphia),MFSB and The Three Degrees,"Philadelphia, Pennsylvania, United States, North America",City,Direct,40.0094,-75.1333,1,7,22,3321,,,,,,,,,,,
1973,We're an American Band,Grand Funk,"United States, North America",Country,Demonym,38.8951,-77.0364,1,23,,1425,,,,,,,Y,,,,
1973,West Coast Woman,Painter,"West Coast, United States, North America",Continent/Region,Direct,40,-122,79,,,,,,,,,,,,,,
1973,Woman from Tokyo,Deep Purple,"Tokyo, Japan, Asia",City,Direct,35.6895,139.6917,60,,,8601,,,,,,,,,,,
1974,America,David Essex,"United States, North America",Country,Direct,38.8951,-77.0364,,,32,,,,,,,,,,,,
1974,American Girls,Rick Springfield,"United States, North America",Country,Demonym,38.8951,-77.0364,98,,,,,,,,,,,,,,
1974,Battle of New Orleans,The Nitty Gritty Dirt Band,"New Orleans, Louisiana, United States, North America",City,Direct,30.0686,-89.939,72,,,,,,,,,,,,,,
1974,California My Way,The Main Ingredient,"California, United States, North America",State/Region,Direct,36.116,-119.682,75,,,,,,,,,,,,,,
1974,Central Park Arrest,Thunderthighs,"Central Park, New York, New York, United States, North America",Street/Landmark,Direct,40.7829,-73.9654,,,30,,,,,,,,,,,,
1974,Chelsea Hotel #2,Leonard Cohen,"Chelsea, New York, New York, United States, North America",Neighborhood/District,Direct,40.7465,-74.0014,,,,1237,,,,,,,,,,,
1974,Free Man in Paris,Joni Mitchell,"Paris, France, Europe",City,Direct,48.8534,2.3488,22,,,1241,,,,,,,,,,,
1974,Georgia Porcupine,George Fischoff,"Georgia, United States, North America",State/Region,Direct,33.04,-83.643,93,,,,,,,,,,,,,,
1974,Get out of Denver,Bob Seger,"Denver, Colorado, United States, North America",City,Direct,39.7618,-104.8806,80,,,,,,,,,,,,,,
1974,Houston (I'm Comin' to See You),Glen Campbell,"Houston, Texas, United States, North America",City,Direct,29.7805,-95.3863,68,,,,,,,,,,,,,,
1974,La Complainte Du Phoque En Alaska,Beau Dommage,"Alaska, United States, North America",State/Region,Direct,61.37,-152.404,,,,8863,,,,,,,,,,,
1974,Louisiana 1927,Randy Newman,"Louisiana, United States, North America",State/Region,Direct,31.169,-91.867,,,,2769,,,,,,,,,,,
1974,Mississippi Cotton Picking Delta Town,Charley Pride,"Mississippi, United States, North America",State/Region,Direct,32.741,-89.678,70,,,,,,,,,,,,,,
1974,Philadelphia,B.B. King,"Philadelphia, Pennsylvania, United States, North America",City,Direct,40.0094,-75.1333,64,,,,,,,,,,,,,,
1974,Please Come to Boston,Dave Loggins,"Boston, Massachusetts, United States, North America",City,Direct,42.332,-71.0202,5,65,,,,,,,,,,,,,
1974,Shanghai'd in Shanghai,Nazareth,"Shanghai, China, Asia",City,Direct,31.2222,121.4581,,,41,,,,,,,,,,,,
1974,Sweet Home Alabama,Lynyrd Skynyrd,"Alabama, United States, North America",State/Region,Direct,32.806,-86.791,8,,31,332,22,,Y,,,,Y,,,y,
1974,The Americans (A Canadian's Opinion),Gordon Sinclair,"Canada, North America",Country,Demonym,45.4112,-75.6981,24,,,,,,,,,,,,,,
1974,The Lamb Lies Down on Broadway,Genesis,"Broadway, New York, New York, United States, North America",Street/Landmark,Direct,40.759,-73.9845,,,,2113,,,,,,,Y,,,,
1974,The Night Chicago Died,Paper Lace,"Chicago, Illinois, United States, North America",City,Direct,41.8376,-87.6818,1,47,3,,,,,,,,,,,,
1974,Wall Street Shuffle,10 C.C.,"Wall Street, New York, New York, United States, North America",Street/Landmark,Direct,40.7069,-74.0113,,,10,,,,,,,,,,,,
1974,Waterloo,ABBA,"Waterloo, Belgium, Europe",Street/Landmark,Direct,50.7147,4.399,6,49,1,1106,,,,,,,,,,y,
1975,30 Seconds over Tokyo,Pere Ubu,"Tokyo, Japan, Asia",City,Direct,35.6895,139.6917,,,,4752,,,,,,,,,,,
1975,99 Miles from L.A.,Albert Hammond,"Los Angeles, California, United States, North America",City,Nickname,34.0194,-118.4108,91,,,,,,,,,,,,,,
1975,Barbados,Typically Tropical,"Barbados, North America",Country,Direct,13.10732,-59.62021,,,1,,,,,,,,,,,,
1975,Boulder to Birmingham,Emmylou Harris,"Birmingham, Alabama, United States, North America",City,Direct,33.5274,-86.799,,,,3738,,,,,,,,,,,
1975,Brazil,Crispy and Company,"Brazil, South America",Country,Direct,-15.7939,-47.8828,,,26,,,,,,,,,,,,
1975,Brazil,The Ritchie Family,"Brazil, South America",Country,Direct,-15.7939,-47.8828,11,,41,,,,,,,,,,,,
1975,Caribbean Festival,Kool & The Gang,"Caribbean, North America",Continent/Region,Direct,14.5,-75,55,,,,,,,,,,,,,,
1975,Carolina in the Pines,Michael Murphey,"The Carolinas, United States, North America",State/Region,Direct,34.8,-79.5,21,,,,,,,,,,,,,,
1975,Chinese Kung Fu,Banzaii,"China, Asia",Country,Demonym,39.9075,116.3972,98,,,,,,,,,,,,,,
1975,Coney Island Baby,Lou Reed,"Coney Island, New York, New York, United States, North America",Street/Landmark,Direct,40.5755,-73.9707,,,,3117,,,,,,,,,,,
1975,Country Boy (You Got Your Feet in L.A.),Glen Campbell,"Los Angeles, California, United States, North America",City,Nickname,34.0194,-118.4108,11,100,,,,,,,,,,,,,
1975,Dixie Rock,Wet Willie,"American South, United States, North America",Continent/Region,Nickname,33,-86,96,,,,,,,,,,,,,,
1975,Hollywood Hot,The Eleventh Hour,"Hollywood, California, United States, North America",Neighborhood/District,Direct,34.0928,-118.3287,55,,,,,,,,,,,,,,
1975,It's All Down to Goodnight Vienna,Ringo Starr,"Vienna, Austria, Europe",City,Direct,48.2085,16.3721,31,,,,,,,,,,,,,,
1975,L.A. Freeway,Guy Clark,"Los Angeles, California, United States, North America",City,Direct,34.0194,-118.4108,,,,9488,,,,,,,,,,,
1975,Like They Say in L.A.,East L.A. Car Pool,"Los Angeles, California, United States, North America",City,Nickname,34.0194,-118.4108,72,,,,,,,,,,,,,,
1975,Louisiana Lou and Three Card Monty John,The Allman Brothers Band,"Louisiana, United States, North America",State/Region,Direct,31.169,-91.867,67,,,,,,,,,,,,,,
1975,Manhattan Spiritual,Mike Post,"Manhattan, New York, New York, United States, North America",Neighborhood/District,Direct,40.7831,-73.9712,56,,,,,,,,,,,,,,
1975,Mexico,James Taylor,"Mexico, North America",Country,Direct,19.4285,-99.1277,49,,,9384,,,,,,,,,,y,
1975,Minnesota,Northern Light,"Minnesota, United States, North America",State/Region,Direct,45.694,-93.9,88,,,,,,,,,,,,,,
1975,Nights on Broadway,Bee Gees,"Broadway, New York, New York, United States, North America",Street/Landmark,Direct,40.759,-73.9845,7,,,5068,,,,,,,,,,,
1975,Philadelphia Freedom,Elton John,"Philadelphia, Pennsylvania, United States, North America",City,Direct,40.0094,-75.1333,1,3,12,2299,,,,,,,,,,,
1975,Rockin' and Rollin' on the Streets of Hollywood,Buddy Miles,"Hollywood, California, United States, North America",Neighborhood/District,Direct,34.0928,-118.3287,91,,,,,,,,,,,,,,
1975,South African Man,Hamilton Bohannon,"South Africa, Africa",Country,Demonym,-25.7449,28.1878,,,22,,,,,,,,,,,,
1975,Winter in America,Gil Scott-Heron and Brian Jackson,"United States, North America",Country,Direct,38.8951,-77.0364,,,,9528,,,,,,,,,,,
1976,(Do The) Spanish Hustle,The Fatback Band,"Spain, Europe",Country,Demonym,40.4165,-3.7026,,,10,,,,,,,,,,,,
1976,American Girl,Tom Petty and the Heartbreakers,"United States, North America",Country,Demonym,38.8951,-77.0364,,,40,744,,,,,,,Y,169,,y,
1976,Anarchy in the UK,The Sex Pistols,"United Kingdom, Europe",Country,Direct,51.5085,-0.1257,,,37,19,,,,,,,Y,125,,,
1976,Another Rainy Day in New York City,Chicago,"New York, New York, United States, North America",City,Direct,40.6643,-73.9385,32,,,,,,,,,,,,,,
1976,California Day,Starland Vocal Band,"California, United States, North America",State/Region,Direct,36.116,-119.682,66,,,,,,,,,,,,,,
1976,Detroit Rock City,Kiss,"Detroit, Michigan, United States, North America",City,Direct,42.383,-83.1022,7,,,2118,,,,,,,,,,y,
1976,Don't Cry for Me Argentina,Julie Covington,"Argentina, South America",Country,Direct,-34.6131,-58.3772,,,1,,,,,,,,,,,,
1976,Haitian Divorce,Steely Dan,"Haiti, North America",Country,Demonym,18.5435,-72.3388,,,17,,,,,,,,,,,,
1976,Hotel California,Eagles,"California, United States, North America",State/Region,Direct,36.116,-119.682,1,19,8,72,52,,Y,,,,Y,311,,y,
1976,In France They Kiss on Main Street,Joni Mitchell,"France, Europe",Country,Direct,48.8534,2.3488,66,,,,,,,,,,,,,,
1976,In Zaire,Johnny Wakelin,"Democratic Republic of the Congo, Africa",Country,Direct,-4.32758,15.31357,,,4,,,,,,,,,,,,
1976,Inside America,Juggy Jones,"United States, North America",Country,Direct,38.8951,-77.0364,,,39,,,,,,,,,,,,
1976,Kentucky Moonrunner,Cledus Maggard And The Citizen's Band,"Kentucky, United States, North America",State/Region,Direct,37.668,-84.67,85,,,,,,,,,,,,,,
1976,London Boys,T.Rex,"London, England, United Kingdom, Europe",City,Direct,51.5085,-0.1257,,,40,,,,,,,,,,,,
1976,Lost in France,Bonnie Tyler,"France, Europe",Country,Direct,48.8534,2.3488,,,9,,,,,,,,,,,,
1976,Lullaby of Broadway,Winifred Shaw,"Broadway, New York, New York, United States, North America",Street/Landmark,Direct,40.759,-73.9845,,,42,,,,,,,,,,,,
1976,Manchester United,Manchester United FC,"Manchester, England, United Kingdom, Europe",City,Direct,53.48095,-2.23743,,,50,,,,,,,,,,,,
1976,Mississippi,Pussycat,"Mississippi, United States, North America",State/Region,Direct,32.741,-89.678,,,1,,,,,,,,,,,,
1976,Mozambique,Bob Dylan,"Mozambique, Africa",Country,Direct,-25.9655,32.5832,54,,,,,,,,,,,,,,
1976,New Orleans,The Staple Singers,"New Orleans, Louisiana, United States, North America",City,Direct,30.0686,-89.939,70,,,,,,,,,,,,,,
1976,New York State of Mind,Billy Joel,"New York, New York, United States, North America",City,Direct,40.6643,-73.9385,,,,5667,,,,,,,,,,y,
1976,Portsmouth,Mike Oldfield,"Portsmouth, England, United Kingdom, Europe",City,Direct,50.79899,-1.09125,,,3,,,,,,,,,,,,
1976,Rocky Mountain Music,Eddie Rabbitt,"Rocky Mountains, North America",Water/Natural Feature,Direct,43.7,-110.6,76,,,,,,,,,,,,,,
1976,Silver Springs,Fleetwood Mac,"Silver Spring, Maryland, United States, North America",City,Direct,38.99067,-77.02609,,,,6995,,,,,,,,,,y,
1976,Spanish Wine,Chris White,"Spain, Europe",Country,Demonym,40.4165,-3.7026,,,37,,,,,,,,,,,,
1976,Texas,The Charlie Daniels Band,"Texas, United States, North America",State/Region,Direct,31.054,-97.563,91,,,,,,,,,,,,,,
1976,The Boston Tea Party,The Sensational Alex Harvey Band,"Boston, Massachusetts, United States, North America",City,Direct,42.332,-71.0202,,,13,,,,,,,,,,,,
1976,Tom Traubert's Blues (Four Sheets to the Wind in Copenhagen),Tom Waits,"Copenhagen, Denmark, Europe",City,Direct,55.67594,12.56553,,,,1427,,,,,,,,,,,
1976,Weekend in New England,Barry Manilow,"New England, United States, North America",Continent/Region,Direct,43.7,-71.5,10,65,,,,,,,,,,,,,
1977,Amarillo,Neil Sedaka,"Amarillo, Texas, United States, North America",City,Direct,35.222,-101.8313,44,,,,,,,,,,,,,,
1977,April Sun in Cuba,Dragon,"Cuba, North America",Country,Direct,23.133,-82.383,,,,9662,,,,,,,,,,,
1977,Baltimore,Randy Newman,"Baltimore, Maryland, United States, North America",City,Direct,39.3002,-76.6105,,,,7675,,,,,,,,,,,
1977,Belfast,Boney M,"Belfast, Northern Ireland, United Kingdom, Europe",City,Direct,54.59682,-5.92541,,,8,,,,,,,,,,,,
1977,Blue Bayou,Linda Ronstadt,"Louisiana Bayou, Louisiana, United States, North America",Water/Natural Feature,Direct,29.9,-91.3,3,61,35,,,,,,,,,,,,
1977,Brooklyn,Cody Jameson,"Brooklyn, New York, New York, United States, North America",Neighborhood/District,Direct,40.6782,-73.9442,74,,,,,,,,,,,,,,
1977,Center City,Fat Larry's Band,"Center City, Philadelphia, Pennsylvania, United States, North America",City,Direct,39.9512,-75.15923,,,31,,,,,,,,,,,,
1977,Chicago,Elton John and Kiki Dee,"Chicago, Illinois, United States, North America",City,Direct,41.8376,-87.6818,,,28,,,,,,,,,,,,
1977,China Girl,Iggy Pop,"China, Asia",Country,Direct,39.9075,116.3972,,,,5371,,,,,,,,,,,
1977,Egyptian Reggae,Jonathan Richman and the Modern Lovers,"Egypt, Africa",Country,Demonym,30.0626,31.2497,,,5,7459,,,,,,,,,,,
1977,From Graceland to the Promised Land,Merle Haggard,"Graceland, Memphis, Tennessee, United States, North America",Street/Landmark,Direct,35.0477,-90.026,58,,,,,,,,,,,,,,
1977,From New York to L.A.,Patsy Gallant,"New York, New York, United States, North America",City,Direct,40.6643,-73.9385,,,6,,,,,,,,,,,,
1977,Georgia Rhythm,Atlanta Rhythm Section,"Georgia, United States, North America",State/Region,Direct,33.04,-83.643,68,,,,,,,,,,,,,,
1977,Hollywood,Boz Scaggs,"Hollywood, California, United States, North America",Neighborhood/District,Direct,34.0928,-118.3287,49,,33,,,,,,,,,,,,
1977,Hollywood,Rufus ft. Chaka Khan,"Hollywood, California, United States, North America",Neighborhood/District,Direct,34.0928,-118.3287,32,,,,,,,,,,,,,,
1977,L.A. Sunshine,War,"Los Angeles, California, United States, North America",City,Nickname,34.0194,-118.4108,45,,,,,,,,,,,,,,
1977,Lettre à France,Michel Polnareff,"France, Europe",Country,Direct,48.8534,2.3488,,,,9626,,,,,,,,,,,
1977,"Luckenbach, Texas (Back to the Basics of Love)",Waylon Jennings,"Luckenbach, Texas, United States, North America",City,Direct,30.18152,-98.75721,25,,,6020,,,,,,,,,,y,
1977,"N.Y., You Got Me Dancing",Andrea True Connection,"New York, New York, United States, North America",City,Nickname,40.6643,-73.9385,27,,,,,,,,,,,,,,
1977,Native New Yorker,Odyssey,"New York, New York, United States, North America",City,Demonym,40.6643,-73.9385,21,91,5,,,,,,,,,,,,
1977,Nights on Broadway,Candi Staton,"Broadway, New York, New York, United States, North America",Street/Landmark,Direct,40.759,-73.9845,,,6,,,,,,,,,,,,
1977,Rio,Michael Nesmith,"Rio de Janeiro, Brazil, South America",City,Direct,-22.9064,-43.1822,,,28,,,,,,,,,,,,
1977,San Francisco,The Village People,"San Francisco, California, United States, North America",City,Direct,37.78,-122.4193,,,45,,,,,,,,,,,,
1977,Scenes from an Italian Restaurant,Billy Joel,"Italy, Europe",Country,Demonym,41.8919,12.5113,,,,6350,,,,,,,,324,,,
1977,Spanish Stroll,Mink Deville,"Spain, Europe",Country,Demonym,40.4165,-3.7026,,,20,3910,,,,,,,,,,,
1977,Surfin' U.S.A.,Leif Garrett,"United States, North America",Country,Direct,38.8951,-77.0364,20,,,,,,,,,,,,,,
1977,Tokyo Joe,Bryan Ferry,"Tokyo, Japan, Asia",City,Direct,35.6895,139.6917,,,15,,,,,,,,,,,,
1977,Trans-Europe Express,Kraftwerk,Europe,Continent/Region,Direct,54.526,15.2551,67,,,507,,,,,,,,304,,,
1977,Vienna,Billy Joel,"Vienna, Austria, Europe",City,Direct,48.2085,16.3721,,,,,,,,,,,,,,y,
1977,We Almost Lost Detroit,Gil Scott-Heron and Brian Jackson,"Detroit, Michigan, United States, North America",City,Direct,42.383,-83.1022,,,,7498,,,,,,,,,,,
1978,(I Don't Wanna Go To) Chelsea,Elvis Costello and the Attractions,"Chelsea, London, England, United Kingdom, Europe",Neighborhood/District,Direct,51.4875,-0.1687,,,16,1594,,,,,,,,,,,
1978,Argentine Melody,San Jose,"Argentina, South America",Country,Demonym,-34.6131,-58.3772,,,14,,,,,,,,,,,,
1978,Back in the U.S.A.,Linda Ronstadt,"United States, North America",Country,Direct,38.8951,-77.0364,16,,,,,,,,,,,,,,
1978,Baker Street,Gerry Rafferty,"Baker Street, London, England, United Kingdom, Europe",Street/Landmark,Direct,51.5237,-0.1585,2,26,3,1733,,,,,,,,,,y,
1978,Bangkok,Alex Chilton,"Bangkok, Thailand, Asia",City,Direct,13.754,100.5014,,,,8800,,,,,,,,,,,
1978,California,Debby Boone,"California, United States, North America",State/Region,Direct,36.116,-119.682,50,,,,,,,,,,,,,,
1978,California Dreamin',Colorado,"California, United States, North America",State/Region,Direct,36.116,-119.682,,,45,,,,,,,,,,,,
1978,California Nights,Sweet,"California, United States, North America",State/Region,Direct,36.116,-119.682,76,,,,,,,,,,,,,,
1978,Chattanooga Choo Choo,Tuxedo Junction,"Chattanooga, Tennessee, United States, North America",City,Direct,35.0456,-85.3097,32,,,,,,,,,,,,,,
1978,Don't Cry for Me Argentina,The Shadows,"Argentina, South America",Country,Direct,-34.6131,-58.3772,,,5,,,,,,,,,,,,
1978,English Rose,The Jam,"England, United Kingdom, Europe",Country,Demonym,51.5074,-0.1278,,,,5287,,,,,,,,,,,
1978,Georgia on My Mind,Willie Nelson,"Georgia, United States, North America",State/Region,Direct,33.04,-83.643,84,,,,,,,,,,,,,,
1978,Hollywood Nights,Bob Seger,"Hollywood, California, United States, North America",Neighborhood/District,Direct,34.0928,-118.3287,12,99,42,7925,,,,,,,,,,y,
1978,Honey Don't Leave L.A.,James Taylor,"Los Angeles, California, United States, North America",City,Nickname,34.0194,-118.4108,61,,,,,,,,,,,,,,
1978,Hong Kong Garden,Siouxsie and the Banshees,"Hong Kong, Asia",City,Direct,22.3193,114.1694,,,7,1003,,,,,,,,,,,
1978,I Love America,Patrick Juvet,"United States, North America",Country,Direct,38.8951,-77.0364,,,12,,,,,,,,,,,,
1978,Like a Sunday in Salem (The Amos & Andy Song),Gene Cotton,"Salem, Massachusetts, United States, North America",City,Direct,42.5013,-70.8975,40,,,,,,,,,,,,,,
1978,Livingston Saturday Night,Jimmy Buffett,"Livingston, Montana, United States, North America",City,Direct,45.6665,-110.5516,52,,,,,,,,,,,,,,
1978,London Town,Paul McCartney and Wings,"London, England, United Kingdom, Europe",City,Direct,51.5085,-0.1257,39,,60,,,,,,,,,,,,
1978,MacArthur Park,Donna Summer,"MacArthur Park, Los Angeles, California, United States, North America",Street/Landmark,Direct,34.0592,-118.2786,1,12,5,9154,,,,,,,,,,,
1978,Mexican Girl,Smokie,"Mexico, North America",Country,Demonym,19.4285,-99.1277,,,19,,,,,,,,,,,,
1978,Miss Broadway,Belle Epoque,"Broadway, New York, New York, United States, North America",Street/Landmark,Direct,40.759,-73.9845,92,,,,,,,,,,,,,,
1978,Montego Bay,Sugar Cane,"Montego Bay, Jamaica, North America",City,Direct,18.4712,-77.9188,,,54,,,,,,,,,,,,
1978,New Orleans Ladies,Louisiana's LeRoux,"New Orleans, Louisiana, United States, North America",City,Direct,30.0686,-89.939,59,,,,,,,,,,,,,,
1978,New York City,Zwol,"New York, New York, United States, North America",City,Direct,40.6643,-73.9385,76,,,,,,,,,,,,,,
1978,New York Groove,Ace Frehley,"New York, New York, United States, North America",City,Direct,40.6643,-73.9385,13,60,,,,,,,,,,,,,
1978,"New York, New York",Gerard Kenny,"New York, New York, United States, North America",City,Direct,40.6643,-73.9385,,,43,,,,,,,,,,,,
1978,On a Little Street in Singapore,The Manhattan Transfer,"Singapore, Asia",Country,Direct,1.28967,103.85007,,,20,,,,,,,,,,,,
1978,On Broadway,George Benson,"Broadway, New York, New York, United States, North America",Street/Landmark,Direct,40.759,-73.9845,7,55,,,,,,,,,,,,,
1978,On the Strip,Paul Nicholas,"Las Vegas Strip, Nevada, United States, North America",Street/Landmark,Nickname,36.1147,-115.1728,67,,,,,,,,,,,,,,
1978,Scotland Forever,Sidney Devine,"Scotland, United Kingdom, Europe",Country,Direct,55.9533,-3.1883,,,48,,,,,,,,,,,,
1978,Señor Tales of Yankee Power,Bob Dylan,"United States, North America",Country,Demonym,38.8951,-77.0364,,,,7355,,,,,,,,,,,
1978,Take Me Back to Chicago,Chicago,"Chicago, Illinois, United States, North America",City,Direct,41.8376,-87.6818,63,,,,,,,,,,,,,,
1978,Tulsa Time,Don Williams,"Tulsa, Oklahoma, United States, North America",City,Direct,36.1279,-95.9023,,,,,,,,,,,,,,y,
1978,Warsaw,Joy Division,"Warsaw, Poland, Europe",City,Direct,52.22977,21.01178,,,,6786,,,,,,,,,,,
1978,Werewolves of London,Warren Zevon,"London, England, United Kingdom, Europe",City,Direct,51.5085,-0.1257,21,,87,1145,,,,,,,,,,y,
1978,Wild West Hero,Electric Light Orchestra,"American West, United States, North America",Continent/Region,Direct,40,-112,,,6,,,,,,,,,,,,
1979,American Generation,The Ritchie Family,"United States, North America",Country,Demonym,38.8951,-77.0364,,,49,,,,,,,,,,,,
1979,American Hearts,Billy Ocean,"United States, North America",Country,Demonym,38.8951,-77.0364,,,54,,,,,,,,,,,,
1979,An American Dream,The Dirt Band,"United States, North America",Country,Demonym,38.8951,-77.0364,13,72,,,,,,,,,,,,,
1979,Breakfast in America,Supertramp,"United States, North America",Country,Direct,38.8951,-77.0364,62,,9,,,,,,,,,,,y,
1979,Bristol Stomp,The Late Show,"Bristol, Pennsylvania, United States, North America",City,Direct,40.1035,-74.8529,,,40,,,,,,,,,,,,
1979,California Dreamin',America,"California, United States, North America",State/Region,Direct,36.116,-119.682,56,,,,,,,,,,,,,,
1979,California Über Alles,Dead Kennedys,"California, United States, North America",State/Region,Direct,36.116,-119.682,,,,1664,,,,,,,,,,,
1979,Cuba,The Gibson Brothers,"Cuba, North America",Country,Direct,23.133,-82.383,81,,41,,,,,,,,,,,,
1979,Day Trip to Bangor,Fiddler's Dram,"Bangor, Gwynedd, Wales, United Kingdom, Europe",City,Direct,53.2274,-4.129,,,3,,,,,,,,,,,,
1979,English Civil War,The Clash,"England, United Kingdom, Europe",Country,Demonym,51.5074,-0.1278,,,25,,,,,,,,,,,,
1979,I Go to Rio,Pablo Cruise,"Rio de Janeiro, Brazil, South America",City,Direct,-22.9064,-43.1822,46,,,,,,,,,,,,,,
1979,Last Train to London,Electric Light Orchestra,"London, England, United Kingdom, Europe",City,Direct,51.5085,-0.1257,39,,8,,,,,,,,,,,y,
1979,London Calling,The Clash,"London, England, United Kingdom, Europe",City,Direct,51.5085,-0.1257,,,11,21,,,,,,,Y,143,,y,
1979,Luton Airport,Cats U.K.,"Luton, England, United Kingdom, Europe",City,Direct,51.87967,-0.41748,,,22,,,,,,,,,,,,
1979,Night Boat to Cairo,Madness,"Cairo, Egypt, Africa",City,Direct,30.0626,31.2497,,,56,8149,,,,,,,,,,,
1979,Old Siam Sir,Paul McCartney and Wings,"Thailand, Asia",Country,Direct,13.754,100.5014,,,35,,,,,,,,,,,,
1979,Que Tal America,Two Man Sound,"United States, North America",Country,Direct,38.8951,-77.0364,,,46,,,,,,,,,,,,
1979,Savannah Nights,Tom Johnston,"Savannah, Georgia, United States, North America",City,Direct,32.0025,-81.1536,34,,,,,,,,,,,,,,
1979,Spanish Bombs,The Clash,"Spain, Europe",Country,Demonym,40.4165,-3.7026,,,,5288,,,,,,,,,,,
1979,The Devil Went Down to Georgia,The Charlie Daniels Band,"Georgia, United States, North America",State/Region,Direct,33.04,-83.643,3,50,14,3502,,,,,,,,,,y,
1979,The Guns of Brixton,The Clash,"Brixton, London, England, United Kingdom, Europe",Neighborhood/District,Direct,51.46593,-0.10652,,,,1977,,,,,,,,,,,
1979,Union City Blue,Blondie,"Union City, New Jersey, United States, North America",City,Direct,40.7795,-74.0238,,,13,,,,,,,,,,,,
1979,Working for the Yankee Dollar,Skids,"United States, North America",Country,Demonym,38.8951,-77.0364,,,20,,,,,,,,,,,,
1980,Alabama Getaway,Grateful Dead,"Alabama, United States, North America",State/Region,Direct,32.806,-86.791,68,,,,,,,,,,,,,,
1980,Alabama Song,David Bowie,"Alabama, United States, North America",State/Region,Direct,32.806,-86.791,,,23,,,,,,,,,,,,
1980,All the Way from America,Joan Armatrading,"United States, North America",Country,Direct,38.8951,-77.0364,,,54,,,,,,,,,,,,
1980,America,Neil Diamond,"United States, North America",Country,Direct,38.8951,-77.0364,8,62,,9392,,,,,,,,,,,
1980,Barmy London Army,Charlie Harper,"London, England, United Kingdom, Europe",City,Direct,51.5085,-0.1257,,,68,,,,,,,,,,,,
1980,Brazilian Love Affair,George Duke,"Brazil, South America",Country,Demonym,-15.7939,-47.8828,,,36,,,,,,,,,,,,
1980,Don't Cry for Me Argentina,Festival,"Argentina, South America",Country,Direct,-34.6131,-58.3772,72,,,,,,,,,,,,,,
1980,Empire State Human,The Human League,"New York, New York, United States, North America",City,Nickname,40.6643,-73.9385,,,62,,,,,,,,,,,,
1980,Funkin' for Jamaica (N.Y.),Tom Browne,"Jamaica, Queens, New York, New York, United States, North America",Neighborhood/District,Direct,40.702,-73.789,,,10,6508,,,,,,,,,,,
1980,Hello America,Def Leppard,"United States, North America",Country,Direct,38.8951,-77.0364,,,45,,,,,,,,,,,,
1980,Holiday in Cambodia,Dead Kennedys,"Cambodia, Asia",Country,Direct,11.56245,104.91601,,,,776,,,,,,,Y,,,,
1980,Hollywood Tease,Girl,"Hollywood, California, United States, North America",Neighborhood/District,Direct,34.0928,-118.3287,,,50,,,,,,,,,,,,
1980,In America,The Charlie Daniels Band,"United States, North America",Country,Direct,38.8951,-77.0364,11,96,,,,,,,,,,,,,
1980,Israel,Siouxsie and the Banshees,"Israel, Asia",Country,Direct,31.7683,35.2137,,,41,,,,,,,,,,,,
1980,Jersey Girl,Tom Waits,"New Jersey, United States, North America",State/Region,Nickname,40.298,-74.521,,,,5120,,,,,,,,,,,
1980,Leaving L.A.,Deliverance,"Los Angeles, California, United States, North America",City,Nickname,34.0194,-118.4108,71,,,,,,,,,,,,,,
1980,London Town,Light of the World,"London, England, United Kingdom, Europe",City,Direct,51.5085,-0.1257,,,41,,,,,,,,,,,,
1980,Los Angeles,X,"Los Angeles, California, United States, North America",City,Direct,34.0194,-118.4108,,,,1686,,,,,,,Y,,,,
1980,Louisiana Saturday Night,Mel McDaniel,"Louisiana, United States, North America",State/Region,Direct,31.169,-91.867,,,,,,,,,,,,,,y,
1980,New Amsterdam,Elvis Costello,"New York, New York, United States, North America",City,Direct,40.6643,-73.9385,,,36,8279,,,,,,,,,,,
1980,Nothing Left Toulouse,Sad Cafe,"Toulouse, France, Europe",City,Direct,43.60426,1.44367,,,62,,,,,,,,,,,,
1980,Party in Paris,UK Subs,"Paris, France, Europe",City,Direct,48.8534,2.3488,,,37,,,,,,,,,,,,
1980,Private Idaho,The B-52s,"Idaho, United States, North America",State/Region,Direct,44.24,-114.478,74,,,4036,,,,,,,,,,,
1980,Sister Europe,The Psychedelic Furs,Europe,Continent/Region,Direct,54.526,15.2551,,,,6906,,,,,,,,,,,
1980,Somewhere in America,Survivor,"United States, North America",Country,Direct,38.8951,-77.0364,70,,,,,,,,,,,,,,
1980,Texas in My Rear View Mirror,Mac Davis,"Texas, United States, North America",State/Region,Direct,31.054,-97.563,51,,,,,,,,,,,,,,
1980,"Theme from New York, New York",Frank Sinatra,"New York, New York, United States, North America",City,Direct,40.6643,-73.9385,32,,,,,,,,,,,,,,
1980,Towers of London,XTC,"London, England, United Kingdom, Europe",City,Direct,51.5085,-0.1257,,,31,,,,,,,,,,,,
1980,Tulsa Time,Eric Clapton,"Tulsa, Oklahoma, United States, North America",City,Direct,36.1279,-95.9023,30,,,,,,,,,,,,,,
1980,Turning Japanese,The Vapors,"Japan, Asia",Country,Demonym,35.6895,139.6917,36,,3,3261,,,,,,,,,,,
1980,Vienna,Ultravox,"Vienna, Austria, Europe",City,Direct,48.2085,16.3721,,,2,1667,,,,,,,,,,,
1981,A Heart in New York,Art Garfunkel,"New York, New York, United States, North America",City,Direct,40.6643,-73.9385,66,,,,,,,,,,,,,,
1981,A Passage to Bangkok,Rush,"Bangkok, Thailand, Asia",City,Direct,13.754,100.5014,,,41,,,,,,,,,,,,
1981,All American Girls,Sister Sledge,"United States, North America",Country,Demonym,38.8951,-77.0364,79,,41,,,,,,,,,,,,
1981,America Is Waiting,Brian Eno and David Byrne,"United States, North America",Country,Direct,38.8951,-77.0364,,,,7362,,,,,,,,,,,
1981,American Memories,Shamus M'Cool,"United States, North America",Country,Demonym,38.8951,-77.0364,80,,,,,,,,,,,,,,
1981,Atlanta Lady (Something About Your Love),Marty Balin,"Atlanta, Georgia, United States, North America",City,Direct,33.7629,-84.4227,27,,,,,,,,,,,,,,
1981,Bermuda Triangle,Barry Manilow,"Bermuda, North America",Country,Direct,32.2949,-64.783,,,15,,,,,,,,,,,,
1981,Boy from New York City,The Manhattan Transfer,"New York, New York, United States, North America",City,Direct,40.6643,-73.9385,7,,,,,,,,,,,,,,
1981,Brazilian Dawn,Shakatak,"Brazil, South America",Country,Demonym,-15.7939,-47.8828,,,48,,,,,,,,,,,,
1981,Brooklyn Girls,Robbie Dupree,"Brooklyn, New York, New York, United States, North America",Neighborhood/District,Direct,40.6782,-73.9442,54,,,,,,,,,,,,,,
1981,Cambodia,Kim Wilde,"Cambodia, Asia",Country,Direct,11.56245,104.91601,,,12,,,,,,,,,,,,
1981,Down Under,Men at Work,"Australia, Oceania",Country,Nickname,-35.2809,149.13,1,4,1,2251,,,,,,,,,,y,
1981,Europe (After the Rain),John Foxx,Europe,Continent/Region,Direct,54.526,15.2551,,,40,,,,,,,,,,,,
1981,Hitsville UK,The Clash,"United Kingdom, Europe",Country,Direct,51.5085,-0.1257,,,56,,,,,,,,,,,,
1981,I'm in Love with a German Film Star,The Passions,"Germany, Europe",Country,Demonym,52.52437,13.41053,,,25,6298,,,,,,,,,,,
1981,I'm in Love with the Girl on a Certain Manchester Megastore Checkout Desk,The Freshies,"Manchester, England, United Kingdom, Europe",City,Direct,53.48095,-2.23743,,,54,,,,,,,,,,,,
1981,Japanese Boy,Aneka,"Japan, Asia",Country,Demonym,35.6895,139.6917,,,1,,,,,,,,,,,,
1981,Key Largo,Bertie Higgins,"Key Largo, Florida, United States, North America",City,Direct,25.0865,-80.4473,8,17,60,,,,,,,,,,,,
1981,Kids in America,Kim Wilde,"United States, North America",Country,Direct,38.8951,-77.0364,25,91,2,5607,,,,,,,,,,y,
1981,Living in the UK,Shakatak,"United Kingdom, Europe",Country,Direct,51.5085,-0.1257,,,52,,,,,,,,,,,,
1981,Maiden Japan,Iron Maiden,"Japan, Asia",Country,Direct,35.6895,139.6917,,,43,,,,,,,,,,,,
1981,New Orleans,Gillan,"New Orleans, Louisiana, United States, North America",City,Direct,30.0686,-89.939,,,17,,,,,,,,,,,,
1981,Radio Free Europe,R.E.M.,Europe,Continent/Region,Direct,54.526,15.2551,78,,,312,,,,Y,,,Y,174,,,
1981,Rainy Night in Georgia,Randy Crawford,"Georgia, United States, North America",State/Region,Direct,33.04,-83.643,,,18,,,,,,,,,,,,
1981,Say Goodbye to Hollywood,Billy Joel,"Hollywood, California, United States, North America",Neighborhood/District,Direct,34.0928,-118.3287,17,,,,,,,,,,,,,,
1981,The American,Simple Minds,"United States, North America",Country,Demonym,38.8951,-77.0364,,,59,,,,,,,,,,,,
1981,The Boy from New York City,The Manhattan Transfer,"New York, New York, United States, North America",City,Direct,40.6643,-73.9385,,36,,,,,,,,,,,,,
1981,The Caribbean Disco Show,Lobo,"Caribbean, North America",Continent/Region,Direct,14.5,-75,,,8,,,,,,,,,,,,
1981,The Flame Trees of Thika,Video Symphonic,"Thika, Kenya, Africa",City,Direct,-1.03326,37.06933,,,42,,,,,,,,,,,,
1981,The Sheffield Grinder,Tony Capstick and the Carlton Main Frickley Colliery Band,"Sheffield, England, United Kingdom, Europe",City,Direct,53.38297,-1.4659,,,3,,,,,,,,,,,,
1981,"Theme from ""Greatest American Hero"" (Believe It or Not)",Joey Scarbury,"United States, North America",Country,Demonym,38.8951,-77.0364,2,11,,,,,,,,,,,,,
1981,Tokyo,Classix Nouveaux,"Tokyo, Japan, Asia",City,Direct,35.6895,139.6917,,,67,,,,,,,,,,,,
1981,Visions of China,Japan,"China, Asia",Country,Direct,39.9075,116.3972,,,32,,,,,,,,,,,,
1981,Wkrp in Cincinnati,Steve Carlisle,"Cincinnati, Ohio, United States, North America",City,Direct,39.1399,-84.5064,65,,,,,,,,,,,,,,
1982,Africa,Toto,Africa,Continent/Region,Direct,1.6508,17.6791,1,24,3,2477,,,,,,,,452,,y,
1982,African and White,China Crisis,Africa,Continent/Region,Demonym,1.6508,17.6791,,,45,,,,,,,,,,,,
1982,Allentown,Billy Joel,"Allentown, Pennsylvania, United States, North America",City,Direct,40.594,-75.4782,17,43,,7052,,,,,,,,,,,
1982,Amarillo by Morning,George Strait,"Amarillo, Texas, United States, North America",City,Direct,35.222,-101.8313,,,,4176,,,,,,,,,,y,
1982,American Heartbeat,Survivor,"United States, North America",Country,Demonym,38.8951,-77.0364,17,,,,,,,,,,,,,,
1982,American Music,The Pointer Sisters,"United States, North America",Country,Demonym,38.8951,-77.0364,16,,,,,,,,,,,,,,
1982,Asylums in Jerusalem,Scritti Politti,"Jerusalem, Israel, Asia",City,Direct,31.769,35.2163,,,43,,,,,,,,,,,,
1982,Atlantic City,Bruce Springsteen,"Atlantic City, New Jersey, United States, North America",City,Direct,39.36415,-74.42306,,,,766,,,,,,,,289,,,
1982,Banned in D.C.,Bad Brains,"Washington, D.C., United States, North America",City,Direct,38.8951,-77.0364,,,,8381,,,,,,,,,,,
1982,Drowning in Berlin,The Mobiles,"Berlin, Germany, Europe",City,Direct,52.5244,13.4105,,,9,,,,,,,,,,,,
1982,Electric Avenue,Eddy Grant,"Electric Avenue, London, England, United Kingdom, Europe",Street/Landmark,Direct,51.4626,-0.1153,2,22,2,3944,,,,,,,,,,,
1982,European Son,Japan,Europe,Continent/Region,Demonym,54.526,15.2551,,,31,,,,,,,,,,,,
1982,Hollywood,Shooting Star,"Hollywood, California, United States, North America",Neighborhood/District,Direct,34.0928,-118.3287,70,,,,,,,,,,,,,,
1982,Hollywood,Thin Lizzy,"Hollywood, California, United States, North America",Neighborhood/District,Direct,34.0928,-118.3287,,,53,,,,,,,,,,,,
1982,Life in Tokyo,Japan,"Tokyo, Japan, Asia",City,Direct,35.6895,139.6917,,,28,,,,,,,,,,,,
1982,Margate,Chas and Dave,"Margate, Kent, England, United Kingdom, Europe",Neighborhood/District,Direct,51.386,1.386,,,46,,,,,,,,,,,,
1982,Mexican Radio,Wall of Voodoo,"Mexico, North America",Country,Demonym,19.4285,-99.1277,58,,64,3513,,,,,,,,,,,
1982,Nebraska,Bruce Springsteen,"Nebraska, United States, North America",State/Region,Direct,41.5,-99.68,,,,3592,,,,,,,,,,,
1982,Paris by Air,Tygers of Pan Tang,"Paris, France, Europe",City,Direct,48.8534,2.3488,,,63,,,,,,,,,,,,
1982,Paris Is One Day Away,The Mood,"Paris, France, Europe",City,Direct,48.8534,2.3488,,,42,,,,,,,,,,,,
1982,Route 66,The Manhattan Transfer,"U.S. Route 66, United States, North America",Street/Landmark,Direct,35.2,-101.8,78,,,,,,,,,,,,,,
1982,Shanghai Breezes,John Denver,"Shanghai, China, Asia",City,Direct,31.2222,121.4581,31,,,,,,,,,,,,,,
1982,Streets of London,Anti-Nowhere League,"London, England, United Kingdom, Europe",City,Direct,51.5085,-0.1257,,,48,,,,,,,,,,,,
1982,Sun of Jamaica,Goombay Dance Band,"Jamaica, North America",Country,Direct,17.997,-76.7936,,,50,,,,,,,,,,,,
1982,"Tottenham, Tottenham",Tottenham Hotspur Fa Cup Final Squad,"Tottenham, England, United Kingdom, Europe",City,Direct,51.60373,-0.06794,,,19,,,,,,,,,,,,
1983,(You Can Still) Rock in America,Night Ranger,"United States, North America",Country,Direct,38.8951,-77.0364,51,,,,,,,,,,,,,,
1983,A New England,Billy Bragg,"New England, United States, North America",Continent/Region,Direct,43.7,-71.5,,,,946,,,,,,,,,,,
1983,A Night in New York,Elbow Bones and the Racketeers,"New York, New York, United States, North America",City,Direct,40.6643,-73.9385,,,33,,,,,,,,,,,,
1983,American Made,The Oak Ridge Boys,"United States, North America",Country,Demonym,38.8951,-77.0364,72,,,,,,,,,,,,,,
1983,Big Apple,Kajagoogoo,"New York, New York, United States, North America",City,Nickname,40.6643,-73.9385,,,8,,,,,,,,,,,,
1983,Cairo,Amazulu,"Cairo, Egypt, Africa",City,Direct,30.0626,31.2497,,,86,,,,,,,,,,,,
1983,China,Red Rockers,"China, Asia",Country,Direct,39.9075,116.3972,53,,,,,,,,,,,,,,
1983,China Girl,David Bowie,"China, Asia",Country,Direct,39.9075,116.3972,10,62,2,4955,,,,,,,,,,,
1983,European Female,The Stranglers,Europe,Continent/Region,Demonym,54.526,15.2551,,,9,,,,,,,,,,,,
1983,Flying Scotsman,Spear of Destiny,"Scotland, United Kingdom, Europe",Country,Demonym,55.9533,-3.1883,,,85,,,,,,,,,,,,
1983,Get out of London,Intaferon,"London, England, United Kingdom, Europe",City,Direct,51.5085,-0.1257,,,93,,,,,,,,,,,,
1983,I Love L.A.,Randy Newman,"Los Angeles, California, United States, North America",City,Direct,34.0194,-118.4108,,,,7333,,,,,,,,,,,
1983,La Serenissima (Theme from 'Venice in Peril'),Rondo Veneziano,"Venice, Italy, Europe",City,Direct,45.4408,12.3155,,,58,,,,,,,,,,,,
1983,Liverpool Anthem,Liverpool Football Club,"Liverpool, England, United Kingdom, Europe",City,Direct,53.4106,-2.9779,,,54,,,,,,,,,,,,
1983,London Girls,Chas and Dave,"London, England, United Kingdom, Europe",City,Direct,51.5085,-0.1257,,,63,,,,,,,,,,,,
1983,London Town,Bucks Fizz,"London, England, United Kingdom, Europe",City,Direct,51.5085,-0.1257,,,34,,,,,,,,,,,,
1983,Memphis,Joe Jackson,"Memphis, Tennessee, United States, North America",City,Direct,35.1035,-89.9785,85,,,,,,,,,,,,,,
1983,Midnight in Tokyo,Y&T,"Tokyo, Japan, Asia",City,Direct,35.6895,139.6917,,,91,,,,,,,,,,,,
1983,My Jamaican Guy,Grace Jones,"Jamaica, North America",Country,Demonym,17.997,-76.7936,,,56,,,,,,,,,,,,
1983,New York New York,Grandmaster Flash,"New York, New York, United States, North America",City,Direct,40.6643,-73.9385,,,82,,,,,,,,,,,,
1983,Paris Match,The Style Council,"Paris, France, Europe",City,Direct,48.8534,2.3488,,,3,,,,,,,,,,,,
1983,Scatterlings of Africa,Juluka,Africa,Continent/Region,Direct,1.6508,17.6791,,,44,,,,,,,,,,,,
1983,Soweto,Malcolm McLaren,"Soweto, South Africa, Africa",Neighborhood/District,Direct,-26.26781,27.85849,,,32,,,,,,,,,,,,
1983,Texas Flood,Stevie Ray Vaughan,"Texas, United States, North America",State/Region,Direct,31.054,-97.563,,,,5689,,,,,,,,,,,
1983,The Chinese Way,Level 42,"China, Asia",Country,Demonym,39.9075,116.3972,,,24,,,,,,,,,,,,
1983,The Old Brighton Blue,Brighton and Hove Albion,"Brighton, England, United Kingdom, Europe",City,Direct,50.8284,-0.1395,,,65,,,,,,,,,,,,
1983,Theme from Doctor Detroit,Devo,"Detroit, Michigan, United States, North America",City,Direct,42.383,-83.1022,59,,,,,,,,,,,,,,
1983,Tour De France,Kraftwerk,"France, Europe",Country,Direct,48.8534,2.3488,,,22,3204,,,,,,,,,,,
1983,Walking in L.A.,Missing Persons,"Los Angeles, California, United States, North America",City,Nickname,34.0194,-118.4108,70,,,,,,,,,,,,,,
1983,West Coast Summer Nights,Tony Carey,"West Coast, United States, North America",Continent/Region,Direct,40,-122,64,,,,,,,,,,,,,,
1984,A New England,Kirsty MacColl,"England, United Kingdom, Europe",Country,Direct,51.5074,-0.1278,,,7,7972,,,,,,,,,,,
1984,Another Lonely Night in New York,Robin Gibb,"New York, New York, United States, North America",City,Direct,40.6643,-73.9385,,,71,,,,,,,,,,,,
1984,Big Apple Noise,Trans Lux,"New York, New York, United States, North America",City,Nickname,40.6643,-73.9385,,,97,,,,,,,,,,,,
1984,Big in Japan,Alphaville,"Japan, Asia",Country,Direct,35.6895,139.6917,66,,8,,,,,,,,,,,y,
1984,Born in the U.S.A.,Bruce Springsteen,"United States, North America",Country,Direct,38.8951,-77.0364,9,92,5,170,74,252,,,,,Y,,,,
1984,Caribbean Queen (No More Love on the Run),Billy Ocean,"Caribbean, North America",Continent/Region,Direct,14.5,-75,1,51,6,,,,,,,,,,,,
1984,Castles in Spain,The Armoury Show,"Spain, Europe",Country,Direct,40.4165,-3.7026,,,69,,,,,,,,,,,,
1984,Deadline U.S.A.,Shalamar,"United States, North America",Country,Direct,38.8951,-77.0364,,,52,,,,,,,,,,,,
1984,Death Valley 69,Sonic Youth and Lydia Lunch,"Death Valley, California, United States, North America",Continent/Region,Direct,36.5,-117.08,,,,3631,,,,,,,,,,,
1984,Don't Go Back to Rockville,R.E.M.,"Rockville, Maryland, United States, North America",City,Direct,39.084,-77.15276,,,,4503,,,,,,,,,,,
1984,European Queen (No More Love on the Run),Billy Ocean,Europe,Continent/Region,Demonym,54.526,15.2551,,,82,,,,,,,,,,,,
1984,Going Down to Liverpool,The Bangles,"Liverpool, England, United Kingdom, Europe",City,Direct,53.4106,-2.9779,,,79,8631,,,,,,,,,,,
1984,Jammin' in America,The Gap Band,"United States, North America",Country,Direct,38.8951,-77.0364,,,64,,,,,,,,,,,,
1984,Jammin' in Manhattan,Tyzik,"Manhattan, New York, New York, United States, North America",Neighborhood/District,Direct,40.7831,-73.9712,,,80,,,,,,,,,,,,
1984,Lobo Hombre En París,La Unión,"Paris, France, Europe",City,Direct,48.8534,2.3488,,,,4190,,,,,,,,,,y,
1984,One Night in Bangkok,Murray Head,"Bangkok, Thailand, Asia",City,Direct,13.754,100.5014,3,54,12,,,,,,,,,,,,
1984,Sailing to America,Saxon,"United States, North America",Country,Direct,38.8951,-77.0364,,,81,,,,,,,,,,,,
1984,The Kid's American,Matthew Wilder,"United States, North America",Country,Demonym,38.8951,-77.0364,33,,93,,,,,,,,,,,,
1984,The Lebanon,The Human League,"Lebanon, Asia",Country,Direct,33.8933,35.5016,64,,11,9739,,,,,,,,,,,
1984,Tinseltown in the Rain,The Blue Nile,"Hollywood, California, United States, North America",Neighborhood/District,Nickname,34.0928,-118.3287,,,87,6232,,,,,,,,,,,
1984,To France,Mike Oldfield and Maggie Reilly,"France, Europe",Country,Direct,48.8534,2.3488,,,48,,,,,,,,,,,,
1984,Tokyo,Adx,"Tokyo, Japan, Asia",City,Direct,35.6895,139.6917,,,99,,,,,,,,,,,,
1984,Warsaw in the Sun,Tangerine Dream,"Warsaw, Poland, Europe",City,Direct,52.22977,21.01178,,,96,,,,,,,,,,,,
1984,Week End à Rome,Étienne Daho,"Rome, Italy, Europe",City,Direct,41.8919,12.5113,,,,9257,,,,,,,,,,,
1985,America,Prince And The Revolution,"United States, North America",Country,Direct,38.8951,-77.0364,46,,,,,,,,,,,,,,
1985,Belfast,Barnbrack,"Belfast, Northern Ireland, United Kingdom, Europe",City,Direct,54.59682,-5.92541,,,45,,,,,,,,,,,,
1985,Blind in Texas,Wasp,"Texas, United States, North America",State/Region,Direct,31.054,-97.563,,,77,,,,,,,,,,,,
1985,Boogie Down (Bronx),Man Parrish,"The Bronx, New York, New York, United States, North America",Neighborhood/District,Direct,40.84985,-73.86641,,,56,,,,,,,,,,,,
1985,Born in East L.A.,Cheech & Chong,"Los Angeles, California, United States, North America",City,Nickname,34.0194,-118.4108,48,,,,,,,,,,,,,,
1985,California Girls,David Lee Roth,"California, United States, North America",State/Region,Direct,36.116,-119.682,3,88,68,,,,,,,,,,,,
1985,Come to Milton Keynes,The Style Council,"Milton Keynes, England, United Kingdom, Europe",City,Direct,52.04172,-0.75583,,,23,,,,,,,,,,,,
1985,Let's Make America Green Again,Brafa Team,"United States, North America",Country,Direct,38.8951,-77.0364,,,100,,,,,,,,,,,,
1985,Living in America,James Brown,"United States, North America",Country,Direct,38.8951,-77.0364,4,65,5,4902,,,,,,,,,,,
1985,Miami Vice Theme,Jan Hammer,"Miami, Florida, United States, North America",City,Direct,25.7752,-80.2086,1,27,5,,,,,,,,,,,,
1985,New York Eyes,Nicole and Timmy Thomas,"New York, New York, United States, North America",City,Direct,40.6643,-73.9385,,,41,,,,,,,,,,,,
1985,One Night in Bangkok,Robey,"Bangkok, Thailand, Asia",City,Direct,13.754,100.5014,77,,,,,,,,,,,,,,
1985,Quelque Chose De Tennessee,Johnny Hallyday,"Tennessee, United States, North America",State/Region,Direct,35.747,-86.692,,,,8308,,,,,,,,,,,
1985,Radio Africa,Latin Quarter,Africa,Continent/Region,Direct,1.6508,17.6791,,,76,,,,,,,,,,,,
1985,Spanish Eddie,Laura Branigan,"Spain, Europe",Country,Demonym,40.4165,-3.7026,40,,87,,,,,,,,,,,,
1985,Sun City,Artists United Against Apartheid,"Sun City, South Africa, Africa",City,Direct,-25.34,27.09,38,,21,3732,,,,,,,,,,,
1985,This Is England,The Clash,"England, United Kingdom, Europe",Country,Direct,51.5074,-0.1278,,,24,6890,,,,,,,,,,,
1985,This Is Not America,David Bowie and Pat Metheny Group,"United States, North America",Country,Direct,38.8951,-77.0364,32,,14,,,,,,,,,,,,
1985,To Live and Die in L.A.,Wang Chung,"Los Angeles, California, United States, North America",City,Nickname,34.0194,-118.4108,41,,,,,,,,,,,,,,
1985,Tombé Pour La France,Étienne Daho,"France, Europe",Country,Direct,48.8534,2.3488,,,,4500,,,,,,,,,,,
1985,Toulouse,Latin Quarter,"Toulouse, France, Europe",City,Direct,43.60426,1.44367,,,93,,,,,,,,,,,,
1985,Tupelo,Nick Cave,"Tupelo, Mississippi, United States, North America",City,Direct,34.2576,-88.7034,,,,5533,,,,,,,,,,,
1985,Walking on the Chinese Wall,Philip Bailey,"China, Asia",Country,Demonym,39.9075,116.3972,46,,34,,,,,,,,,,,,
1986,A Rainy Night in Soho,The Pogues,"Soho, London, England, United Kingdom, Europe",Neighborhood/District,Direct,51.5137,-0.1341,,,67,6130,,,,,,,,,,,
1986,America,King Kurt,"United States, North America",Country,Direct,38.8951,-77.0364,,,73,,,,,,,,,,,,
1986,America and Me,Red Guitars,"United States, North America",Country,Direct,38.8951,-77.0364,,,93,,,,,,,,,,,,
1986,America for Beginners,Latin Quarter,"United States, North America",Country,Direct,38.8951,-77.0364,,,99,,,,,,,,,,,,
1986,American Storm,Bob Seger,"United States, North America",Country,Demonym,38.8951,-77.0364,13,,77,,,,,,,,,,,,
1986,Arizona Sky,China Crisis,"Arizona, United States, North America",State/Region,Direct,33.729,-111.431,,,47,,,,,,,,,,,,
1986,Ay Te Dejo En San Antonio,Flaco Jimenez,"San Antonio, Texas, United States, North America",City,Direct,29.4724,-98.5251,,,,6092,,,,,,,,,,,
1986,Big in America,The Stranglers,"United States, North America",Country,Direct,38.8951,-77.0364,,,48,,,,,,,,,,,,
1986,Big Trip to Mexico,Scotland World Cup Squad,"Mexico, North America",Country,Direct,19.4285,-99.1277,,,81,,,,,,,,,,,,
1986,Boat to Bolivia,Martin Stephenson and the Daintees,"Bolivia, South America",Country,Direct,-19.03332,-65.26274,,,70,,,,,,,,,,,,
1986,Brownsville Girl,Bob Dylan,"Brownsville, Texas, United States, North America",City,Direct,26.0183,-97.4538,,,,7155,,,,,,,,,,,
1986,California Dreamin',The Beach Boys,"California, United States, North America",State/Region,Direct,36.116,-119.682,57,,,,,,,,,,,,,,
1986,Calling America,Electric Light Orchestra,"United States, North America",Country,Direct,38.8951,-77.0364,18,,28,,,,,,,,,,,,
1986,Dancing in the U.S.A.,Boss,"United States, North America",Country,Direct,38.8951,-77.0364,,,100,,,,,,,,,,,,
1986,For America,Jackson Browne,"United States, North America",Country,Direct,38.8951,-77.0364,30,,,,,,,,,,,,,,
1986,For America,Red Box,"United States, North America",Country,Direct,38.8951,-77.0364,,,10,,,,,,,,,,,,
1986,French Kissin' in the U.S.A.,Debbie Harry,"France, Europe",Country,Demonym,48.8534,2.3488,,,8,,,,,,,,,,,,
1986,French Kissin' in the U.S.A.,Debbie Harry,"United States, North America",Country,Direct,38.8951,-77.0364,,,8,,,,,,,,,,,,
1986,Galveston Bay,Lonnie Hill,"Galveston, Texas, United States, North America",City,Direct,29.1833,-94.9698,,,51,,,,,,,,,,,,
1986,Graceland,The Bible,"Graceland, Memphis, Tennessee, United States, North America",Street/Landmark,Direct,35.0477,-90.026,,,87,,,,,,,,,,,,
1986,Graceland,Paul Simon,"Graceland, Memphis, Tennessee, United States, North America",Street/Landmark,Direct,35.0477,-90.026,81,,98,1235,,,,,,,Y,,,y,
1986,Hands Across America,Voices of America,"United States, North America",Country,Direct,38.8951,-77.0364,65,,,,,,,,,,,,,,
1986,Harlem Shuffle,The Rolling Stones,"Harlem, New York, New York, United States, North America",Neighborhood/District,Direct,40.8116,-73.9465,5,,13,,,,,,,,,,,,
1986,Jerusalem,Belouis Some,"Jerusalem, Israel, Asia",City,Direct,31.769,35.2163,,,98,,,,,,,,,,,,
1986,Love in Siberia,Laban,"Siberia, Russia, Asia",Continent/Region,Direct,60,105,88,,,,,,,,,,,,,,
1986,Miami,Bob Seger,"Miami, Florida, United States, North America",City,Direct,25.7752,-80.2086,70,,,,,,,,,,,,,,
1986,Montego Bay,Amazulu,"Montego Bay, Jamaica, North America",City,Direct,18.4712,-77.9188,90,,16,,,,,,,,,,,,
1986,Moon over Bourbon Street,Sting,"Bourbon Street, New Orleans, Louisiana, United States, North America",Street/Landmark,Direct,29.9584,-90.0644,,,44,,,,,,,,,,,,
1986,New Thing from London Town,Sharpe and Numan,"London, England, United Kingdom, Europe",City,Direct,51.5085,-0.1257,,,52,,,,,,,,,,,,
1986,New York Afternoon,Mondo Kane,"New York, New York, United States, North America",City,Direct,40.6643,-73.9385,,,70,,,,,,,,,,,,
1986,No Sleep Till Brooklyn,Beastie Boys,"Brooklyn, New York, New York, United States, North America",Neighborhood/District,Direct,40.6782,-73.9442,,,14,2755,,,,,,,,,,y,
1986,Persiana Americana,Soda Stereo,"United States, North America",Country,Demonym,38.8951,-77.0364,,,,4518,,,,,,,,,,y,
1986,R.O.C.K. in the U.S.A.,John Cougar Mellencamp,"United States, North America",Country,Direct,38.8951,-77.0364,2,66,67,,,,,,,,,,,,
1986,South Bronx,Boogie Down Productions,"The Bronx, New York, New York, United States, North America",Neighborhood/District,Direct,40.84985,-73.86641,,,,2596,,402,,,,,,,,,
1986,Soweto,Jeffrey Osborne,"Soweto, South Africa, Africa",Neighborhood/District,Direct,-26.26781,27.85849,,,44,,,,,,,,,,,,
1986,The Belle of Belfast City,Lick the Tins,"Belfast, Northern Ireland, United Kingdom, Europe",City,Direct,54.59682,-5.92541,,,99,,,,,,,,,,,,
1986,Tokyo Storm Warning,Elvis Costello and the Attractions,"Tokyo, Japan, Asia",City,Direct,35.6895,139.6917,,,73,8690,,,,,,,,,,,
1986,Vienna Calling,Falco,"Vienna, Austria, Europe",City,Direct,48.2085,16.3721,18,,10,,,,,,,,,,,,
1986,Viva La Mexico,Black Lace,"Mexico, North America",Country,Direct,19.4285,-99.1277,,,79,,,,,,,,,,,,
1986,Voice of America's Sons,John Cafferty and The Beaver Brown Band,"United States, North America",Country,Direct,38.8951,-77.0364,62,,,,,,,,,,,,,,
1986,Walk Like an Egyptian,The Bangles,"Egypt, Africa",Country,Demonym,30.0626,31.2497,1,1,3,2627,,,,,,,,,,y,
1986,Waterloo,Doctor and the Medics and Roy Wood,"Waterloo, Belgium, Europe",Street/Landmark,Direct,50.7147,4.399,,,45,,,,,,,,,,,,
1986,Yankee Rose,David Lee Roth,"United States, North America",Country,Demonym,38.8951,-77.0364,16,,,,,,,,,,,,,,
1987,All My Ex's Live in Texas,George Strait,"Texas, United States, North America",State/Region,Direct,31.054,-97.563,,,,,,,,,,,,,,y,
1987,American Dream,Simon F,"United States, North America",Country,Demonym,38.8951,-77.0364,91,,,,,,,,,,,,,,
1987,Barcelona,Freddie Mercury and Montserrat Caballe,"Barcelona, Spain, Europe",City,Direct,41.3888,2.159,,,8,,,,,,,,,,,,
1987,Christmas in Hollis,Run D.M.C.,"Hollis, Queens, New York, New York, United States, North America",Neighborhood/District,Direct,40.71344,-73.76708,,,56,,,,,,,,,,,,
1987,Englishman in New York,Sting,"England, United Kingdom, Europe",Country,Demonym,51.5074,-0.1278,84,,15,5453,,,,,,,,,,y,
1987,Englishman in New York,Sting,"New York, New York, United States, North America",City,Direct,40.6643,-73.9385,84,,15,5453,,,,,,,,,,y,
1987,Fairytale of New York,The Pogues ft. Kirsty MacColl,"New York, New York, United States, North America",City,Direct,40.6643,-73.9385,,,2,598,,,,,,,,,,y,
1987,First We Take Manhattan,Jennifer Warnes,"Manhattan, New York, New York, United States, North America",Neighborhood/District,Direct,40.7831,-73.9712,,,74,,,,,,,,,,,,
1987,Funky Nassau,Black Britain,"Nassau, Bahamas, North America",City,Direct,25.0582,-77.3431,,,81,,,,,,,,,,,,
1987,Glasgow Rangers Boys,Boys in Blue,"Glasgow, Scotland, United Kingdom, Europe",City,Direct,55.86515,-4.25763,,,97,,,,,,,,,,,,
1987,Going Back to Cali,LL Cool J,"California, United States, North America",State/Region,Nickname,36.116,-119.682,31,,37,4462,,260,,,,,,,,,
1987,Hot Shot Tottenham!,Tottenham Hotspur FC,"Tottenham, England, United Kingdom, Europe",City,Direct,51.60373,-0.06794,,,18,,,,,,,,,,,,
1987,Letter from America,The Proclaimers,"United States, North America",Country,Direct,38.8951,-77.0364,,,3,,,,,,,,,,,,
1987,London Times,Radio Heart ft. Gary Numan,"London, England, United Kingdom, Europe",City,Direct,51.5085,-0.1257,,,48,,,,,,,,,,,,
1987,Manhattan Skyline,a-ha,"Manhattan, New York, New York, United States, North America",Neighborhood/District,Direct,40.7831,-73.9712,,,13,,,,,,,,,,,,
1987,Memphis in the Meantime,John Hiatt,"Memphis, Tennessee, United States, North America",City,Direct,35.1035,-89.9785,,,,8459,,,,,,,,,,,
1987,Niagara Falls,Chicago,"Niagara Falls, North America",Water/Natural Feature,Direct,43.0962,-79.0377,91,,,,,,,,,,,,,,
1987,Scatterlings of Africa,Johnny Clegg and Savuka,Africa,Continent/Region,Direct,1.6508,17.6791,,,75,,,,,,,,,,,,
1987,Seattle,Public Image Limited,"Seattle, Washington, United States, North America",City,Direct,47.6205,-122.3509,,,47,,,,,,,,,,,,
1987,The Irish Rover,The Pogues and the Dubliners,"Ireland, Europe",Country,Demonym,53.3331,-6.2489,,,8,,,,,,,,,,,,
1988,A Word in Spanish,Elton John,"Spain, Europe",Country,Demonym,40.4165,-3.7026,19,,91,,,,,,,,,,,,
1988,America,Gary Numan,"United States, North America",Country,Direct,38.8951,-77.0364,,,49,,,,,,,,,,,,
1988,America,Killing Joke,"United States, North America",Country,Direct,38.8951,-77.0364,,,77,,,,,,,,,,,,
1988,An Englishman in New York,Sting,"England, United Kingdom, Europe",Country,Demonym,51.5074,-0.1278,,,51,,,,,,,,,,,,
1988,An Englishman in New York,Sting,"New York, New York, United States, North America",City,Direct,40.6643,-73.9385,,,51,,,,,,,,,,,,
1988,Anarchy in the UK,Megadeth,"United Kingdom, Europe",Country,Direct,51.5085,-0.1257,,,45,,,,,,,,,,,,
1988,Anchorage,Michelle Shocked,"Anchorage, Alaska, United States, North America",City,Direct,61.1775,-149.2744,66,,60,4447,,,,,,,,,,,
1988,Angel of Harlem,U2,"Harlem, New York, New York, United States, North America",Neighborhood/District,Direct,40.8116,-73.9465,14,,9,3893,,,,,,,,,,,
1988,Coming to America,The System,"United States, North America",Country,Direct,38.8951,-77.0364,91,,,,,,,,,,,,,,
1988,Escape from New York,Nasty Rox Inc,"New York, New York, United States, North America",City,Direct,40.6643,-73.9385,,,93,,,,,,,,,,,,
1988,European Rain,The Big Dish,Europe,Continent/Region,Demonym,54.526,15.2551,,,78,,,,,,,,,,,,
1988,First We Take Manhattan,Leonard Cohen,"Manhattan, New York, New York, United States, North America",Neighborhood/District,Direct,40.7831,-73.9712,,,,3293,,,,,,,,,,,
1988,Hey Manhattan,Prefab Sprout,"Manhattan, New York, New York, United States, North America",Neighborhood/District,Direct,40.7831,-73.9712,,,72,,,,,,,,,,,,
1988,Hole in My Heart (All the Way to China),Cyndi Lauper,"China, Asia",Country,Direct,39.9075,116.3972,54,,,,,,,,,,,,,,
1988,It Began in Africa,Urban All Stars,Africa,Continent/Region,Direct,1.6508,17.6791,,,64,,,,,,,,,,,,
1988,Posse on Broadway,Sir Mix-A-Lot,"Broadway, New York, New York, United States, North America",Street/Landmark,Direct,40.759,-73.9845,70,,,,,,,,,,,,,,
1988,Pump up London,Mr. Lee,"London, England, United Kingdom, Europe",City,Direct,51.5085,-0.1257,,,64,,,,,,,,,,,,
1988,Route 66,Depeche Mode,"U.S. Route 66, United States, North America",Street/Landmark,Direct,35.2,-101.8,61,,,,,,,,,,,,,,
1988,Straight Outta Compton,N.W.A,"Compton, California, United States, North America",City,Direct,33.8926,-118.2274,38,,66,427,,384,,,,,,248,,y,
1988,Streets of Sorrow/Birmingham Six,The Pogues,"Birmingham, Alabama, United States, North America",City,Direct,33.5274,-86.799,,,,8596,,,,,,,,,,,
1988,Theme from 'Vietnam Vietnam',Jean Luc Paillard and Orchestre de Chambre,"Vietnam, Asia",Country,Direct,21.0245,105.84117,,,61,,,,,,,,,,,,
1988,We Are South American Rockers,Los Prisioneros,"United States, North America",Country,Demonym,38.8951,-77.0364,,,,9009,,,,,,,,,,,
1988,"Wild, Wild West",Kool Moe Dee,"American West, United States, North America",Continent/Region,Direct,40,-112,62,,,,,,,,,,,,,,
1988,"Wild, Wild West",The Escape Club,"American West, United States, North America",Continent/Region,Direct,40,-112,1,18,,,,,,,,,,,,,
1989,A New South Wales,The Alarm ft. the Morrison Orpheus Male Voice Choir,"Wales, United Kingdom, Europe",Country,Direct,51.4816,-3.1791,,,31,,,,,,,,,,,,
1989,America Blue,His Latest Flame,"United States, North America",Country,Direct,38.8951,-77.0364,,,85,,,,,,,,,,,,
1989,American Dream,"Crosby, Stills, Nash & Young","United States, North America",Country,Demonym,38.8951,-77.0364,,,55,,,,,,,,,,,,
1989,American Eyes,The Lilac Time,"United States, North America",Country,Demonym,38.8951,-77.0364,,,94,,,,,,,,,,,,
1989,Belfast Child,Simple Minds,"Belfast, Northern Ireland, United Kingdom, Europe",City,Direct,54.59682,-5.92541,,,1,4587,,,,,,,,,,,
1989,California Blue,Roy Orbison,"California, United States, North America",State/Region,Direct,36.116,-119.682,,,77,,,,,,,,,,,,
1989,Different Trains: America Before the War,Steve Reich,"United States, North America",Country,Direct,38.8951,-77.0364,,,,8315,,,,,,,,,,,
1989,Harlem Desire,London Boys,"Harlem, New York, New York, United States, North America",Neighborhood/District,Direct,40.8116,-73.9465,,,17,,,,,,,,,,,,
1989,I'm Riffin (English Rasta),MC Duke,"England, United Kingdom, Europe",Country,Demonym,51.5074,-0.1278,,,75,,,,,,,,,,,,
1989,King of the New York Streets,Dion,"New York, New York, United States, North America",City,Direct,40.6643,-73.9385,,,74,,,,,,,,,,,,
1989,London Nights,London Boys,"London, England, United Kingdom, Europe",City,Direct,51.5085,-0.1257,,,2,,,,,,,,,,,,
1989,New Orleans Is Sinking,The Tragically Hip,"New Orleans, Louisiana, United States, North America",City,Direct,30.0686,-89.939,,,,9097,,,,,,,,,,,
1989,Scottish Rain,The Silencers,"Scotland, United Kingdom, Europe",Country,Demonym,55.9533,-3.1883,,,71,,,,,,,,,,,,
1989,Skaville UK,Bad Manners,"United Kingdom, Europe",Country,Direct,51.5085,-0.1257,,,87,,,,,,,,,,,,
1989,Storms in Africa (Part II),Enya,Africa,Continent/Region,Direct,1.6508,17.6791,,,41,,,,,,,,,,,,
1990,A.F.R.I.C.A.,Stetsasonic,Africa,Continent/Region,Direct,1.6508,17.6791,,,81,,,,,,,,,,,,
1990,Banned in the U.S.A.,Luke ft. The 2 Live Crew,"United States, North America",Country,Direct,38.8951,-77.0364,20,,,,,,,,,,,,,,
1990,Belfast,Energy Orchard,"Belfast, Northern Ireland, United Kingdom, Europe",City,Direct,54.59682,-5.92541,,,52,,,,,,,,,,,,
1990,Brooklyn-Queens,3rd Bass,"Brooklyn, New York, New York, United States, North America",Neighborhood/District,Direct,40.6782,-73.9442,,,61,,,,,,,,,,,,
1990,Brooklyn-Queens,3rd Bass,"Queens, New York, New York, United States, North America",Neighborhood/District,Direct,40.7282,-73.7949,,,61,,,,,,,,,,,,
1990,Burundi Blues,Beats International,"Burundi, Africa",Country,Direct,-3.42708,29.92463,,,51,,,,,,,,,,,,
1990,California Dreamin',River City People,"California, United States, North America",State/Region,Direct,36.116,-119.682,,,13,,,,,,,,,,,,
1990,Coney Island,Van Morrison,"Coney Island, New York, New York, United States, North America",Street/Landmark,Direct,40.5755,-73.9707,,,76,,,,,,,,,,,,
1990,Flower of Scotland,Scottish Rugby Team and Ronnie Browne,"Scotland, United Kingdom, Europe",Country,Direct,55.9533,-3.1883,,,73,,,,,,,,,,,,
1990,Georgia on My Mind,Michael Bolton,"Georgia, United States, North America",State/Region,Direct,33.04,-83.643,36,,94,,,,,,,,,,,,
1990,Good Morning Britain,Aztec Camera and Mick Jones,"United Kingdom, Europe",Country,Direct,51.5085,-0.1257,,,19,,,,,,,,,,,,
1990,Hotel California,Jam on the Mutha,"California, United States, North America",State/Region,Direct,36.116,-119.682,,,62,,,,,,,,,,,,
1990,In Zaire,African Business,"Democratic Republic of the Congo, Africa",Country,Direct,-4.32758,15.31357,,,73,,,,,,,,,,,,
1990,Istanbul (Not Constantinople),They Might Be Giants,"Istanbul, Turkey, Asia",City,Direct,41.0138,28.9497,,,61,,,,,,,,,,,,
1990,It Never Rains in Southern California,Tony! Toni! Tone!,"California, United States, North America",State/Region,Direct,36.116,-119.682,34,,69,,,,,,,,,,,,
1990,Justice in Ontario,Steve Earle and the Dukes,"Ontario, California, United States, North America",City,Direct,34.06334,-117.65089,,,91,,,,,,,,,,,,
1990,Kingston Town,UB40,"Kingston, Jamaica, North America",City,Direct,17.99702,-76.79358,,,4,,,,,,,,,,,y,
1990,L.A. Woman,Billy Idol,"Los Angeles, California, United States, North America",City,Nickname,34.0194,-118.4108,52,,,,,,,,,,,,,,
1990,Never Been to Texas,Power of Dreams,"Texas, United States, North America",State/Region,Direct,31.054,-97.563,,,87,,,,,,,,,,,,
1990,New York Minute,Don Henley,"New York, New York, United States, North America",City,Direct,40.6643,-73.9385,48,,,,,,,,,,,,,,
1990,Oakland Stroke,Tony! Toni! Tone!,"Oakland, California, United States, North America",City,Direct,37.80437,-122.2708,,,50,,,,,,,,,,,,
1990,Return to Brixton,The Clash,"Brixton, London, England, United Kingdom, Europe",Neighborhood/District,Direct,51.46593,-0.10652,,,57,,,,,,,,,,,,
1990,Summer in Siam,The Pogues,"Thailand, Asia",Country,Direct,13.754,100.5014,,,64,,,,,,,,,,,,
1990,Texas,Chris Rea,"Texas, United States, North America",State/Region,Direct,31.054,-97.563,,,69,,,,,,,,,,,,
1990,The King and Queen of America,Eurythmics,"United States, North America",Country,Direct,38.8951,-77.0364,,,29,,,,,,,,,,,,
1990,UK Blak,Caron Wheeler,"United Kingdom, Europe",Country,Direct,51.5085,-0.1257,,,40,,,,,,,,,,,,
1990,Way out West,Man and No Name,"American West, United States, North America",Continent/Region,Direct,40,-112,,,92,,,,,,,,,,,,
1990,We Are Leeds,The Crew,"Leeds, England, United Kingdom, Europe",City,Direct,53.79648,-1.54785,,,91,,,,,,,,,,,,
1991,African Reign,Deep C,Africa,Continent/Region,Demonym,1.6508,17.6791,,,75,,,,,,,,,,,,
1991,All the Way from Memphis,Contraband,"Memphis, Tennessee, United States, North America",City,Direct,35.1035,-89.9785,,,65,,,,,,,,,,,,
1991,American Dream,Power of Dreams,"United States, North America",Country,Demonym,38.8951,-77.0364,,,74,,,,,,,,,,,,
1991,By the Time I Get to Arizona,Public Enemy,"Arizona, United States, North America",State/Region,Direct,33.729,-111.431,,,,7882,,,,,,,,,,,
1991,Caribbean Blue,Enya,"Caribbean, North America",Continent/Region,Direct,14.5,-75,79,,13,,,,,,,,,,,y,
1991,Fuck Compton,Tim Dog,"Compton, California, United States, North America",City,Direct,33.8926,-118.2274,,,,9888,,,,,,,,,,,
1991,I Left My Wallet in El Segundo,A Tribe Called Quest,"El Segundo, California, United States, North America",City,Direct,33.91918,-118.41647,,,86,,,,,,,,,,,,
1991,Miss America,The Big Dish,"United States, North America",Country,Direct,38.8951,-77.0364,,,37,,,,,,,,,,,,
1991,Motown Junk,Manic Street Preachers,"Detroit, Michigan, United States, North America",City,Nickname,42.383,-83.1022,,,94,,,,,,,,,,,,
1991,Motown Song,Rod Stewart,"Detroit, Michigan, United States, North America",City,Nickname,42.383,-83.1022,,,10,,,,,,,,,,,,
1991,Move to Memphis,a-ha,"Memphis, Tennessee, United States, North America",City,Direct,35.1035,-89.9785,,,47,,,,,,,,,,,,
1991,My Head's in Mississippi,ZZ Top,"Mississippi, United States, North America",State/Region,Direct,32.741,-89.678,,,37,,,,,,,,,,,,
1991,Papua New Guinea,The Future Sound of London,"Papua New Guinea, Oceania",Country,Direct,-9.47723,147.15089,,,22,2156,,,,,,,,,,,
1991,The Devil Came up to Michigan,K.M.C. KRU,"Michigan, United States, North America",State/Region,Direct,43.326,-84.536,46,,,,,,,,,,,,,,
1991,The Motown Song,Rod Stewart,"Detroit, Michigan, United States, North America",City,Nickname,42.383,-83.1022,10,99,,,,,,,,,,,,,
1991,Walking in Memphis,Marc Cohn,"Memphis, Tennessee, United States, North America",City,Direct,35.1035,-89.9785,13,,66,3763,,,,,,,,,,y,
1992,America: What Time Is Love,KLF,"United States, North America",Country,Direct,38.8951,-77.0364,,,4,,,,,,,,,,,,
1992,Baker Street,Undercover,"Baker Street, London, England, United Kingdom, Europe",Street/Landmark,Direct,51.5237,-0.1585,,,2,,,,,,,,,,,,
1992,California,The Wedding Present,"California, United States, North America",State/Region,Direct,36.116,-119.682,,,16,,,,,,,,,,,,
1992,California Here I Come,Sophie B. Hawkins,"California, United States, North America",State/Region,Direct,36.116,-119.682,,,53,,,,,,,,,,,,
1992,Don't Cry for Me Argentina,Sinead O'Connor,"Argentina, South America",Country,Direct,-34.6131,-58.3772,,,53,,,,,,,,,,,,
1992,Fair Blows the Wind for France,Pele,"France, Europe",Country,Direct,48.8534,2.3488,,,62,,,,,,,,,,,,
1992,Goin' Out West,Tom Waits,"American West, United States, North America",Continent/Region,Direct,40,-112,,,,8426,,,,,,,,,,,
1992,In Liverpool,Suzanne Vega,"Liverpool, England, United Kingdom, Europe",City,Direct,53.4106,-2.9779,,,52,,,,,,,,,,,,
1992,Jus Lyke Compton,DJ Quik,"Compton, California, United States, North America",City,Direct,33.8926,-118.2274,62,,,,,,,,,,,,,,
1992,Leeds Leeds Leeds,Leeds United AFC,"Leeds, England, United Kingdom, Europe",City,Direct,53.79648,-1.54785,,,54,,,,,,,,,,,,
1992,Live in Manchester (Parts 1 and 2),N-Joi,"Manchester, England, United Kingdom, Europe",City,Direct,53.48095,-2.23743,,,12,,,,,,,,,,,,
1992,Miami Hit Mix,Gloria Estefan,"Miami, Florida, United States, North America",City,Direct,25.7752,-80.2086,,,8,,,,,,,,,,,,
1992,Somewhere in America,Was (Not Was),"United States, North America",Country,Direct,38.8951,-77.0364,,,57,,,,,,,,,,,,
1992,Spanish Horses,Aztec Camera,"Spain, Europe",Country,Demonym,40.4165,-3.7026,,,52,,,,,,,,,,,,
1992,Tennessee,Arrested Development,"Tennessee, United States, North America",State/Region,Direct,35.747,-86.692,6,40,46,1192,,,,,,,Y,,,,
1992,Viva Las Vegas,ZZ Top,"Las Vegas, Nevada, United States, North America",City,Direct,36.2277,-115.264,,,10,,,,,,,,,,,,
1992,Wasted in America,Love and Hate,"United States, North America",Country,Direct,38.8951,-77.0364,,,38,,,,,,,,,,,,
1993,American TV,Terrorvision,"United States, North America",Country,Demonym,38.8951,-77.0364,,,63,,,,,,,,,,,,
1993,Anarchy in the UK,Green Jelly,"United Kingdom, Europe",Country,Direct,51.5085,-0.1257,,,27,,,,,,,,,,,,
1993,Berlin Chair,You Am I,"Berlin, Germany, Europe",City,Direct,52.5244,13.4105,,,,4645,,,,,,,,,,,
1993,Boogie at Russian Hall,John Lee Hooker,"Russia, Europe",Country,Demonym,55.752,37.6178,,,53,,,,,,,,,,,,
1993,Fashion Crisis Hits New York,The Frank and Walters,"New York, New York, United States, North America",City,Direct,40.6643,-73.9385,,,42,,,,,,,,,,,,
1993,French Disko,Stereolab,"France, Europe",Country,Demonym,48.8534,2.3488,,,75,3743,,,,,,,,,,,
1993,Glastonbury Song,The Waterboys,"Glastonbury, Connecticut, United States, North America",City,Direct,41.71232,-72.60815,,,29,,,,,,,,,,,,
1993,God Blessed Texas,Little Texas,"Texas, United States, North America",State/Region,Direct,31.054,-97.563,55,,,,,,,,,,,,,,
1993,I'm in a Philly Mood,Daryl Hall,"Philadelphia, Pennsylvania, United States, North America",City,Nickname,40.0094,-75.1333,82,,52,,,,,,,,,,,,
1993,Jamaican in New York,Shinehead,"Jamaica, North America",Country,Demonym,17.997,-76.7936,,,30,,,,,,,,,,,,
1993,Jamaican in New York,Shinehead,"New York, New York, United States, North America",City,Direct,40.6643,-73.9385,,,30,,,,,,,,,,,,
1993,London X-Press,X-Press 2,"London, England, United Kingdom, Europe",City,Direct,51.5085,-0.1257,,,59,,,,,,,,,,,,
1993,London's Brilliant,Wendy James,"London, England, United Kingdom, Europe",City,Direct,51.5085,-0.1257,,,62,,,,,,,,,,,,
1993,Oh Carolina,Shaggy,"The Carolinas, United States, North America",State/Region,Direct,34.8,-79.5,59,,,,,,,,,,,,,,
1993,San Francisco Days,Chris Isaak,"San Francisco, California, United States, North America",City,Direct,37.78,-122.4193,,,62,,,,,,,,,,,,
1993,Sister Havana,Urge Overkill,"Havana, Cuba, North America",City,Direct,23.133,-82.383,,,67,4995,,,,,,,,,,,
1993,Streets of Philadelphia,Bruce Springsteen,"Philadelphia, Pennsylvania, United States, North America",City,Direct,40.0094,-75.1333,9,54,2,1316,,,,,,,Y,,,y,
1993,Sunset Boulevard,Michael Ball,"Sunset Boulevard, Los Angeles, California, United States, North America",Street/Landmark,Direct,34.09,-118.385,,,72,,,,,,,,,,,,
1993,Texas Cowboys,The Grid,"Texas, United States, North America",State/Region,Direct,31.054,-97.563,,,17,,,,,,,,,,,,
1993,U.S.A.,WWF Superstars ft. Hacksaw Jim Duggan,"United States, North America",Country,Direct,38.8951,-77.0364,,,71,,,,,,,,,,,,
1993,UK-U.S.A.,Eskimos and Egypt,"United Kingdom, Europe",Country,Direct,51.5085,-0.1257,,,52,,,,,,,,,,,,
1993,UK-U.S.A.,Eskimos and Egypt,"United States, North America",Country,Direct,38.8951,-77.0364,,,52,,,,,,,,,,,,
1993,Virginia Plan,Slamm,"Virginia, United States, North America",State/Region,Direct,37.769,-78.17,,,60,,,,,,,,,,,,
1994,America - World Cup Theme 1994,Leonard Bernstein,"United States, North America",Country,Direct,38.8951,-77.0364,,,44,,,,,,,,,,,,
1994,American Life in the Summertime,Francis Dunnery,"United States, North America",Country,Demonym,38.8951,-77.0364,,,91,,,,,,,,,,,,
1994,Astral America,Apollo 440,"United States, North America",Country,Direct,38.8951,-77.0364,,,36,,,,,,,,,,,,
1994,Chinese Bakery,The Auteurs,"China, Asia",Country,Demonym,39.9075,116.3972,,,42,,,,,,,,,,,,
1994,Coney Island,Liam Neeson,"Coney Island, New York, New York, United States, North America",Street/Landmark,Direct,40.5755,-73.9707,,,88,,,,,,,,,,,,
1994,Detroit,Whiteout,"Detroit, Michigan, United States, North America",City,Direct,42.383,-83.1022,,,73,,,,,,,,,,,,
1994,Elegantly American,M People,"United States, North America",Country,Demonym,38.8951,-77.0364,,,31,,,,,,,,,,,,
1994,La Noche Que Murio Chicago,Banda Toro,"Chicago, Illinois, United States, North America",City,Direct,41.8376,-87.6818,,,,,,,,,,,,,,y,
1994,Leaving Las Vegas,Sheryl Crow,"Las Vegas, Nevada, United States, North America",City,Direct,36.2277,-115.264,60,,66,,,,,,,,,,,,
1994,"London, England",Corduroy,"London, England, United Kingdom, Europe",City,Direct,51.5085,-0.1257,,,82,,,,,,,,,,,,
1994,Longview,Green Day,"Longview, Washington, United States, North America",City,Direct,46.1382,-122.9382,,,30,1278,,,,,,,,,,y,
1994,Lost in America,Alice Cooper,"United States, North America",Country,Direct,38.8951,-77.0364,,,22,,,,,,,,,,,,
1994,N.Y. State of Mind,Nas,"New York, New York, United States, North America",City,Direct,40.6643,-73.9385,,,,2489,,,,,,,,,,,
1994,New York Express,Hardheads,"New York, New York, United States, North America",City,Direct,40.6643,-73.9385,,,78,,,,,,,,,,,,
1994,Philadelphia,Neil Young,"Philadelphia, Pennsylvania, United States, North America",City,Direct,40.0094,-75.1333,,,62,,,,,,,,,,,,
1994,Picture Postcards from L.A.,Joshua Kadison,"Los Angeles, California, United States, North America",City,Nickname,34.0194,-118.4108,84,,,,,,,,,,,,,,
1995,American Pie,Chupito,"United States, North America",Country,Demonym,38.8951,-77.0364,,,54,,,,,,,,,,,,
1995,American Pie,Just Luis,"United States, North America",Country,Demonym,38.8951,-77.0364,,,31,,,,,,,,,,,,
1995,Amsterdam,Van Halen,"Amsterdam, The Netherlands, Europe",City,Direct,52.37403,4.88969,,,76,,,,,,,,,,,,
1995,Belfast,Orbital,"Belfast, Northern Ireland, United Kingdom, Europe",City,Direct,54.59682,-5.92541,,,53,,,,,,,,,,,,
1995,Brooklyn Zoo,Ol' Dirty Bastard,"Brooklyn, New York, New York, United States, North America",Neighborhood/District,Direct,40.6782,-73.9442,54,,,3046,,,,,,,,,,,
1995,California Love,2Pac ft. Dr. Dre and Roger Troutman,"California, United States, North America",State/Region,Direct,36.116,-119.682,1,17,6,580,,,,,,,Y,320,Y,y,
1995,Camden Town,Suggs,"Camden Town, London, England, United Kingdom, Europe",Neighborhood/District,Direct,51.539,-0.1426,,,14,,,,,,,,,,,,
1995,Caribbean Blue,Big Mountain,"Caribbean, North America",Continent/Region,Direct,14.5,-75,,,94,,,,,,,,,,,,
1995,Cry India,Umboza,"India, Asia",Country,Direct,28.62137,77.2148,,,19,,,,,,,,,,,,
1995,Cuban Pete,Jim Carrey,"Cuba, North America",Country,Demonym,23.133,-82.383,,,31,,,,,,,,,,,,
1995,Dagenham Dave,Morrissey,"Dagenham, England, United Kingdom, Europe",City,Direct,51.55,0.16667,,,26,,,,,,,,,,,,
1995,From the Bench at Belvidere,The Boo Radleys,"Belvidere Road, Wallasey, England, United Kingdom, Europe",Street/Landmark,Direct,53.4306,-3.05,,,24,,,,,,,,,,,,
1995,Goodbye America,Wasp,"United States, North America",Country,Direct,38.8951,-77.0364,,,88,,,,,,,,,,,,
1995,Made in England,Elton John,"England, United Kingdom, Europe",Country,Direct,51.5074,-0.1278,52,,18,,,,,,,,,,,,
1995,Minus 61 in Detroit,David Holmes,"Detroit, Michigan, United States, North America",City,Direct,42.383,-83.1022,,,82,,,,,,,,,,,,
1995,Miss Sarajevo,Passengers,"Sarajevo, Bosnia and Herzegovina, Europe",City,Direct,43.84864,18.35644,,,6,,,,,,,,,,,,
1995,Miss Sarajevo,U2 and Brian Eno,"Sarajevo, Bosnia and Herzegovina, Europe",City,Direct,43.84864,18.35644,,,,5870,,,,,,,,,,,
1995,Ohio,Utah Saints,"Ohio, United States, North America",State/Region,Direct,40.388,-82.764,,,42,,,,,,,,,,,,
1995,Raoul and the Kings of Spain,Tears for Fears,"Spain, Europe",Country,Direct,40.4165,-3.7026,,,31,,,,,,,,,,,,
1995,Santa Monica (Watch the World Die),Everclear,"Santa Monica, California, United States, North America",City,Direct,34.01949,-118.49138,,,40,2324,,479,,,,,,,,y,
1995,Sugar Hill,AZ,"Sugar Hill, Harlem, New York, New York, United States, North America",Neighborhood/District,Direct,40.8264,-73.945,25,84,,,,,,,,,,,,,
1995,The Snows of New York,Chris de Burgh,"New York, New York, United States, North America",City,Direct,40.6643,-73.9385,,,60,,,,,,,,,,,,
1995,Vegas,Sleeper,"Las Vegas, Nevada, United States, North America",City,Nickname,36.2277,-115.264,,,33,,,,,,,,,,,,
1995,Walking in Memphis,Cher,"Memphis, Tennessee, United States, North America",City,Direct,35.1035,-89.9785,,,11,,,,,,,,,,,,
1995,Walking to Jerusalem,Tracy Byrd,"Jerusalem, Israel, Asia",City,Direct,31.769,35.2163,92,,,,,,,,,,,,,,
1995,White Cliffs of Dover,Robson & Jerome,"Dover, England, United Kingdom, Europe",City,Direct,51.1279,1.3134,,,1,,,,,,,,,,,,
1995,"Wild, Wild West",Get Ready,"American West, United States, North America",Continent/Region,Direct,40,-112,,,65,,,,,,,,,,,,
1996,African Dream,Wasis Diop ft. Lena Fiagbe,Africa,Continent/Region,Demonym,1.6508,17.6791,,,44,,,,,,,,,,,,
1996,Alabama Blues (Revisited),St. Germain,"Alabama, United States, North America",State/Region,Direct,32.806,-86.791,,,50,,,,,,,,,,,,
1996,America (I Love America),Full Intention,"United States, North America",Country,Direct,38.8951,-77.0364,,,32,,,,,,,,,,,,
1996,Australia,Manic Street Preachers,"Australia, Oceania",Country,Direct,-35.2809,149.13,,,7,,,,,,,,,,,,
1996,Birmingham,Amanda Marshall,"Birmingham, England, United Kingdom, Europe",City,Direct,52.4814,-1.8998,43,,,,,,,,,,,,,,
1996,Chinese Burn,Heavy Stereo,"China, Asia",Country,Demonym,39.9075,116.3972,,,45,,,,,,,,,,,,
1996,Cuba,El Mariachi,"Cuba, North America",Country,Direct,23.133,-82.383,,,38,,,,,,,,,,,,
1996,Dirty South,Goodie Mob,"American South, United States, North America",Continent/Region,Direct,33,-86,92,,,,,,,,,,,,,,
1996,Don't Cry for Me Argentina,Madonna,"Argentina, South America",Country,Direct,-34.6131,-58.3772,8,87,3,,,,,,,,,,,,
1996,Don't Cry for Me Argentina,The Mike Flowers Pops,"Argentina, South America",Country,Direct,-34.6131,-58.3772,,,30,,,,,,,,,,,,
1996,East Coast/West Coast Killas,Group Therapy,"East Coast, United States, North America",Continent/Region,Direct,39,-75.5,,,51,,,,,,,,,,,,
1996,East Coast/West Coast Killas,Group Therapy,"West Coast, United States, North America",Continent/Region,Direct,40,-122,,,51,,,,,,,,,,,,
1996,England's Irie,Black Grape and J Strummer and K Allen,"England, United Kingdom, Europe",Country,Direct,51.5074,-0.1278,,,6,,,,,,,,,,,,
1996,Good Evening Philadelphia,Ricky Ross,"Philadelphia, Pennsylvania, United States, North America",City,Direct,40.0094,-75.1333,,,58,,,,,,,,,,,,
1996,"Heads Carolina, Tails California",Jo Dee Messina,"California, United States, North America",State/Region,Direct,36.116,-119.682,,,,,,,,,,,,,,y,
1996,"Heads Carolina, Tails California",Jo Dee Messina,"The Carolinas, United States, North America",State/Region,Direct,34.8,-79.5,,,,,,,,,,,,,,y,
1996,India,Puressence,"India, Asia",Country,Direct,28.62137,77.2148,,,98,,,,,,,,,,,,
1996,Jerusalem '96,Charlie Skarbek and Andy Davies,"Jerusalem, Israel, Asia",City,Direct,31.769,35.2163,,,89,,,,,,,,,,,,
1996,Key West Intermezzo (I Saw You First),John Mellencamp,"Key West, Florida, United States, North America",City,Direct,24.5652,-81.7758,14,71,83,,,,,,,,,,,,
1996,Little Britain,Dreadzone,"United Kingdom, Europe",Country,Direct,51.5085,-0.1257,,,20,,,,,,,,,,,,
1996,London Tonight,Collapsed Lung,"London, England, United Kingdom, Europe",City,Direct,51.5085,-0.1257,,,31,,,,,,,,,,,,
1996,Pass & Move (It's the Liverpool Groove),Liverpool FC and Boot Room Boyz,"Liverpool, England, United Kingdom, Europe",City,Direct,53.4106,-2.9779,,,4,,,,,,,,,,,,
1996,Rotterdam,The Beautiful South,"Rotterdam, The Netherlands, Europe",City,Direct,51.9225,4.47917,,,5,,,,,,,,,,,,
1996,Stranger in Moscow,Michael Jackson,"Moscow, Russia, Europe",City,Direct,55.752,37.6178,91,,4,,,,,,,,,,,,
1996,Take California,Propellerheads,"California, United States, North America",State/Region,Direct,36.116,-119.682,,,69,,,,,,,,,,,,
1996,Un Jour En France,Noir Désir,"France, Europe",Country,Direct,48.8534,2.3488,,,,6963,,,,,,,,,,,
1997,A London Thing,Scott Garcia ft. MC Styles,"London, England, United Kingdom, Europe",City,Direct,51.5085,-0.1257,,,29,,,,,,,,,,,,
1997,Argentina,Jeremy Healy and Amos,"Argentina, South America",Country,Direct,-34.6131,-58.3772,,,30,,,,,,,,,,,,
1997,Brooklyn Beats,Scotti Deep,"Brooklyn, New York, New York, United States, North America",Neighborhood/District,Direct,40.6782,-73.9442,,,67,,,,,,,,,,,,
1997,California,Belinda Carlisle,"California, United States, North America",State/Region,Direct,36.116,-119.682,,,31,,,,,,,,,,,,
1997,Don't Cry for Me Argentina,Who's That Girl!,"Argentina, South America",Country,Direct,-34.6131,-58.3772,,,88,,,,,,,,,,,,
1997,Drinking in L.A.,Bran Van 3000,"Los Angeles, California, United States, North America",City,Direct,34.0194,-118.4108,,,,2575,,,,,,,,,,,
1997,Ecuador,Sash! ft. Rodriguez,"Ecuador, South America",Country,Direct,-0.22985,-78.52495,,,2,,,,,,,,,,,y,
1997,Freeze the Atlantic,Cable,Atlantic Ocean,Water/Natural Feature,Direct,30,-40,,,44,,,,,,,,,,,,
1997,Galveston,The Lemonheads,"Galveston, Texas, United States, North America",City,Direct,29.1833,-94.9698,,,92,,,,,,,,,,,,
1997,Glasgow Rangers (Nine in a Row),Rangers FC,"Glasgow, Scotland, United Kingdom, Europe",City,Direct,55.86515,-4.25763,,,54,,,,,,,,,,,,
1997,Going Back to Cali,The Notorious B.I.G.,"California, United States, North America",State/Region,Nickname,36.116,-119.682,26,,,,,,,,,,,,,,
1997,Havana,Kenny G,"Havana, Cuba, North America",City,Direct,23.133,-82.383,66,,,,,,,,,,,,,,
1997,King of New York,Fun Lovin' Criminals,"New York, New York, United States, North America",City,Direct,40.6643,-73.9385,,,28,,,,,,,,,,,,
1997,Mexican Wave,Kerbdog,"Mexico, North America",Country,Demonym,19.4285,-99.1277,,,49,,,,,,,,,,,,
1997,Midnight in Chelsea,Jon Bon Jovi,"Chelsea, New York, New York, United States, North America",Neighborhood/District,Direct,40.7465,-74.0014,,,4,,,,,,,,,,,,
1997,Mon Amour Tokyo,Pizzicato Five,"Tokyo, Japan, Asia",City,Direct,35.6895,139.6917,,,72,,,,,,,,,,,,
1997,Mum's Gone to Iceland,Bennet,"Iceland, Europe",Country,Direct,64.1466,-21.9426,,,34,,,,,,,,,,,,
1997,Native New Yorker,Blackbox,"New York, New York, United States, North America",City,Demonym,40.6643,-73.9385,,,46,,,,,,,,,,,,
1997,Queen of New Orleans,Jon Bon Jovi,"New Orleans, Louisiana, United States, North America",City,Direct,30.0686,-89.939,,,10,,,,,,,,,,,,
1997,Seven Years in Tibet,David Bowie,"Tibet, Asia",Country,Direct,29.652,91.1721,,,61,,,,,,,,,,,,
1997,Spiller from Rio (Do It Easy),Laguna,"Rio de Janeiro, Brazil, South America",City,Direct,-22.9064,-43.1822,,,40,,,,,,,,,,,,
1997,The Ice of Boston,The Dismemberment Plan,"Boston, Massachusetts, United States, North America",City,Direct,42.332,-71.0202,,,,3881,,,,,,,,,,,
1997,This Is My Hollywood,3 Colours Red,"Hollywood, California, United States, North America",Neighborhood/District,Direct,34.0928,-118.3287,,,48,,,,,,,,,,,,
1997,Tokyo Stealth Fighter,Dave Angel,"Tokyo, Japan, Asia",City,Direct,35.6895,139.6917,,,58,,,,,,,,,,,,
1997,Wake up America,Poppyheads,"United States, North America",Country,Direct,38.8951,-77.0364,,,86,,,,,,,,,,,,
1997,Waterloo Sunset,Cathy Dennis,"London Waterloo, Lambeth, London, England, United Kingdom, Europe",Street/Landmark,Direct,51.5031,-0.1132,,,11,,,,,,,,,,,,
1997,Women of Ireland,Mike Oldfield,"Ireland, Europe",Country,Direct,53.3331,-6.2489,,,70,,,,,,,,,,,,
1998,A Little Past Little Rock,Lee Ann Womack,"Little Rock, Arkansas, United States, North America",City,Direct,34.7254,-92.3586,43,,,,,,,,,,,,,,
1998,A Nanny in Manhattan,Lilys,"Manhattan, New York, New York, United States, North America",Neighborhood/District,Direct,40.7831,-73.9712,,,16,,,,,,,,,,,,
1998,African Horizon,Mystica,Africa,Continent/Region,Demonym,1.6508,17.6791,,,59,,,,,,,,,,,,
1998,Amazon Chant,Airscape,"Amazon River, South America",Water/Natural Feature,Direct,-3.119,-60.0217,,,46,,,,,,,,,,,,
1998,C'mon Cincinnati,Delakota ft. Rose Smith,"Cincinnati, Ohio, United States, North America",City,Direct,39.1399,-84.5064,,,55,,,,,,,,,,,,
1998,California Dreamin',High Jinx,"California, United States, North America",State/Region,Direct,36.116,-119.682,,,97,,,,,,,,,,,,
1998,California Screamin',Carrie,"California, United States, North America",State/Region,Direct,36.116,-119.682,,,55,,,,,,,,,,,,
1998,California Stars,Billy Bragg and Wilco,"California, United States, North America",State/Region,Direct,36.116,-119.682,,,,5932,,354,,,,,,,,,
1998,Carnaval De Paris,Dario G,"Paris, France, Europe",City,Direct,48.8534,2.3488,,,5,,,,,,,,,,,,
1998,England Made Me,Black Box Recorder,"England, United Kingdom, Europe",Country,Direct,51.5074,-0.1278,,,82,,,,,,,,,,,,
1998,English Country Garden,The Dandys,"England, United Kingdom, Europe",Country,Demonym,51.5074,-0.1278,,,57,,,,,,,,,,,,
1998,Flower of Scotland,The Corries,"Scotland, United Kingdom, Europe",Country,Direct,55.9533,-3.1883,,,99,,,,,,,,,,,,
1998,Goin' to Vegas,Jimmy Ray,"Las Vegas, Nevada, United States, North America",City,Nickname,36.2277,-115.264,,,49,,,,,,,,,,,,
1998,London Rain,Heather Nova,"London, England, United Kingdom, Europe",City,Direct,51.5085,-0.1257,,,87,,,,,,,,,,,,
1998,London Town,JDS,"London, England, United Kingdom, Europe",City,Direct,51.5085,-0.1257,,,49,,,,,,,,,,,,
1998,Long Live the UK Music Scene,Helen Love,"United Kingdom, Europe",Country,Direct,51.5085,-0.1257,,,65,,,,,,,,,,,,
1998,Miami,Will Smith,"Miami, Florida, United States, North America",City,Direct,25.7752,-80.2086,17,53,3,,,,,,,,,,,y,
1998,Nagasaki Badger,Disco Citizens,"Nagasaki, Japan, Asia",City,Direct,32.75,129.88333,,,56,,,,,,,,,,,,
1998,Scotland Be Bad,Faf Project ft. Tony Roper,"Scotland, United Kingdom, Europe",Country,Direct,55.9533,-3.1883,,,100,,,,,,,,,,,,
1998,Scotland Be Good,Tartan Army,"Scotland, United Kingdom, Europe",Country,Direct,55.9533,-3.1883,,,54,,,,,,,,,,,,
1998,Sheffield Song (I Love Her More Than...),The Supernaturals,"Sheffield, England, United Kingdom, Europe",City,Direct,53.38297,-1.4659,,,45,,,,,,,,,,,,
1998,Surfin' U.S.A.,Aaron Carter,"United States, North America",Country,Direct,38.8951,-77.0364,,,18,,,,,,,,,,,,
1998,The Day That She Left Tulsa (In a Chevy),Wade Hayes,"Tulsa, Oklahoma, United States, North America",City,Direct,36.1279,-95.9023,86,,,,,,,,,,,,,,
1998,Walk... (The Dog) Like an Egyptian,Jode ft. Yo-Hans,"Egypt, Africa",Country,Demonym,30.0626,31.2497,,,48,,,,,,,,,,,,
1999,American Woman,Lenny Kravitz,"United States, North America",Country,Demonym,38.8951,-77.0364,49,,,,,,,,,,,,,y,
1999,Baby Britain,Elliott Smith,"United Kingdom, Europe",Country,Direct,51.5085,-0.1257,,,55,,,,,,,,,,,,
1999,Come on England!,Englands's Barmy Army,"England, United Kingdom, Europe",Country,Direct,51.5074,-0.1278,,,45,,,,,,,,,,,,
1999,Down in Soho,Syd Dale,"Soho, London, England, United Kingdom, Europe",Neighborhood/District,Direct,51.5137,-0.1341,,,88,,,,,,,,,,,,
1999,Fly the Orient,Tricky Woo,East Asia,Continent/Region,Direct,35,115,,,,8398,,,,,,,,,,,
1999,Korean Bodega,Fun Lovin' Criminals,"Korea, Asia",Country,Demonym,37.566,126.9784,,,15,,,,,,,,,,,,
1999,L.A. Song,Beth Hart,"Los Angeles, California, United States, North America",City,Nickname,34.0194,-118.4108,90,,,,,,,,,,,,,,
1999,Madagascar,Art of Trance,"Madagascar, Africa",Country,Direct,-18.91368,47.53613,,,41,,,,,,,,,,,,
1999,Moving to California,Straw,"California, United States, North America",State/Region,Direct,36.116,-119.682,,,50,,,,,,,,,,,,
1999,New York City Boy,Pet Shop Boys,"New York, New York, United States, North America",City,Direct,40.6643,-73.9385,,,14,5418,,,,,,,,,,,
1999,Nights over Egypt,Incognito,"Egypt, Africa",Country,Direct,30.0626,31.2497,,,56,,,,,,,,,,,,
1999,Phoenix,Evolution,"Phoenix, Arizona, United States, North America",City,Direct,33.5722,-112.088,,,91,,,,,,,,,,,,
1999,Spanish Dance Troupe,Gorky's Zygotic Mynci,"Spain, Europe",Country,Demonym,40.4165,-3.7026,,,47,,,,,,,,,,,,
1999,Tinseltown to the Boogiedown,Scritti Politti,"Hollywood, California, United States, North America",Neighborhood/District,Nickname,34.0928,-118.3287,,,46,,,,,,,,,,,,
1999,Tinseltown to the Boogiedown,Scritti Politti,"The Bronx, New York, New York, United States, North America",Neighborhood/District,Nickname,40.84985,-73.86641,,,46,,,,,,,,,,,,
1999,Via Chicago,Wilco,"Chicago, Illinois, United States, North America",City,Direct,41.8376,-87.6818,,,,4653,,,,,,,,,,,
1999,Wild Wild West,Will Smith ft. Dru Hill and Kool Mo Dee,"American West, United States, North America",Continent/Region,Direct,40,-112,1,33,2,,,,,,,,,,,,
2000,American Bad Ass,Kid Rock,"United States, North America",Country,Demonym,38.8951,-77.0364,,,25,,,,,,,,,,,,
2000,American Pie,Madonna,"United States, North America",Country,Demonym,38.8951,-77.0364,29,,1,,,,,,,,,,,,
2000,American Pie,Who's That Girl!,"United States, North America",Country,Demonym,38.8951,-77.0364,,,93,,,,,,,,,,,,
2000,American Trilogy,The Delgados,"United States, North America",Country,Demonym,38.8951,-77.0364,,,61,,,,,,,,,,,,
2000,Arabian Pleasure,Mario Piu and Mauro Picotto,"Arabia, Asia",Country,Demonym,24.7136,46.6753,,,90,,,,,,,,,,,,
2000,Bangkok,Lady Boy,"Bangkok, Thailand, Asia",City,Direct,13.754,100.5014,,,97,,,,,,,,,,,,
2000,Barcelona,Russell Watson and Shaun Ryder,"Barcelona, Spain, Europe",City,Direct,41.3888,2.159,,,68,,,,,,,,,,,,
2000,Big Brother UK TV Theme,Element Four,"United Kingdom, Europe",Country,Direct,51.5085,-0.1257,,,4,,,,,,,,,,,,
2000,Bombs over Baghdad,Outkast,"Baghdad, Iraq, Asia",City,Direct,33.34058,44.40088,,,61,282,,2,,,,,,,,,
2000,Broadway,Goo Goo Dolls,"Broadway, New York, New York, United States, North America",Street/Landmark,Direct,40.759,-73.9845,24,84,,,,,,,,,,,,,
2000,Broadway Jungle,Toots and the Maytals,"Broadway, New York, New York, United States, North America",Street/Landmark,Direct,40.759,-73.9845,,,77,,,,,,,,,,,,
2000,Escape from New York,Disposable Disco Dubs,"New York, New York, United States, North America",City,Direct,40.6643,-73.9385,,,79,,,,,,,,,,,,
2000,Fiji,Atlantis and Avatar and M Stockley,"Fiji, Oceania",Country,Direct,-18.13683,178.42531,,,52,,,,,,,,,,,,
2000,France,Thk,"France, Europe",Country,Direct,48.8534,2.3488,,,93,,,,,,,,,,,,
2000,Freiburg V30,Tocotronic and Console,"Freiburg, Germany, Europe",City,Direct,47.9959,7.85222,,,,7356,,,,,,,,,,,
2000,From Russia with Love,Matt Darey Pts Dsp,"Russia, Europe",Country,Direct,55.752,37.6178,,,40,,,,,,,,,,,,
2000,Heart of Asia,Watergate,Asia,Continent/Region,Direct,9.5506,122.5164,,,3,,,,,,,,,,,,
2000,Helsinki,Ashtrax,"Helsinki, Finland, Europe",City,Direct,60.16952,24.93545,,,76,,,,,,,,,,,,
2000,Jerusalem,Fat Les 2000,"Jerusalem, Israel, Asia",City,Direct,31.769,35.2163,,,10,,,,,,,,,,,,
2000,Mississippi Soul,Koot,"Mississippi, United States, North America",State/Region,Direct,32.741,-89.678,,,82,,,,,,,,,,,,
2000,Oh My Sweet Carolina,Ryan Adams,"The Carolinas, United States, North America",State/Region,Direct,34.8,-79.5,,,,6607,,,,,,,,,,,
2000,Oklahoma,Billy Gilman,"Oklahoma, United States, North America",State/Region,Direct,35.565,-96.928,63,,,,,,,,,,,,,,
2000,Paris,La Oreja de Van Gogh,"Paris, France, Europe",City,Direct,48.8534,2.3488,,,,,,,,,,,,,,y,
2000,Philly Groove,Romain and Danny Krivit,"Philadelphia, Pennsylvania, United States, North America",City,Nickname,40.0094,-75.1333,,,79,,,,,,,,,,,,
2000,Real Great Britain,Asian Dub Foundation,"United Kingdom, Europe",Country,Direct,51.5085,-0.1257,,,41,,,,,,,,,,,,
2000,Rome Wasn't Built in a Day,Morcheeba,"Rome, Italy, Europe",City,Direct,41.8919,12.5113,,,34,,,,,,,,,,,,
2000,South Side,Moby ft. Gwen Stefani,"South Side, Chicago, Illinois, United States, North America",Neighborhood/District,Direct,41.75,-87.6,14,33,,,,,,,,,,,,,
2000,Spanish Guitar,Toni Braxton,"Spain, Europe",Country,Demonym,40.4165,-3.7026,98,,,,,,,,,,,,,,
2000,There Is No Arizona,Jamie O'Neal,"Arizona, United States, North America",State/Region,Direct,33.729,-111.431,40,,,,,,,,,,,,,,
2000,Uncle John from Jamaica,Vengaboys,"Jamaica, North America",Country,Direct,17.997,-76.7936,,,6,,,,,,,,,,,,
2000,Wee Andy Webber's Scottish Medley,Dean Park,"Scotland, United Kingdom, Europe",Country,Demonym,55.9533,-3.1883,,,79,,,,,,,,,,,,
2001,All the Way to Reno,R.E.M.,"Reno, Nevada, United States, North America",City,Direct,39.52963,-119.8138,,,24,,,,,,,,,,,,
2001,America the Beautiful,Elvis Presley,"United States, North America",Country,Direct,38.8951,-77.0364,,,69,,,,,,,,,,,,
2001,American Dream,Jakatta,"United States, North America",Country,Demonym,38.8951,-77.0364,,,3,,,,,,,,,,,,
2001,American Skin (41 Shots),Bruce Springsteen,"United States, North America",Country,Demonym,38.8951,-77.0364,,,,3897,,,,,,,,,,,
2001,Austin,Blake Shelton,"Austin, Texas, United States, North America",City,Direct,30.3072,-97.756,18,76,,,,,,,,,,,,y,
2001,Bleed American,Jimmy Eat World,"United States, North America",Country,Demonym,38.8951,-77.0364,,,,,,,,,,,,,,y,
2001,Gainesville Rock City,Less Than Jake,"Gainesville, Florida, United States, North America",City,Direct,29.65163,-82.32483,,,57,,,,,,,,,,,,
2001,Georgia,Carolyn Dawn Johnson,"Georgia, United States, North America",State/Region,Direct,33.04,-83.643,98,,,,,,,,,,,,,,
2001,God Bless America,Daniel Rodriguez,"United States, North America",Country,Direct,38.8951,-77.0364,99,,,,,,,,,,,,,,
2001,God Bless the U.S.A.,Lee Greenwood,"United States, North America",Country,Direct,38.8951,-77.0364,16,,,,,,,,,,,,,,
2001,La La Land,Green Velvet,"Los Angeles, California, United States, North America",City,Nickname,34.0194,-118.4108,,,29,5744,,,,,,,,,,,
2001,Laredo,Chris Cagle,"Laredo, Texas, United States, North America",City,Direct,27.5477,-99.4869,60,,,,,,,,,,,,,,
2001,Midwest Swing,St. Lunatics,"American Midwest, United States, North America",Continent/Region,Direct,41.8781,-93.0977,88,,,,,,,,,,,,,,
2001,Miss California,Dante Thomas ft. Pras,"California, United States, North America",State/Region,Direct,36.116,-119.682,85,,25,,,,,,,,,,,,
2001,Mississippi,Bob Dylan,"Mississippi, United States, North America",State/Region,Direct,32.741,-89.678,,,,1302,,,,,,,,,,,
2001,New York Boy,Gloss,"New York, New York, United States, North America",City,Direct,40.6643,-73.9385,,,89,,,,,,,,,,,,
2001,New York City Cops,The Strokes,"New York, New York, United States, North America",City,Direct,40.6643,-73.9385,,,16,3800,,,,,,,,,,,
2001,New York New York,Ryan Adams,"New York, New York, United States, North America",City,Direct,40.6643,-73.9385,,,53,2267,,,,,,,,,,,
2001,Only in America,Brooks & Dunn,"United States, North America",Country,Direct,38.8951,-77.0364,33,,,,,,,,,,,,,,
2001,Take Me to Broadway,Gonzales,"Broadway, New York, New York, United States, North America",Street/Landmark,Direct,40.759,-73.9845,,,93,6247,,,,,,,,,,,
2001,The Baguio Track,Luzon,"Baguio, Philippines, Asia",City,Direct,16.41639,120.59306,,,67,,,,,,,,,,,,
2001,The Road to Mandalay,Robbie Williams,"Mandalay, Myanmar, Asia",City,Direct,21.97473,96.08359,,,1,,,,,,,,,,,,
2001,Vegas,Agnelli & Nelson,"Las Vegas, Nevada, United States, North America",City,Nickname,36.2277,-115.264,,,48,,,,,,,,,,,,
2001,Welcome to Atlanta,Jermaine Dupri and Ludacris,"Atlanta, Georgia, United States, North America",City,Direct,33.7629,-84.4227,35,,,,,,,,,,,,,,
2001,Why Georgia,John Mayer,"Georgia, United States, North America",State/Region,Direct,33.04,-83.643,,,,,,,,,,,,,,y,
2002,American Child,Phil Vassar,"United States, North America",Country,Demonym,38.8951,-77.0364,48,,,,,,,,,,,,,,
2002,American English,Idlewild,"United States, North America",Country,Demonym,38.8951,-77.0364,,,15,,,,,,,,,,,,
2002,American Girls,Counting Crows,"United States, North America",Country,Demonym,38.8951,-77.0364,,,33,,,,,,,,,,,,
2002,Ashes of American Flags,Wilco,"United States, North America",Country,Demonym,38.8951,-77.0364,,,,4475,,,,,,,,,,,
2002,Back to Cali,Mauro Picotto,"California, United States, North America",State/Region,Nickname,36.116,-119.682,,,42,,,,,,,,,,,,
2002,Belfast Trance,John 00 Fleming and Simple Minds,"Belfast, Northern Ireland, United Kingdom, Europe",City,Direct,54.59682,-5.92541,,,74,,,,,,,,,,,,
2002,California,Phantom Planet,"California, United States, North America",State/Region,Direct,36.116,-119.682,,,9,9623,,177,,,,,,,,y,
2002,"Courtesy of the Red, White and Blue (The Angry American)",Toby Keith,"United States, North America",Country,Demonym,38.8951,-77.0364,11,,,,,,,,,,,,,y,
2002,Dead in Hollywood,Murderdolls,"Hollywood, California, United States, North America",Neighborhood/District,Direct,34.0928,-118.3287,,,54,,,,,,,,,,,,
2002,England Crazy,Rider and Terry Venables,"England, United Kingdom, Europe",Country,Direct,51.5074,-0.1278,,,46,,,,,,,,,,,,
2002,England Half English,Billy Bragg and the Blokes,"England, United Kingdom, Europe",Country,Direct,51.5074,-0.1278,,,98,,,,,,,,,,,,
2002,Go England,England Boys,"England, United Kingdom, Europe",Country,Direct,51.5074,-0.1278,,,26,,,,,,,,,,,,
2002,NYC,Interpol,"New York, New York, United States, North America",City,Nickname,40.6643,-73.9385,,,65,2412,,,,,,,,,,,
2002,Santa Cruz (You're Not That Far),The Thrills,"Santa Cruz, California, United States, North America",City,Direct,36.971944,-122.026389,,,33,9625,,,,,,,,,,,
2002,Santa Maria,Gotan Project,"Buenos Aires, Argentina, South America",City,Direct,-34.6037,-58.3816,,,91,,,,,,,,,,,,
2002,Sexiest Man in Jamaica,Mint Royale,"Jamaica, North America",Country,Direct,17.997,-76.7936,,,20,,,,,,,,,,,,
2002,United States of Whatever,Liam Lynch,"United States, North America",Country,Direct,38.8951,-77.0364,,,10,,,,,,,,,,,,
2002,Vegas Two Times,Stereophonics,"Las Vegas, Nevada, United States, North America",City,Nickname,36.2277,-115.264,,,23,,,,,,,,,,,,
2002,Virginia,The Jeevas,"Virginia, United States, North America",State/Region,Direct,37.769,-78.17,,,97,,,,,,,,,,,,
2002,White America,Eminem,"United States, North America",Country,Direct,38.8951,-77.0364,,,,,,,,,,,,,,y,
2003,American in Amsterdam,Wheatus,"Amsterdam, The Netherlands, Europe",City,Direct,52.37403,4.88969,,,59,,,,,,,,,,,,
2003,American in Amsterdam,Wheatus,"United States, North America",Country,Demonym,38.8951,-77.0364,,,59,,,,,,,,,,,,
2003,American Life,Madonna,"United States, North America",Country,Demonym,38.8951,-77.0364,37,,2,,,,,,,,,,,,
2003,American Soldier,Toby Keith,"United States, North America",Country,Demonym,38.8951,-77.0364,28,90,,,,,,,,,,,,,
2003,Arctic Snow,Burning Brides,Arctic,Continent/Region,Direct,78,15,,,77,,,,,,,,,,,,
2003,Barcelona,D Kay and Epsilon ft. Stamina MC,"Barcelona, Spain, Europe",City,Direct,41.3888,2.159,,,14,,,,,,,,,,,,
2003,Bermuda,Cause 4 Concern,"Bermuda, North America",Country,Direct,32.2949,-64.783,,,85,,,,,,,,,,,,
2003,Deep South,Layo & Bushwacka,"American South, United States, North America",Continent/Region,Direct,33,-86,,,89,,,,,,,,,,,,
2003,El Salvador,Athlete,"El Salvador, North America",Country,Direct,13.68935,-89.18718,,,31,,,,,,,,,,,,
2003,Fortress Europe,Asian Dub Foundation,Europe,Continent/Region,Direct,54.526,15.2551,,,57,,,,,,,,,,,,
2003,God Bless the U.S.A.,American Idol Finalists,"United States, North America",Country,Direct,38.8951,-77.0364,4,,,,,,,,,,,,,,
2003,Hollywood,Madonna,"Hollywood, California, United States, North America",Neighborhood/District,Direct,34.0928,-118.3287,,,2,,,,,,,,,,,,
2003,Jamestown,The Movielife,"Jamestown, North Dakota, United States, North America",City,Direct,46.9105,-98.7084,,,83,,,,,,,,,,,,
2003,Manila,Seelenluft ft. Michael Smith,"Manila, Philippines, Asia",City,Direct,14.6042,120.9822,,,70,,,,,,,,,,,,
2003,New Jersey Deep,Black Science Orchestra,"New Jersey, United States, North America",State/Region,Direct,40.298,-74.521,,,98,,,,,,,,,,,,
2003,New York New York,Paul Maddox and DJ Grh,"New York, New York, United States, North America",City,Direct,40.6643,-73.9385,,,91,,,,,,,,,,,,
2003,Once Upon a Time in America,The Jeevas,"United States, North America",Country,Direct,38.8951,-77.0364,,,61,,,,,,,,,,,,
2003,Party to Damascus,Wyclef Jean ft. Missy Elliott,"Damascus, Syria, Asia",City,Direct,33.5102,36.2913,65,,,,,,,,,,,,,,
2003,Southampton Boys,Red 'n' White Machines,"Southampton, England, United Kingdom, Europe",City,Direct,50.90395,-1.40428,,,16,,,,,,,,,,,,
2003,Spanish,Craig David,"Spain, Europe",Country,Demonym,40.4165,-3.7026,,,8,,,,,,,,,,,,
2003,Stuck in America,Sugarcult,"United States, North America",Country,Direct,38.8951,-77.0364,,,91,,,,,,,,,,,,
2003,Tell Me Something Bad About Tulsa,George Strait,"Tulsa, Oklahoma, United States, North America",City,Direct,36.1279,-95.9023,69,,,,,,,,,,,,,,
2003,The Mexican Remixes,Danny C,"Mexico, North America",Country,Demonym,19.4285,-99.1277,,,85,,,,,,,,,,,,
2003,Walking in Memphis,Lonestar,"Memphis, Tennessee, United States, North America",City,Direct,35.1035,-89.9785,61,,,,,,,,,,,,,,
2003,White Russian Galaxy,The Crimea,"Russia, Europe",Country,Demonym,55.752,37.6178,,,51,,,,,,,,,,,,
2003,Who Said (Stuck in the UK),Planet Funk,"United Kingdom, Europe",Country,Direct,51.5085,-0.1257,,,36,,,,,,,,,,,,
2004,Alone in Kyoto,Air,"Kyoto, Japan, Asia",City,Direct,35.0211,135.7538,,,,9170,,,,,,,,,,,
2004,American Idiot,Green Day,"United States, North America",Country,Demonym,38.8951,-77.0364,61,,3,821,,,,,,,,,,y,
2004,An Open Letter to NYC,Beastie Boys,"New York, New York, United States, North America",City,Nickname,40.6643,-73.9385,,,38,,,,,,,,,,,,
2004,Baltimore,Photek,"Baltimore, Maryland, United States, North America",City,Direct,39.3002,-76.6105,,,99,,,,,,,,,,,,
2004,Born in England,Twisted X,"England, United Kingdom, Europe",Country,Direct,51.5074,-0.1278,,,9,,,,,,,,,,,,
2004,Burma,Lo Step,"Myanmar, Asia",Country,Direct,19.745,96.12972,,,96,,,,,,,,,,,,
2004,California,Lenny Kravitz,"California, United States, North America",State/Region,Direct,36.116,-119.682,,,62,,,,,,,,,,,,
2004,California Dreamin',Royal Gigolos,"California, United States, North America",State/Region,Direct,36.116,-119.682,,,44,,,,,,,,,,,,
2004,California Waiting,Kings of Leon,"California, United States, North America",State/Region,Direct,36.116,-119.682,,,61,,,,,,,,,,,,
2004,California's Bleeding,Amen,"California, United States, North America",State/Region,Direct,36.116,-119.682,,,52,,,,,,,,,,,,
2004,Come on England,4/4/02,"England, United Kingdom, Europe",Country,Direct,51.5074,-0.1278,,,2,,,,,,,,,,,,
2004,English Summer Rain,Placebo,"England, United Kingdom, Europe",Country,Demonym,51.5074,-0.1278,,,23,,,,,,,,,,,,
2004,French Kisses,Jentina,"France, Europe",Country,Demonym,48.8534,2.3488,,,20,,,,,,,,,,,,
2004,Golden Gate Bridge,Ocean Colour Scene,"Golden Gate, San Francisco, California, United States, North America",Street/Landmark,Direct,37.8199,-122.4783,,,40,,,,,,,,,,,,
2004,Irish Blood English Heart,Morrissey,"England, United Kingdom, Europe",Country,Demonym,51.5074,-0.1278,,,3,2623,,,,,,,,,,,
2004,Irish Blood English Heart,Morrissey,"Ireland, Europe",Country,Demonym,53.3331,-6.2489,,,3,2623,,,,,,,,,,,
2004,Irish Blue,Flip and Fill ft. Junior,"Ireland, Europe",Country,Demonym,53.3331,-6.2489,,,20,,,,,,,,,,,,
2004,Irish Son,Brian McFadden,"Ireland, Europe",Country,Demonym,53.3331,-6.2489,,,6,,,,,,,,,,,,
2004,Leaving New York,R.E.M.,"New York, New York, United States, North America",City,Direct,40.6643,-73.9385,,,5,6352,,,,,,,,,,,
2004,Letter from Belgium,The Mountain Goats,"Belgium, Europe",Country,Direct,50.85045,4.34878,,,100,,,,,,,,,,,,
2004,Los Angeles Is Burning,Bad Religion,"Los Angeles, California, United States, North America",City,Direct,34.0194,-118.4108,,,67,,,,,,,,,,,,
2004,Mayhem in Milan,BK and Paul Masterson,"Milan, Italy, Europe",City,Direct,45.46427,9.18951,,,81,,,,,,,,,,,,
2004,Mexican Road Movie,Treliks,"Mexico, North America",Country,Demonym,19.4285,-99.1277,,,100,,,,,,,,,,,,
2004,New York,Ja Rule ft. Fat Joe and Jadakiss,"New York, New York, United States, North America",City,Direct,40.6643,-73.9385,27,,,,,,,,,,,,,,
2004,NY Excuse,Soulwax,"New York, New York, United States, North America",City,Direct,40.6643,-73.9385,,,,6477,,,,,,,,,,,
2004,Ohio Is for Lovers,Hawthorne Heights,"Ohio, United States, North America",State/Region,Direct,40.388,-82.764,,,,,,,,,,,,,,y,
2004,Paint Me a Birmingham,Tracy Lawrence,"Birmingham, Alabama, United States, North America",City,Direct,33.5274,-86.799,42,,,,,,,,,,,,,,
2004,"Portland, Oregon",Loretta Lynn,"Portland, Oregon, United States, North America",City,Direct,45.537,-122.65,,,,5070,,381,,,,,,,,,
2004,Room in Brooklyn,John Squire,"Brooklyn, New York, New York, United States, North America",Neighborhood/District,Direct,40.6782,-73.9442,,,44,,,,,,,,,,,,
2004,Senegal Fast Food,Amadou and Mariam,"Senegal, Africa",Country,Direct,14.6937,-17.4441,,,,7871,,,,,,,,,,,
2004,Spanish Eyes,Fifth Avenue,"Spain, Europe",Country,Demonym,40.4165,-3.7026,,,76,,,,,,,,,,,,
2004,Stays in Mexico,Toby Keith,"Mexico, North America",Country,Direct,19.4285,-99.1277,51,,,,,,,,,,,,,,
2004,Strasbourg,The Rakes,"Strasbourg, France, Europe",City,Direct,48.58392,7.74553,,,57,,,,,,,,,,,,
2004,Viva England,Undercover,"England, United Kingdom, Europe",Country,Direct,51.5074,-0.1278,,,49,,,,,,,,,,,,
2004,Wild West Show,Big & Rich,"American West, United States, North America",Continent/Region,Direct,40,-112,85,,,,,,,,,,,,,,
2005,Africa Unite,Bob Marley and the Wailers,Africa,Continent/Region,Direct,1.6508,17.6791,,,49,,,,,,,,,,,,
2005,American Baby,Dave Matthews Band,"United States, North America",Country,Demonym,38.8951,-77.0364,16,,,,,,,,,,,,,,
2005,Beverly Hills,Weezer,"Beverly Hills, California, United States, North America",City,Direct,34.0792,-118.4024,10,20,9,8093,,,,,,,,,,y,
2005,California,CO (Club Oriented),"California, United States, North America",State/Region,Direct,36.116,-119.682,,,95,,,,,,,,,,,,
2005,California,Low,"California, United States, North America",State/Region,Direct,36.116,-119.682,,,57,,,,,,,,,,,,
2005,California Soul,Riot Act,"California, United States, North America",State/Region,Direct,36.116,-119.682,,,59,,,,,,,,,,,,
2005,Chicago,Sufjan Stevens,"Chicago, Illinois, United States, North America",City,Direct,41.8376,-87.6818,,,,372,,,,,,,,,,,
2005,Cupid's Chokehold / Breakfast in America,Gym Class Heroes ft. Patrick Stump,"United States, North America",Country,Direct,38.8951,-77.0364,4,,,,,,,,,,,,,y,
2005,Diamonds from Sierra Leone,Kanye West,"Sierra Leone, Africa",Country,Direct,8.4871,-13.2356,43,,8,3390,,,,,,,,,,,
2005,Fake Tales of San Francisco,Arctic Monkeys,"San Francisco, California, United States, North America",City,Direct,37.78,-122.4193,,,,2174,,,,,,,,,,,
2005,Georgia,Ludacris and Field Mob ft. Jamie Foxx,"Georgia, United States, North America",State/Region,Direct,33.04,-83.643,39,,,,,,,,,,,,,,
2005,Georgia Rain,Trisha Yearwood,"Georgia, United States, North America",State/Region,Direct,33.04,-83.643,78,,,,,,,,,,,,,,
2005,I'm Shipping up to Boston,Dropkick Murphys,"Boston, Massachusetts, United States, North America",City,Direct,42.332,-71.0202,,,,,,,,,,,,,,y,
2005,Is This the Way to Amarillo (Santa's Grotto),Santa,"Amarillo, Texas, United States, North America",City,Direct,35.222,-101.8313,,,30,,,,,,,,,,,,
2005,Jerusalem,Keedie and England Cricket Team,"Jerusalem, Israel, Asia",City,Direct,31.769,35.2163,,,19,,,,,,,,,,,,
2005,Lost in Hollywood,System of a Down,"Hollywood, California, United States, North America",Neighborhood/District,Direct,34.0928,-118.3287,,,,,,,,,,,,,,y,
2005,Mcelvis Presley's Scottish Medley,Dean Park,"Scotland, United Kingdom, Europe",Country,Demonym,55.9533,-3.1883,,,76,,,,,,,,,,,,
2005,Mississippi Girl,Faith Hill,"Mississippi, United States, North America",State/Region,Direct,32.741,-89.678,29,98,,,,,,,,,,,,,
2005,Munich,Editors,"Munich, Germany, Europe",City,Direct,48.13743,11.57549,,,10,7357,,,,,,,,,,,
2005,Pretty Vegas,INXS,"Las Vegas, Nevada, United States, North America",City,Nickname,36.2277,-115.264,37,,,,,,,,,,,,,,
2005,Redondo Beach,Morrissey,"Redondo Beach, California, United States, North America",City,Direct,33.84918,-118.38841,,,11,,,,,,,,,,,,
2005,Santa Maria Da Feira,Devendra Banhart,"Santa Maria da Feira, Portugal, Europe",City,Direct,40.9271,-8.549,,,,8611,,,,,,,,,,,
2005,St. Petersburg,Supergrass,"Saint Petersburg, Russia, Europe",City,Direct,59.9311,30.3609,,,22,,,,,,,,,,,,
2005,The Irish Keep Gate-Crashing,The Thrills,"Ireland, Europe",Country,Demonym,53.3331,-6.2489,,,48,,,,,,,,,,,,
2005,Trains to Brazil,Guillemots,"Brazil, South America",Country,Direct,-15.7939,-47.8828,,,36,2890,,,,,,,,,,,
2005,Welcome 2 Detroit,Trick-Trick ft. Eminem,"Detroit, Michigan, United States, North America",City,Direct,42.383,-83.1022,100,,,,,,,,,,,,,,
2005,Winter in the Hamptons,Josh Rouse,"The Hamptons, New York, United States, North America",Continent/Region,Direct,40.9634,-72.1848,,,100,,,,,,,,,,,,
2006,Amarillo Sky,Jason Aldean,"Amarillo, Texas, United States, North America",City,Direct,35.222,-101.8313,59,,,,,,,,,,,,,,
2006,America,Razorlight,"United States, North America",Country,Direct,38.8951,-77.0364,,,1,8776,,,,,,,,,,y,
2006,An English Gentleman,James Dean Bradfield,"England, United Kingdom, Europe",Country,Demonym,51.5074,-0.1278,,,31,,,,,,,,,,,,
2006,Boston,Augustana,"Boston, Massachusetts, United States, North America",City,Direct,42.332,-71.0202,34,,,,,,,,,,,,,,
2006,Canadian Idiot,"""Weird Al"" Yankovic","Canada, North America",Country,Demonym,45.4112,-75.6981,82,,,,,,,,,,,,,,
2006,Dani California,Red Hot Chili Peppers,"California, United States, North America",State/Region,Direct,36.116,-119.682,6,23,2,7725,,,,,,,,,,y,
2006,From Paris to Berlin,Infernal,"Berlin, Germany, Europe",City,Direct,52.5244,13.4105,,,2,,,,,,,,,,,,
2006,From Paris to Berlin,Infernal,"Paris, France, Europe",City,Direct,48.8534,2.3488,,,2,,,,,,,,,,,,
2006,Harlem 1 Stop,Bimbo Jones,"Harlem, New York, New York, United States, North America",Neighborhood/District,Direct,40.8116,-73.9465,,,98,,,,,,,,,,,,
2006,Hurry up England - The People's Anthem,Sham 69 and the Special Assembly,"England, United Kingdom, Europe",Country,Direct,51.5074,-0.1278,,,10,,,,,,,,,,,,
2006,London Bridge,Fergie,"London Bridge, London, England, United Kingdom, Europe",Street/Landmark,Direct,51.5079,-0.0877,1,22,3,,,,,,,,,,,y,
2006,London's Mine,White Rose Movement,"London, England, United Kingdom, Europe",City,Direct,51.5085,-0.1257,,,96,,,,,,,,,,,,
2006,Manchester,The Beautiful South,"Manchester, England, United Kingdom, Europe",City,Direct,53.48095,-2.23743,,,41,,,,,,,,,,,,
2006,New York New York,Moby ft. Debbie Harry,"New York, New York, United States, North America",City,Direct,40.6643,-73.9385,,,43,,,,,,,,,,,,
2006,NYC (There's No Need to Stop),The Charlatans,"New York, New York, United States, North America",City,Nickname,40.6643,-73.9385,,,53,,,,,,,,,,,,
2006,Postcards from Italy,Beirut,"Italy, Europe",Country,Direct,41.8919,12.5113,,,,2085,,,,,,,,,,,
2006,Put Your Hands up for Detroit,Fedde le Grande,"Detroit, Michigan, United States, North America",City,Direct,42.383,-83.1022,,,1,,,,,,,,,,,,
2006,Radio 4 UK Theme,Royal Ballet Sinf and Sutherland,"United Kingdom, Europe",Country,Direct,51.5085,-0.1257,,,29,,,,,,,,,,,,
2006,Scotland Scotland Jason Scotland,Trinidad and Tobago Tartan Army,"Scotland, United Kingdom, Europe",Country,Direct,55.9533,-3.1883,,,30,,,,,,,,,,,,
2006,Sing It for England,Young Stanley,"England, United Kingdom, Europe",Country,Direct,51.5074,-0.1278,,,58,,,,,,,,,,,,
2006,Stand up 4 England,Koopa,"England, United Kingdom, Europe",Country,Direct,51.5074,-0.1278,,,79,,,,,,,,,,,,
2006,The Seashores of Old Mexico,George Strait,"Mexico, North America",Country,Direct,19.4285,-99.1277,85,,,,,,,,,,,,,,
2006,Tokyo Drift (Fast & Furious),Teriyaki Boyz,"Tokyo, Japan, Asia",City,Direct,35.6895,139.6917,,,,,,,,,,,,,,y,
2006,We Are England,Ricky,"England, United Kingdom, Europe",Country,Direct,51.5074,-0.1278,,,54,,,,,,,,,,,,
2006,We're England (Tom Hark),Talksport Allstars,"England, United Kingdom, Europe",Country,Direct,51.5074,-0.1278,,,37,,,,,,,,,,,,
2006,We're from Barcelona,I'm from Barcelona,"Barcelona, Spain, Europe",City,Direct,41.3888,2.159,,,,9909,,,,,,,,,,,
2007,Australia,The Shins,"Australia, Oceania",Country,Direct,-35.2809,149.13,,,62,,,,,,,,,,,,
2007,Beer in Mexico,Kenny Chesney,"Mexico, North America",Country,Direct,19.4285,-99.1277,61,,,,,,,,,,,,,,
2007,Berlin,Black Rebel Motorcycle Club,"Berlin, Germany, Europe",City,Direct,52.5244,13.4105,,,89,,,,,,,,,,,,
2007,Cape Cod Kwassa Kwassa,Vampire Weekend,"Cape Cod, Massachusetts, United States, North America",Continent/Region,Direct,41.6688,-70.2962,,,,2129,,,,,,,,,,,
2007,Everyday America,Sugarland,"United States, North America",Country,Direct,38.8951,-77.0364,68,,,,,,,,,,,,,,
2007,Feva Las Vegas,N-Dubz,"Las Vegas, Nevada, United States, North America",City,Direct,36.2277,-115.264,,,57,,,,,,,,,,,,
2007,"Flightless Bird, American Mouth",Iron and Wine,"United States, North America",Country,Demonym,38.8951,-77.0364,,,,,,,,,,,,,,y,
2007,Impossible Germany,Wilco,"Germany, Europe",Country,Direct,52.52437,13.41053,,,,4054,,,,,,,,,,,
2007,Mama Africa,Akon,Africa,Continent/Region,Direct,1.6508,17.6791,,,47,,,,,,,,,,,,
2007,My Egyptian Lover,Space Cowboy ft. Nadia Oh,"Egypt, Africa",Country,Demonym,30.0626,31.2497,,,45,,,,,,,,,,,,
2007,Nantes,Beirut,"Nantes, France, Europe",City,Direct,47.21725,-1.55336,,,,9323,,,,,,,,,,,
2007,North American Scum,LCD Soundsystem,North America,Continent/Region,Direct,39.8283,-98.5795,,,40,3017,,,,,,,,,,,
2007,NYC Beat,Armand van Helden,"New York, New York, United States, North America",City,Nickname,40.6643,-73.9385,,,22,,,,,,,,,,,,
2007,One for the Bristol City,Bristol City FC and the Wurzels,"Bristol, England, United Kingdom, Europe",City,Direct,51.4545,-2.5879,,,66,,,,,,,,,,,,
2007,Paris,Friendly Fires,"Paris, France, Europe",City,Direct,48.8534,2.3488,,,,1619,,,,,,,,,,,
2007,The Beijing Cocktail,Blackout,"Beijing, China, Asia",City,Direct,39.9075,116.39723,,,90,,,,,,,,,,,,
2008,All-American Girl,Carrie Underwood,"United States, North America",Country,Demonym,38.8951,-77.0364,27,,,,,,,,,,,,,,
2008,American Boy,Estelle ft. Kanye West,"United States, North America",Country,Demonym,38.8951,-77.0364,9,39,1,1511,,,,,,,,,,y,
2008,American Boy,Studio All-Stars,"United States, North America",Country,Demonym,38.8951,-77.0364,52,,,,,,,,,,,,,,
2008,Can't Speak French,Girls Aloud,"France, Europe",Country,Demonym,48.8534,2.3488,,,9,,,,,,,,,,,,
2008,Chinese Democracy,Guns N' Roses,"China, Asia",Country,Demonym,39.9075,116.3972,34,,27,9049,,,,,,,,,,,
2008,Hollywood's Not America,Ferras,"Hollywood, California, United States, North America",Neighborhood/District,Direct,34.0928,-118.3287,62,,,,,,,,,,,,,,
2008,Hollywood's Not America,Ferras,"United States, North America",Country,Direct,38.8951,-77.0364,62,,,,,,,,,,,,,,
2008,Liverpool 8,Ringo Starr,"Liverpool, England, United Kingdom, Europe",City,Direct,53.4106,-2.9779,,,99,,,,,,,,,,,,
2008,Moving to New York,The Wombats,"New York, New York, United States, North America",City,Direct,40.6643,-73.9385,,,13,,,,,,,,,,,,
2008,Paris Is Burning,Ladyhawke,"Paris, France, Europe",City,Direct,48.8534,2.3488,,,47,,,,,,,,,,,,
2008,The English Way,Fightstar,"England, United Kingdom, Europe",Country,Demonym,51.5074,-0.1278,,,62,,,,,,,,,,,,
2008,The Galway Girl,Sharon Shannon and Steve Earle,"Galway, Ireland, Europe",City,Direct,53.2724,-9.051,,,67,,,,,,,,,,,,
2008,Tired of England,Dirty Pretty Things,"England, United Kingdom, Europe",Country,Direct,51.5074,-0.1278,,,54,,,,,,,,,,,,
2009,America's Suitehearts,Fall Out Boy,"United States, North America",Country,Direct,38.8951,-77.0364,78,,76,,,,,,,,,,,,
2009,American Ride,Toby Keith,"United States, North America",Country,Demonym,38.8951,-77.0364,35,,,,,,,,,,,,,,
2009,American Saturday Night,Brad Paisley,"United States, North America",Country,Demonym,38.8951,-77.0364,67,,,,,,,,,,,,,,
2009,Empire State of Mind,Jay-Z and Alicia Keys,"New York, New York, United States, North America",City,Nickname,40.6643,-73.9385,1,21,2,161,,,,,,,,,,y,
2009,Empire State of Mind (Part II),Alicia Keys,"New York, New York, United States, North America",City,Nickname,40.6643,-73.9385,55,,4,,,,,,,,,,,y,
2009,France Culture,Arnaud Fleurent-Didier,"France, Europe",Country,Direct,48.8534,2.3488,,,,3148,,,,,,,,,,,
2009,French Navy,Camera Obscura,"France, Europe",Country,Demonym,48.8534,2.3488,,,,2392,,,,,,,,,,,
2009,I'm in Miami Bitch,LMFAO,"Miami, Florida, United States, North America",City,Direct,25.7752,-80.2086,51,,86,,,,,,,,,,,,
2009,I'm Throwing My Arms Around Paris,Morrissey,"Paris, France, Europe",City,Direct,48.8534,2.3488,,,21,,,,,,,,,,,,
2009,It's America,Rodney Atkins,"United States, North America",Country,Direct,38.8951,-77.0364,44,,,,,,,,,,,,,,
2009,La La Land,Demi Lovato,"Los Angeles, California, United States, North America",City,Nickname,34.0194,-118.4108,52,,35,,,,,,,,,,,,
2009,Left My Heart in Tokyo,Mini Viva,"Tokyo, Japan, Asia",City,Direct,35.6895,139.6917,,,7,,,,,,,,,,,,
2009,Let the Bass Kick in Miami Girl,Chuckie and Lmfao,"Miami, Florida, United States, North America",City,Direct,25.7752,-80.2086,,,9,,,,,,,,,,,,
2009,Norway,Beach House,"Norway, Europe",Country,Direct,59.9127,10.7461,,,,3980,,,,,,,,,,,
2009,Party in the U.S.A.,Miley Cyrus,"United States, North America",Country,Direct,38.8951,-77.0364,2,29,11,,,,,,,,,,,,
2009,Shuttin' Detroit Down,John Rich,"Detroit, Michigan, United States, North America",City,Direct,42.383,-83.1022,75,,,,,,,,,,,,,,
2009,Small Town U.S.A.,Justin Moore,"United States, North America",Country,Direct,38.8951,-77.0364,44,,,,,,,,,,,,,,
2009,The Last of the English Roses,Peter Doherty,"England, United Kingdom, Europe",Country,Demonym,51.5074,-0.1278,,,67,,,,,,,,,,,,
2009,Waking up in Vegas,Katy Perry,"Las Vegas, Nevada, United States, North America",City,Nickname,36.2277,-115.264,9,36,19,,,,,,,,,,,,
2009,Warm Heart of Africa,The Very Best,Africa,Continent/Region,Direct,1.6508,17.6791,,,,3825,,,,,,,,,,,
2010,9AM in Dallas,Drake,"Dallas, Texas, United States, North America",City,Direct,32.7942,-96.7655,57,,,,,,,,,,,,,,
2010,American Honey,Lady Antebellum,"United States, North America",Country,Demonym,38.8951,-77.0364,25,94,,,,,,,,,,,,,
2010,American Star,Lil Wayne ft. Shanell AKA SNL,"United States, North America",Country,Demonym,38.8951,-77.0364,91,,,,,,,,,,,,,,
2010,Bloodbuzz Ohio,The National,"Ohio, United States, North America",State/Region,Direct,40.388,-82.764,,,,532,,,,,,,,,,,
2010,California Gurls,Katy Perry ft. Snoop Dogg,"California, United States, North America",State/Region,Direct,36.116,-119.682,1,4,1,,,,,,,,,,,y,
2010,Don't Cry for Me Argentina,Glee Cast,"Argentina, South America",Country,Direct,-34.6131,-58.3772,97,,67,,,,,,,,,,,,
2010,Empire State of Mind,Glee Cast,"New York, New York, United States, North America",City,Nickname,40.6643,-73.9385,21,,35,,,,,,,,,,,,
2010,Hollywood,Marina & the Diamonds,"Hollywood, California, United States, North America",Neighborhood/District,Direct,34.0928,-118.3287,,,12,,,,,,,,,,,,
2010,Hollywood,Michael Buble,"Hollywood, California, United States, North America",Neighborhood/District,Direct,34.0928,-118.3287,55,,11,,,,,,,,,,,,
2010,Laredo,Band of Horses,"Laredo, Texas, United States, North America",City,Direct,27.5477,-99.4869,,,,7308,,,,,,,,,,,
2010,Leeds Leeds Leeds (Marching on Together),Leeds United Team and Supporters,"Leeds, England, United Kingdom, Europe",City,Direct,53.79648,-1.54785,,,10,,,,,,,,,,,,
2010,Miami 2 Ibiza,Swedish House Mafia and Tinie Tempah,"Ibiza, Spain, Europe",City,Direct,38.90883,1.43296,,,4,,,,,,,,,,,,
2010,Miami 2 Ibiza,Swedish House Mafia and Tinie Tempah,"Miami, Florida, United States, North America",City,Direct,25.7752,-80.2086,,,4,,,,,,,,,,,,
2010,New York Is Killing Me,Gil Scott-Heron,"New York, New York, United States, North America",City,Direct,40.6643,-73.9385,,,,5238,,,,,,,,,,,
2010,Odessa,Caribou,"Odessa, Ukraine, Europe",City,Direct,31.84568,-102.36764,,,,591,,,,,,,,,,,
2010,Oh Africa,Akon ft. Keri Hilson,Africa,Continent/Region,Direct,1.6508,17.6791,,,56,,,,,,,,,,,,
2010,Spanish Sahara,Foals,"Sahara Desert, Africa",Water/Natural Feature,Direct,25,-13,,,,1503,,,,,,,,,,,
2010,Stranded (Haiti Mon Amour),Jay-Z and Bono and Edge and Rihanna,"Haiti, North America",Country,Direct,18.5435,-72.3388,16,,41,,,,,,,,,,,,
2010,The Way We're Made (Made in England),Missing Andy,"England, United Kingdom, Europe",Country,Direct,51.5074,-0.1278,,,38,,,,,,,,,,,,
2010,Tokyo (Vampires & Wolves),The Wombats,"Tokyo, Japan, Asia",City,Direct,35.6895,139.6917,,,23,,,,,,,,,,,,
2010,Waka Waka (This Time for Africa),Shakira ft. Freshlyground,Africa,Continent/Region,Direct,1.6508,17.6791,38,,21,,,,,,,,,,,y,
2011,Calgary,Bon Iver,"Calgary, Canada, North America",City,Direct,51.05011,-114.08529,,,,3528,,,,,,,,,,,
2011,California,EMA,"California, United States, North America",State/Region,Direct,36.116,-119.682,,,,2488,,,,,,,,,,,
2011,California King Bed,Rihanna,"California, United States, North America",State/Region,Direct,36.116,-119.682,37,,8,,,,,,,,,,,,
2011,Freedom for Palestine,Oneworld,"Palestine, Asia",Country,Direct,31.9522,35.2332,,,79,,,,,,,,,,,,
2011,Georgia Clay,Josh Kelley,"Georgia, United States, North America",State/Region,Direct,33.04,-83.643,87,,,,,,,,,,,,,,
2011,Hawaiian Air,Friendly Fires,"Hawaii, United States, North America",State/Region,Demonym,21.094,-157.498,,,92,,,,,,,,,,,,
2011,"I Love New York / New York, New York",Glee Cast,"New York, New York, United States, North America",City,Direct,40.6643,-73.9385,81,,,,,,,,,,,,,,
2011,Let England Shake,PJ Harvey,"England, United Kingdom, Europe",Country,Direct,51.5074,-0.1278,,,,8003,,,,,,,,,,,
2011,Made in America,Toby Keith,"United States, North America",Country,Direct,38.8951,-77.0364,40,,,,,,,,,,,,,,
2011,Me and Tennessee,Tim McGraw and Gwyneth Paltrow,"Tennessee, United States, North America",State/Region,Direct,35.747,-86.692,,,63,,,,,,,,,,,,
2011,Niggas in Paris,Jay-Z and Kanye West,"Paris, France, Europe",City,Direct,48.8534,2.3488,5,40,10,709,,,,,,,,,,y,
2011,Old Alabama,Brad Paisley ft. Alabama,"Alabama, United States, North America",State/Region,Direct,32.806,-86.791,38,,,,,,,,,,,,,,
2011,Perth,Bon Iver,"Perth, Australia, Oceania",City,Direct,-31.95224,115.8614,,,,2800,,,,,,,,,,,
2011,Polish Girl,Neon Indian,"Poland, Europe",Country,Demonym,52.2298,21.0118,,,,5854,,,,,,,,,,,
2011,Princess of China,Coldplay ft. Rihanna,"China, Asia",Country,Direct,39.9075,116.3972,20,,4,,,,,,,,,,,,
2011,Roman in Moscow,Nicki Minaj,"Moscow, Russia, Europe",City,Direct,55.752,37.6178,64,,84,,,,,,,,,,,,
2011,San Francisco,Cascada,"San Francisco, California, United States, North America",City,Direct,37.78,-122.4193,,,64,,,,,,,,,,,,
2011,Santa Fe,Beirut,"Santa Fe, New Mexico, United States, North America",City,Direct,35.666,-105.9737,,,,5576,,,,,,,,,,,
2011,"Save Me, San Francisco",Train,"San Francisco, California, United States, North America",City,Direct,37.78,-122.4193,75,,,,,,,,,,,,,,
2011,Scottish Soldier,Steve McKenna,"Scotland, United Kingdom, Europe",Country,Demonym,55.9533,-3.1883,,,75,,,,,,,,,,,,
2011,Yonkers,"Tyler, the Creator","Yonkers, New York, United States, North America",City,Direct,40.9304,-73.89789,,,,449,,,,,,,,,,,
2012,El Cerrito Place,Kenny Chesney,"El Cerrito, California, United States, North America",City,Direct,37.9196,-122.3024,72,,,,,,,,,,,,,,
2012,Hollywood Forever Cemetery Sings,Father John Misty,"Hollywood, California, United States, North America",Neighborhood/District,Direct,34.0928,-118.3287,,,,4735,,,,,,,,,,,
2012,Kyoto,Skrillex ft. Sirah,"Kyoto, Japan, Asia",City,Direct,35.0211,135.7538,74,,,,,,,,,,,,,,
2012,London,Sandy Denny and Thea Gilmore,"London, England, United Kingdom, Europe",City,Direct,51.5085,-0.1257,,,86,,,,,,,,,,,,
2012,Postcard from Paris,The Band Perry,"Paris, France, Europe",City,Direct,48.8534,2.3488,60,,,,,,,,,,,,,,
2012,Vegas Girl,Conor Maynard,"Las Vegas, Nevada, United States, North America",City,Nickname,36.2277,-115.264,,,4,,,,,,,,,,,,
2013,American Girl,Bonnie McKee,"United States, North America",Country,Demonym,38.8951,-77.0364,87,,,,,,,,,,,,,,
2013,Berlin,Ry X,"Berlin, Germany, Europe",City,Direct,52.5244,13.4105,,,38,,,,,,,,,,,,
2013,Break from Toronto,PARTYNEXTDOOR,"Toronto, Canada, North America",City,Direct,43.70643,-79.39864,,,,,,,,,,,,,,y,
2013,Budapest,George Ezra,"Budapest, Hungary, Europe",City,Direct,47.4984,19.0404,32,89,3,7600,,,,,,,,,,y,
2013,Carolina,Parmalee,"The Carolinas, United States, North America",State/Region,Direct,34.8,-79.5,36,,,,,,,,,,,,,,
2013,Chinese Food,Alison Gold,"China, Asia",Country,Demonym,39.9075,116.3972,29,,,,,,,,,,,,,,
2013,Harlem Shake,Baauer,"Harlem, New York, New York, United States, North America",Neighborhood/District,Direct,40.8116,-73.9465,1,4,3,,,,,,,,,,,,
2013,"Heads Carolina, Tails California",Danielle Bradbery,"California, United States, North America",State/Region,Direct,36.116,-119.682,91,,,,,,,,,,,,,,
2013,"Heads Carolina, Tails California",Danielle Bradbery,"The Carolinas, United States, North America",State/Region,Direct,34.8,-79.5,91,,,,,,,,,,,,,,
2013,Made in the U.S.A.,Demi Lovato,"United States, North America",Country,Direct,38.8951,-77.0364,80,,89,,,,,,,,,,,,
2013,Maybe It Was Memphis,Danielle Bradbery,"Memphis, Tennessee, United States, North America",City,Direct,35.1035,-89.9785,92,,,,,,,,,,,,,,
2013,Paris Morton Music 2,Drake ft. Jay-Z,"Paris, France, Europe",City,Direct,48.8534,2.3488,65,,,,,,,,,,,,,,
2013,San Francisco,Foxygen,"San Francisco, California, United States, North America",City,Direct,37.78,-122.4193,,,,5274,,,,,,,,,,,
2013,Show Me Love (America),The Wanted,"United States, North America",Country,Direct,38.8951,-77.0364,,,8,,,,,,,,,,,,
2013,Str8 Outta Mumbai,Jai Paul,"Mumbai, India, Asia",City,Direct,19.07283,72.88261,,,,9851,,,,,,,,,,,
2013,The Heart of Dixie,Danielle Bradbery,"American South, United States, North America",Continent/Region,Nickname,33,-86,58,,,,,,,,,,,,,,
2014,American Beauty,Bruce Springsteen,"United States, North America",Country,Demonym,38.8951,-77.0364,,,83,,,,,,,,,,,,
2014,American Kids,Kenny Chesney,"United States, North America",Country,Demonym,38.8951,-77.0364,23,73,,,,,,,,,,,,,
2014,Bored in the U.S.A.,Father John Misty,"United States, North America",Country,Direct,38.8951,-77.0364,,,,4418,,,,,,,,,,,
2014,Brooklyn Baby,Lana Del Rey,"Brooklyn, New York, New York, United States, North America",Neighborhood/District,Direct,40.6782,-73.9442,,,86,8527,,,,,,,,,,y,
2014,California,Amelia Lily,"California, United States, North America",State/Region,Direct,36.116,-119.682,,,83,,,,,,,,,,,,
2014,Chicago,Michael Jackson,"Chicago, Illinois, United States, North America",City,Direct,41.8376,-87.6818,26,,,,,,,,,,,,,y,
2014,German Whip,Meridian Dan and Big H and Jme,"Germany, Europe",Country,Demonym,52.52437,13.41053,,,13,,,,,,,,,,,,
2014,No Man's Land (Green Fields of France),Joss Stone ft. Jeff Beck,"France, Europe",Country,Direct,48.8534,2.3488,,,49,,,,,,,,,,,,
2014,Noble England,Rik Mayall,"England, United Kingdom, Europe",Country,Direct,51.5074,-0.1278,,,7,,,,,,,,,,,,
2014,Talladega,Eric Church,"Talladega, Alabama, United States, North America",City,Direct,33.4305,-86.0983,43,,,,,,,,,,,,,,
2014,War on the East Coast,The New Pornographers,"East Coast, United States, North America",Continent/Region,Direct,39,-75.5,,,,8183,,,,,,,,,,,
2014,Welcome to New York,Taylor Swift,"New York, New York, United States, North America",City,Direct,40.6643,-73.9385,14,,,,,,,,,,,,,,
2014,West Coast,Lana Del Rey,"West Coast, United States, North America",Continent/Region,Direct,40,-122,17,,21,2510,,,,,,,,,,y,
2015,American Beauty/American Psycho,Fall Out Boy,"United States, North America",Country,Demonym,38.8951,-77.0364,,,61,,,,,,,,,,,,
2015,American Oxygen,Rihanna,"United States, North America",Country,Demonym,38.8951,-77.0364,78,,71,,,,,,,,,,,,
2015,Brazil,Declan McKenna,"Brazil, South America",Country,Direct,-15.7939,-47.8828,,,56,,,,,,,,,,,y,
2015,California Dreamin',Sia,"California, United States, North America",State/Region,Direct,36.116,-119.682,,,92,,,,,,,,,,,,
2015,Jersey,Future,"New Jersey, United States, North America",State/Region,Nickname,40.298,-74.521,87,,,,,,,,,,,,,,
2015,New Americana,Halsey,"United States, North America",Country,Demonym,38.8951,-77.0364,60,,,,,,,,,,,,,,
2015,New York Raining,Charles Hamilton ft. Rita Ora,"New York, New York, United States, North America",City,Direct,40.6643,-73.9385,,,29,,,,,,,,,,,,
2015,Tennessee Whiskey,Chris Stapleton,"Tennessee, United States, North America",State/Region,Direct,35.747,-86.692,20,,,,,,,,,,,,,y,
2016,Alaska,Maggie Rogers,"Alaska, United States, North America",State/Region,Direct,61.37,-152.404,,,,7786,,,,,,,,,,,
2016,American Country Love Song,Jake Owen,"United States, North America",Country,Demonym,38.8951,-77.0364,55,,,,,,,,,,,,,,
2016,Europe Is Lost,Kate Tempest,Europe,Continent/Region,Direct,54.526,15.2551,,,,9891,,,,,,,,,,,
2016,Japanese Denim,Daniel Caesar,"Japan, Asia",Country,Demonym,35.6895,139.6917,,,,,,,,,,,,,,y,
2016,Party Like a Russian,Robbie Williams,"Russia, Europe",Country,Demonym,55.752,37.6178,,,68,,,,,,,,,,,,
2016,Weston Road Flows,Drake,"Weston Road, Toronto, Ontario, Canada, North America",Street/Landmark,Direct,43.7,-79.52,54,,93,,,,,,,,,,,,
2016,Your Best American Girl,Mitski,"United States, North America",Country,Demonym,38.8951,-77.0364,,,,183,,,,,,,,,,,
2017,American Dream,LCD Soundsystem,"United States, North America",Country,Demonym,38.8951,-77.0364,,,,9784,,,,,,,,,,,
2017,Barcelona,Ed Sheeran,"Barcelona, Spain, Europe",City,Direct,41.3888,2.159,96,,12,,,,,,,,,,,,
2017,Carolina,Harry Styles,"The Carolinas, United States, North America",State/Region,Direct,34.8,-79.5,,,51,,,,,,,,,,,,
2017,Ever Since New York,Harry Styles,"New York, New York, United States, North America",City,Direct,40.6643,-73.9385,,,87,,,,,,,,,,,,
2017,Galway Girl,Ed Sheeran,"Galway, Ireland, Europe",City,Direct,53.2724,-9.051,53,,2,,,,,,,,,,,y,
2017,God in Chicago,Craig Finn,"Chicago, Illinois, United States, North America",City,Direct,41.8376,-87.6818,,,,7209,,,,,,,,,,,
2017,Havana,Camila Cabello ft. Young Thug,"Havana, Cuba, North America",City,Direct,23.133,-82.383,1,4,1,4790,,,,,,,,,,y,
2017,Miami,Baxter Dury,"Miami, Florida, United States, North America",City,Direct,25.7752,-80.2086,,,,7828,,,,,,,,,,,
2017,Paris,The Chainsmokers,"Paris, France, Europe",City,Direct,48.8534,2.3488,6,42,5,,,,,,,,,,,y,
2017,Portland,Drake ft. Quavo and Travis Scott,"Portland, Oregon, United States, North America",City,Direct,45.537,-122.65,9,,27,,,,,,,,,,,,
2018,Africa,Weezer,Africa,Continent/Region,Direct,1.6508,17.6791,51,,,,,,,,,,,,,,
2018,Black & Chinese,Huncho Jack,"China, Asia",Country,Demonym,39.9075,116.3972,71,,,,,,,,,,,,,,
2018,Dubai Shit,Huncho Jack ft. Offset,"Dubai, United Arab Emirates, Asia",City,Direct,25.21861676,55.2713668,83,,,,,,,,,,,,,,
2018,German,EO,"Germany, Europe",Country,Demonym,52.52437,13.41053,,,13,,,,,,,,,,,,
2018,Guatemala,Rae Sremmurd,"Guatemala, North America",Country,Direct,14.6407,-90.5133,84,,68,,,,,,,,,,,,
2018,I Woke up in a Fucked up America,Lonnie Holley,"United States, North America",Country,Direct,38.8951,-77.0364,,,,8434,,,,,,,,,,,
2018,Japan,Famous Dex,"Japan, Asia",Country,Direct,35.6895,139.6917,28,,,,,,,,,,,,,,
2018,Kingston,Faye Webster,"Kingston, Georgia, United States, North America",City,Direct,34.235833,-84.944722,,,,7610,,,,,,,,,,,
2018,London,AJ and Deno ft. EO,"London, England, United Kingdom, Europe",City,Direct,51.5085,-0.1257,,,45,,,,,,,,,,,,
2018,London's Calling,Grm Daily and Skrapz and Avelino and Asco,"London, England, United Kingdom, Europe",City,Direct,51.5085,-0.1257,,,69,,,,,,,,,,,,
2018,Lost in Japan,Shawn Mendes and Zedd,"Japan, Asia",Country,Direct,35.6895,139.6917,48,,30,,,,,,,,,,,,
2018,Miami,Tory Lanez ft. Gunna,"Miami, Florida, United States, North America",City,Direct,25.7752,-80.2086,,,88,,,,,,,,,,,,
2018,New Birth in New England,Phosphorescent,"New England, United States, North America",Continent/Region,Direct,43.7,-71.5,,,,8334,,,,,,,,,,,
2018,Otra Noche En Miami,Bad Bunny,"Miami, Florida, United States, North America",City,Direct,25.7752,-80.2086,,,,,,,,,,,,,,y,
2018,Tennessee Rain,Addison Agen,"Tennessee, United States, North America",State/Region,Direct,35.747,-86.692,67,,,,,,,,,,,,,,
2018,This Is America,Childish Gambino,"United States, North America",Country,Direct,38.8951,-77.0364,1,51,6,202,,,,,,,,,,,
2018,Venice Bitch,Lana Del Rey,"Venice, California, United States, North America",City,Direct,45.43713,12.33265,,,,1697,,,,,,,,,,,
2018,Yosemite,Travis Scott,"Yosemite, California, United States, North America",Water/Natural Feature,Direct,37.8651,-119.5383,25,,93,,,,,,,,,,,y,
2019,4PM in Calabasas,Drake,"Calabasas, California, United States, North America",City,Direct,34.1338,-118.6689,,,72,,,,,,,,,,,,
2019,Costa Rica,"Dreamville ft. BAS, JID, Guapdad 4000, Reese LAFLARE, Jace, Mez, Smokepurpp, Buddy and Ski Mask The Slump God","Costa Rica, North America",Country,Direct,9.9281,-84.0907,75,,,,,,,,,,,,,,
2019,Cuban Links,Rod Wave and Kevin Gates,"Cuba, North America",Country,Demonym,23.133,-82.383,92,,,,,,,,,,,,,,
2019,French Kisses,Ziezie ft. Aitch,"France, Europe",Country,Demonym,48.8534,2.3488,,,35,,,,,,,,,,,,
2019,Harleys in Hawaii,Katy Perry,"Hawaii, United States, North America",State/Region,Direct,21.094,-157.498,,,45,,,,,,,,,,,y,
2019,Hollywood's Bleeding,Post Malone,"Hollywood, California, United States, North America",Neighborhood/District,Direct,34.0928,-118.3287,15,,11,,,,,,,,,,,,
2019,La La Land,Bryce Vine ft. YG,"Los Angeles, California, United States, North America",City,Nickname,34.0194,-118.4108,75,,,,,,,,,,,,,,
2019,London Boy,Taylor Swift,"London, England, United Kingdom, Europe",City,Direct,51.5085,-0.1257,62,,,,,,,,,,,,,,
2019,Out West,Jackboys,"American West, United States, North America",Continent/Region,Direct,40,-112,38,,,,,,,,,,,,,y,
2019,Take Me Back to London,Ed Sheeran ft. Stormzy,"London, England, United Kingdom, Europe",City,Direct,51.5085,-0.1257,,,1,,,,,,,,,,,,
2020,(Douha) Mali Mali,Disclosure and Fatoumata Diawara,"Mali, Africa",Country,Direct,12.6392,-8.0029,,,83,,,,,,,,,,,,
2020,Argentina,Gunna,"Argentina, South America",Country,Direct,-34.6131,-58.3772,67,,,,,,,,,,,,,,
2020,Bad Bitch from Tokyo (Intro),Pop Smoke,"Tokyo, Japan, Asia",City,Direct,35.6895,139.6917,55,,,,,,,,,,,,,,
2020,Chicago Freestyle,Drake ft. Giveon,"Chicago, Illinois, United States, North America",City,Direct,41.8376,-87.6818,14,,10,,,,,,,,,,,y,
2020,Coney Island,Taylor Swift ft. The National,"Coney Island, New York, New York, United States, North America",Street/Landmark,Direct,40.5755,-73.9707,63,,,,,,,,,,,,,,
2020,Dicked Down in Dallas,Trey Lewis,"Dallas, Texas, United States, North America",City,Direct,32.7942,-96.7655,65,,,,,,,,,,,,,,
2020,From Florida with Love,Drake,"Florida, United States, North America",State/Region,Direct,27.766,-81.686,45,,,,,,,,,,,,,,
2020,Greece,DJ Khaled ft. Drake,"Greece, Europe",Country,Direct,37.9838,23.7278,8,,8,,,,,,,,,,,,
2020,Harlem Shake,Future ft. Young Thug,"Harlem, New York, New York, United States, North America",Neighborhood/District,Direct,40.8116,-73.9465,84,,,,,,,,,,,,,,
2020,Jesus Christ 2005 God Bless America,The 1975,"United States, North America",Country,Direct,38.8951,-77.0364,,,88,,,,,,,,,,,,
2020,Letter from Houston,Rod Wave,"Houston, Texas, United States, North America",City,Direct,29.7805,-95.3863,62,,,,,,,,,,,,,,
2020,Lithuania,Big Sean ft. Travis Scott,"Lithuania, Europe",Country,Direct,54.6892,25.2798,69,,,,,,,,,,,,,,
2020,London,M24 ft. Tion Wayne,"London, England, United Kingdom, Europe",City,Direct,51.5085,-0.1257,,,32,,,,,,,,,,,,
2020,Love Not War (The Tampa Beat),Jason Derulo and Nuka,"Tampa, Florida, United States, North America",City,Direct,27.9701,-82.4797,,,26,,,,,,,,,,,,
2020,Moonwalking in Calabasas,DDG,"Calabasas, California, United States, North America",City,Direct,34.1338,-118.6689,81,,,,,,,,,,,,,,
2020,Otherside of America,Meek Mill,"United States, North America",Country,Direct,38.8951,-77.0364,64,,,,,,,,,,,,,,
2020,The Last Great American Dynasty,Taylor Swift,"United States, North America",Country,Demonym,38.8951,-77.0364,13,,,,,,,,,,,,,,
2020,West Coast Shit,Pop Smoke ft. Tyga and Quavo,"West Coast, United States, North America",Continent/Region,Direct,40,-122,65,,,,,,,,,,,,,,
2021,Broadway Girls,Lil Durk ft. Morgan Wallen,"Broadway, Nashville, Tennessee, United States, North America",Street/Landmark,Direct,36.1718,-86.785,14,81,,,,,,,,,,,,,
2021,Moved to Miami,Roddy Ricch ft. Lil Baby,"Miami, Florida, United States, North America",City,Direct,25.7752,-80.2086,85,,,,,,,,,,,,,,
2021,Mónaco,Lagos,"Monaco, Europe",Country,Direct,43.7372,7.4215,,,,,,,,,,,,,,y,
2021,Nevada,YoungBoy Never Broke Again,"Nevada, United States, North America",State/Region,Direct,38.313,-117.055,58,,,,,,,,,,,,,,
2021,Ole (We Are England),Krept and Konan and S1lva and M1llionz,"England, United Kingdom, Europe",Country,Direct,51.5074,-0.1278,,,51,,,,,,,,,,,,
2021,One Mississippi,Kane Brown,"Mississippi, United States, North America",State/Region,Direct,32.741,-89.678,36,99,,,,,,,,,,,,,
2021,Peru,Fireboy DML and Ed Sheeran,"Peru, South America",Country,Direct,-12.0432,-77.0282,53,,2,,,,,,,,,,,,
2021,Siberia,Headie One ft. Burna Boy,"Siberia, Russia, Asia",Continent/Region,Direct,60,105,,,35,,,,,,,,,,,,
2021,Tampa,Cico P,"Tampa, Florida, United States, North America",City,Direct,27.9701,-82.4797,91,,,,,,,,,,,,,,
2021,Thailand,Roddy Ricch,"Thailand, Asia",Country,Direct,13.754,100.5014,95,,,,,,,,,,,,,,
2021,Tulsa Jesus Freak,Lana Del Rey,"Tulsa, Oklahoma, United States, North America",City,Direct,36.1279,-95.9023,,,81,,,,,,,,,,,,
2021,UK Hun,United Kingdolls,"United Kingdom, Europe",Country,Direct,51.5085,-0.1257,,,27,,,,,,,,,,,,
2021,Welcome to Brixton,Sr,"Brixton, London, England, United Kingdom, Europe",Neighborhood/District,Direct,51.46593,-0.10652,,,93,,,,,,,,,,,,
2022,6AM in Dubai,Russ Millions and Buni and YV,"Dubai, United Arab Emirates, Asia",City,Direct,25.21861676,55.2713668,,,100,,,,,,,,,,,,
2022,America Has a Problem,Beyonce ft. Kendrick Lamar,"United States, North America",Country,Direct,38.8951,-77.0364,38,,22,,,,,,,,,,,,
2022,California Breeze,Lil Baby,"California, United States, North America",State/Region,Direct,36.116,-119.682,4,,26,,,,,,,,,,,,
2022,Carolina,Taylor Swift,"The Carolinas, United States, North America",State/Region,Direct,34.8,-79.5,60,,63,,,,,,,,,,,,
2022,"Colombia, Mi Encanto",Carlos Vives,"Colombia, South America",Country,Direct,4.711,-74.0721,100,,,,,,,,,,,,,,
2022,Down in Atlanta,Pharrell Williams and Travis Scott,"Atlanta, Georgia, United States, North America",City,Direct,33.7629,-84.4227,88,,81,,,,,,,,,,,,
2022,Down Under,Luude ft. Colin Hay,"Australia, Oceania",Country,Nickname,-35.2809,149.13,,,5,,,,,,,,,,,,
2022,Greece,Clavish,"Greece, Europe",Country,Direct,37.9838,23.7278,,,70,,,,,,,,,,,,
2022,London,Bia ft. J. Cole,"London, England, United Kingdom, Europe",City,Direct,51.5085,-0.1257,62,,79,,,,,,,,,,,,
2022,Niagara Falls (Foot or 2),"Metro Boomin, Travis Scott and 21 Savage","Niagara Falls, North America",Water/Natural Feature,Direct,43.0962,-79.0377,27,,46,,,,,,,,,,,,
2022,Oklahoma Smokeshow,Zach Bryan,"Oklahoma, United States, North America",State/Region,Direct,35.565,-96.928,72,,,,,,,,,,,,,,
2022,Oslo,Lil Macks,"Oslo, Norway, Europe",City,Direct,59.91273,10.74609,,,66,,,,,,,,,,,,
2022,Paris,Taylor Swift,"Paris, France, Europe",City,Direct,48.8534,2.3488,32,,,,,,,,,,,,,,
2022,Poland,Lil Yachty,"Poland, Europe",Country,Direct,52.2298,21.0118,40,,30,,,,,,,,,,,,
2022,Rocking a Cardigan in Atlanta,Lil Shordie Scott,"Atlanta, Georgia, United States, North America",City,Direct,33.7629,-84.4227,77,,,,,,,,,,,,,,
2022,Seoul,AJ Tracey,"Seoul, South Korea, Asia",City,Direct,37.566,126.9784,,,58,,,,,,,,,,,,
2022,She Had Me at Heads Carolina,Cole Swindell,"The Carolinas, United States, North America",State/Region,Direct,34.8,-79.5,16,46,,,,,,,,,,,,,
2022,Tennessee Fan,Morgan Wallen,"Tennessee, United States, North America",State/Region,Direct,35.747,-86.692,49,,,,,,,,,,,,,,
2022,Tennessee Orange,Megan Moroney,"Tennessee, United States, North America",State/Region,Direct,35.747,-86.692,30,67,,,,,,,,,,,,,
2022,Vegas,Doja Cat,"Las Vegas, Nevada, United States, North America",City,Nickname,36.2277,-115.264,10,47,24,,,,,,,,,,,,
2023,8AM in Charlotte,Drake,"Charlotte, North Carolina, United States, North America",City,Direct,35.2087,-80.8307,17,,,,,,,,,,,,,,
2023,All-American Bitch,Olivia Rodrigo,"United States, North America",Country,Demonym,38.8951,-77.0364,13,,78,,,,,,,,,,,,
2023,American Town,Ed Sheeran,"United States, North America",Country,Demonym,38.8951,-77.0364,,,27,,,,,,,,,,,,
2023,Austin,Dasha,"Austin, Texas, United States, North America",City,Direct,30.3072,-97.756,18,27,5,,,,,,,,,,,y,
2023,Bahamas Promises,Drake,"Bahamas, North America",Country,Direct,25.0582,-77.3431,20,,,,,,,,,,,,,,
2023,Bury Me in Georgia,Kane Brown,"Georgia, United States, North America",State/Region,Direct,33.04,-83.643,34,89,,,,,,,,,,,,,
2023,Cairo,Karol G and Ovy On The Drums,"Cairo, Egypt, Africa",City,Direct,30.0626,31.2497,82,,,,,,,,,,,,,,
2023,England,Ed Sheeran,"England, United Kingdom, Europe",Country,Direct,51.5074,-0.1278,,,84,,,,,,,,,,,,
2023,Monaco,Bad Bunny,"Monaco, Europe",Country,Direct,43.7372,7.4215,5,82,,,,,,,,,,,,y,
2023,Pakistan,D-Block Europe and Clavish,"Pakistan, Asia",Country,Direct,33.72148,73.04329,,,8,,,,,,,,,,,,
2023,Parade on Cleveland,Young Thug ft. Drake,"Cleveland, Ohio, United States, North America",City,Direct,41.4781,-81.6795,39,,97,,,,,,,,,,,,
2023,"Paris, Texas",Lana Del Rey,"Paris, Texas, United States, North America",City,Direct,33.638889,-95.546111,,,48,,,,,,,,,,,,
2023,Rich Men North of Richmond,Oliver Anthony Music,"Richmond, Virginia, United States, North America",City,Direct,37.5314,-77.476,1,78,23,,,,,,,,,,,,
2023,Soweto,Victony and Toliver and Rema and Tempoe,"Soweto, South Africa, Africa",Neighborhood/District,Direct,-26.26781,27.85849,,,65,,,,,,,,,,,,
2023,Tennessee Numbers,Morgan Wallen,"Tennessee, United States, North America",State/Region,Direct,35.747,-86.692,38,,,,,,,,,,,,,,
2023,UK Rap,Dave and Central Cee,"United Kingdom, Europe",Country,Direct,51.5085,-0.1257,,,13,,,,,,,,,,,,
2023,Virginia Beach,Drake,"Virginia Beach, Virginia, United States, North America",City,Direct,36.7793,-76.024,3,,6,,,,,,,,,,,,
2024,Ain't No Love in Oklahoma,Luke Combs,"Oklahoma, United States, North America",State/Region,Direct,35.565,-96.928,13,37,50,,,,,,,,,,,,
2024,American Nights,Zach Bryan,"United States, North America",Country,Demonym,38.8951,-77.0364,21,,,,,,,,,,,,,,
2024,Bigger in Texas,Megan Thee Stallion,"Texas, United States, North America",State/Region,Direct,31.054,-97.563,84,,,,,,,,,,,,,,
2024,California Sober,Post Malone ft. Chris Stapleton,"California, United States, North America",State/Region,Direct,36.116,-119.682,34,,,,,,,,,,,,,,
2024,Enough (Miami),Cardi B,"Miami, Florida, United States, North America",City,Direct,25.7752,-80.2086,9,,85,,,,,,,,,,,,
2024,Florida!!!,Taylor Swift ft. Florence and The Machine,"Florida, United States, North America",State/Region,Direct,27.766,-81.686,8,,,,,,,,,,,,,,
2024,Memphis; the Blues,Zach Bryan ft. John Moreland,"Memphis, Tennessee, United States, North America",City,Direct,35.1035,-89.9785,83,,,,,,,,,,,,,,
2024,Oh Louisiana,Beyonce,"Louisiana, United States, North America",State/Region,Direct,31.169,-91.867,70,,,,,,,,,,,,,,
2024,So American,Olivia Rodrigo,"United States, North America",Country,Demonym,38.8951,-77.0364,58,,24,,,,,,,,,,,,
2024,"So Long, London",Taylor Swift,"London, England, United Kingdom, Europe",City,Direct,51.5085,-0.1257,5,,,,,,,,,,,,,,
2024,South of France,Future,"France, Europe",Country,Direct,48.8534,2.3488,57,,,,,,,,,,,,,,
2024,Texas Hold 'Em,Beyonce,"Texas, United States, North America",State/Region,Direct,31.054,-97.563,1,32,1,,,,,,,,,,,y,
2024,The Great American Bar Scene,Zach Bryan,"United States, North America",Country,Demonym,38.8951,-77.0364,58,,,,,,,,,,,,,,
2024,Tucson Too Late,Jordan Davis,"Tucson, Arizona, United States, North America",City,Direct,32.1543,-110.8711,71,,,,,,,,,,,,,,
2025,Choosin' Texas,Ella Langley,"Texas, United States, North America",State/Region,Direct,31.054,-97.563,1,,1,,,,,,,,,,,,
2025,Lo Que Le Paso a Hawaii,Bad Bunny,"Hawaii, United States, North America",State/Region,Direct,21.094,-157.498,62,,,,,,,,,,,,,,
2025,Miami,Morgan Wallen ft. Lil Wayne and Rick Ross,"Miami, Florida, United States, North America",City,Direct,25.7752,-80.2086,21,,,,,,,,,,,,,,
2025,Niagara Falls,The Weeknd,"Niagara Falls, North America",Water/Natural Feature,Direct,43.0962,-79.0377,65,,,,,,,,,,,,,,
2025,Philly,Playboi Carti and Travis Scott,"Philadelphia, Pennsylvania, United States, North America",City,Nickname,40.0094,-75.1333,28,,,,,,,,,,,,,,
2025,Raining in Houston,Drake,"Houston, Texas, United States, North America",City,Direct,29.7805,-95.3863,43,,,,,,,,,,,,,,
2025,Somewhere over Laredo,Lainey Wilson,"Laredo, Texas, United States, North America",City,Direct,27.5477,-99.4869,36,,,,,,,,,,,,,,
2025,South Atlanta Baby,Playboi Carti,"Atlanta, Georgia, United States, North America",City,Direct,33.7629,-84.4227,88,,,,,,,,,,,,,,
2025,Stateside,PinkPantheress and Zara Larsson,"United States, North America",Country,Direct,38.8951,-77.0364,6,,3,,,,,,,,,,,y,
2025,Texas,Blake Shelton,"Texas, United States, North America",State/Region,Direct,31.054,-97.563,61,,,,,,,,,,,,,,
2025,Yukon,Justin Bieber,"Yukon, Canada, North America",State/Region,Direct,64.2823,-135,12,,12,,,,,,,,,,,,
2026,American Cars,Noah Kahan,"United States, North America",Country,Demonym,38.8951,-77.0364,16,,,,,,,,,,,,,,
2026,American Girls,Harry Styles,"United States, North America",Country,Demonym,38.8951,-77.0364,4,,1,,,,,,,,,,,,
2026,Boston,Stella Lefty,"Boston, Massachusetts, United States, North America",City,Direct,42.332,-71.0202,2,,4,,,,,,,,,,,,
2026,California Girls,Future,"California, United States, North America",State/Region,Direct,36.116,-119.682,23,,,,,,,,,,,,,,
2026,Damn I Love Miami,Pitbull and Lil Jon,"Miami, Florida, United States, North America",City,Direct,25.7752,-80.2086,76,,,,,,,,,,,,,,
2026,Long Way to Calabasas,Don Toliver,"Calabasas, California, United States, North America",City,Direct,34.1338,-118.6689,63,,,,,,,,,,,,,,
2026,Mexico Honey,Kacey Musgraves,"Mexico, North America",Country,Direct,19.4285,-99.1277,39,,,,,,,,,,,,,,
2026,Ran to Atlanta,Drake ft. Future and Molly Santana,"Atlanta, Georgia, United States, North America",City,Direct,33.7629,-84.4227,2,,,,,,,,,,,,,,
2026,Rocky Mountain Low,Corey Kent and Koe Wetzel,"Rocky Mountains, North America",Water/Natural Feature,Direct,43.7,-110.6,78,,,,,,,,,,,,,,
2026,Santa Fe,Zach Bryan,"Santa Fe, New Mexico, United States, North America",City,Direct,35.666,-105.9737,61,,,,,,,,,,,,,,
