inductee,year,category,role,mbid,mb_name,how,note,release_groups,kept
Buddy Holly,1986,Performer,main,d352f5dd-3023-4565-a7bb-52396bf8821d,Buddy Holly,wikidata Q5977,,230,33
Buddy Holly,1986,Performer,main,5260e08d-2a8b-47f0-a88f-77d888b69fe9,,wikidata Q5977,,230,33
Buddy Holly,1986,Performer,extra,e5426346-95a6-4a19-8a5d-b9934ea7425c,,"related (tribute), name contains inductee",,0,0
Chuck Berry,1986,Performer,main,592a3b6d-c42b-4567-99c9-ecf63bd66499,Chuck Berry,wikidata Q5921,,313,58
Chuck Berry,1986,Performer,extra,9ed00709-4c9e-4cc2-95b6-1db8b638591d,Chuck Berry and His Combo,"related (member of band), name contains inductee",,6,6
Elvis Presley,1986,Performer,main,01809552-4f87-45b0-afff-2c6f0730a3be,Elvis Presley,wikidata Q303,,1311,300
Fats Domino,1986,Performer,main,e787de5d-49e2-4b1f-9bde-1fd3a671b971,Fats Domino,wikidata Q209586,,348,136
Fats Domino,1986,Performer,extra,ce22dbfd-babb-49fa-b783-42e1d9710677,,"related (member of band), name contains inductee",,0,0
Fats Domino,1986,Performer,extra,cb79af0e-f388-4c2b-9036-7ab5247e8efb,,"related (member of band), name contains inductee",,0,0
James Brown,1986,Performer,main,20ff3303-4fe2-4a47-a1b6-291e26aa3438,James Brown,wikidata Q5950,,441,129
James Brown,1986,Performer,extra,c6db5c68-da57-41f9-8472-3da2e42977c4,James Brown & The Famous Flames,"related (member of band), name contains inductee",,40,32
James Brown,1986,Performer,extra,190fd2bd-3090-4c2f-b294-53bfff185a43,The James Brown Band,"related (member of band), name contains inductee",,1,0
Jerry Lee Lewis,1986,Performer,main,b59ac58d-036e-4bba-8112-c32a34c4575b,Jerry Lee Lewis,wikidata Q202729,,442,107
Jerry Lee Lewis,1986,Performer,extra,cf2d3bc9-96a1-4ec4-8a16-80dcaf31d05f,,"related (parent), name contains inductee",,0,0
Little Richard,1986,Performer,main,95c2339b-8277-49a6-9aaf-08d8eeeaa0be,Little Richard,wikidata Q82222,,312,110
Little Richard,1986,Performer,extra,de0e1877-ca20-414e-8d08-6eef9c696055,Little Richard and His Band,"related (member of band), name contains inductee",,1,0
Little Richard,1986,Performer,extra,5aa80c0d-70b6-4bf7-9ea5-a4e43b182aa2,,"related (member of band), name contains inductee",,0,0
Ray Charles,1986,Performer,main,2ce02909-598b-44ef-a456-151ba0a3bd70,Ray Charles,wikidata Q544387,,559,139
Ray Charles,1986,Performer,extra,1e86edd8-0ca8-4f7c-b01f-6a619ccbf1c2,Ray Charles and His Orchestra,"related (member of band), name contains inductee",,22,18
Ray Charles,1986,Performer,extra,e018c933-f869-4ec3-9001-b4f340b5ba07,,"related (member of band), name contains inductee",,0,0
Sam Cooke,1986,Performer,main,6c8fd0be-d961-454c-aee0-4366a6dbc993,Sam Cooke,wikidata Q295919,,155,62
The Everly Brothers,1986,Performer,main,091ec508-877f-4e3c-92a3-10903bbbc7ad,The Everly Brothers,wikidata Q690138,,249,66
The Everly Brothers,1986,Performer,extra,b1543a5c-3535-491a-9c80-e3fdd3ea06a6,The Everly Brothers Experience,"related (named after artist), name contains inductee",,1,1
Jimmie Rodgers,1986,Early Influence,main,394492c0-cecf-40a8-b676-0e5706317fab,Jimmie Rodgers,wikidata Q366358,,72,33
Jimmie Rodgers,1986,Early Influence,extra,74bba804-3b2b-4cdf-a4c5-9880bb18060f,Mrs. Jimmie Rodgers,"related (married), name contains inductee",,1,1
Jimmy Yancey,1986,Early Influence,main,78a7f57a-a276-45f6-b63c-96d941e244d2,Jimmy Yancey,wikidata Q1346384,,14,3
Robert Johnson,1986,Early Influence,main,8a8bbba6-72f7-4900-a306-c40b94f2631b,Robert Johnson,wikidata Q192133,,85,15
Robert Johnson,1986,Early Influence,main,16f11bc1-9a25-46f0-b2d4-0c2b1ebdd16f,,wikidata Q192133,,0,0
Aretha Franklin,1987,Performer,main,2f9ecbed-27be-40e6-abca-6de49d50299e,Aretha Franklin,wikidata Q125121,,353,137
B.B. King,1987,Performer,main,dcb03ce3-67a5-4eb3-b2d1-2a12d93a38f3,B.B. King,wikidata Q188969,,388,75
B.B. King,1987,Performer,extra,53e74442-a01c-4e74-8bbd-13b023d45b0b,B.B. King and His Orchestra,"related (member of band), name contains inductee",,13,13
Big Joe Turner,1987,Performer,main,b123ba15-c4a5-4281-8117-2e57f8f02496,Big Joe Turner,wikidata Q358350,,101,42
Big Joe Turner,1987,Performer,extra,b168bb54-825d-4bef-bb49-b02fa3ca601b,Big Joe Turner & His Blues Kings,"related (member of band), name contains inductee",,2,2
Big Joe Turner,1987,Performer,extra,f4cabb51-a542-461f-9b37-f37f980a9c07,,"related (member of band), name contains inductee",,0,0
Big Joe Turner,1987,Performer,extra,e5d473d2-7697-4a86-b487-6a0eeba3de57,Big Joe Turner and His Fly Cats,"related (member of band), name contains inductee",,1,1
Bill Haley,1987,Performer,main,2c8ddf66-bca7-4ed5-8ef6-b5d55b3fd3ff,Bill Haley,wikidata Q202319,,34,4
Bill Haley,1987,Performer,extra,4458d70d-c215-4f06-beea-ebd448dad6ac,Bill Haley and His Comets,"related (member of band), name contains inductee",,162,48
Bill Haley,1987,Performer,extra,88cfed16-5929-4c30-88a9-f932a6a77dee,Bill Haley and the Saddlemen,"related (member of band), name contains inductee",,1,0
Bo Diddley,1987,Performer,main,bf659d74-0b61-488c-8a7d-594f43bed9e0,Bo Diddley,wikidata Q208881,,150,51
Carl Perkins,1987,Performer,main,068bd7ab-c38e-4fae-8ed2-cb0c153ed68f,Carl Perkins,wikidata Q310339,,384,137
Clyde McPhatter,1987,Performer,main,3c562ee6-4855-4a11-8411-5e9e6c10586a,Clyde McPhatter,wikidata Q1103721,,30,21
Clyde McPhatter,1987,Performer,extra,bbd59058-2497-4ad7-84bd-bf4ada98a357,Clyde McPhatter & The Drifters,"related (member of band), name contains inductee",,2,1
Eddie Cochran,1987,Performer,main,17995d1c-5b3c-4ee9-98f5-105ee3b4ada1,Eddie Cochran,wikidata Q5969,,171,44
Jackie Wilson,1987,Performer,main,f0bf4fa0-028e-452f-82d3-7d4375e105dd,Jackie Wilson,wikidata Q181483,,110,51
Marvin Gaye,1987,Performer,main,afdb7919-059d-43c1-b668-ba1d265e7e42,Marvin Gaye,wikidata Q189758,,283,66
Marvin Gaye,1987,Performer,extra,84841a06-cc26-443f-9641-5a740313009e,,"related (tribute), name contains inductee",,0,0
Muddy Waters,1987,Performer,main,f86f1f07-d182-45ce-ae93-ef610880ca72,Muddy Waters,wikidata Q220707,,324,53
Muddy Waters,1987,Performer,extra,a2e23010-5d0e-4106-acc2-c58ebe06af1c,The Muddy Waters Band,"related (member of band), name contains inductee",,5,3
Muddy Waters,1987,Performer,extra,ae795709-8fd4-48c3-a048-042a4e65478b,The Muddy Waters Tribute Band,"related (tribute), name contains inductee",,1,1
Ricky Nelson,1987,Performer,main,0b511854-c21c-4af1-9c31-e3fc178ded61,Rick Nelson,wikidata Q303207,,119,54
Ricky Nelson,1987,Performer,extra,bad7ea95-9be8-4852-ab8c-eb39fa83798e,Rick Nelson & The Stone Canyon Band,"related (member of band), name contains inductee",,6,5
Roy Orbison,1987,Performer,main,0bbbc496-c7b5-4b3f-bb6d-bd312827d6e5,Roy Orbison,wikidata Q188426,,382,114
Roy Orbison,1987,Performer,extra,889ea25a-b71b-4638-b150-c7a172d1a13b,,"related (member of band), name contains inductee",,0,0
Roy Orbison,1987,Performer,extra,ed87203c-a57f-40a1-a24e-ba1af54bb546,,"related (member of band), name contains inductee",,0,0
Roy Orbison,1987,Performer,extra,b9d43399-2ac3-4d82-aac0-67d408c3ba5a,,"related (parent), name contains inductee",,0,0
Smokey Robinson,1987,Performer,main,c19ff12b-058f-44a8-b245-b0efb4752925,Smokey Robinson,wikidata Q310332,,52,32
The Coasters,1987,Performer,main,c174f353-4666-4dfb-af54-5cc70b8afd55,The Coasters,wikidata Q1427216,,85,34
Hank Williams,1987,Early Influence,main,906bddec-bc73-49f8-ac1e-eaee691c6cf9,Hank Williams,wikidata Q206181,,213,60
Hank Williams,1987,Early Influence,main,b7ed0afa-d5c1-4afd-9955-13db85e26027,Luke the Drifter,wikidata Q206181,,3,2
Hank Williams,1987,Early Influence,extra,6aad1485-862b-42d4-ac7e-cfab197214d0,Hank Williams With His Drifting Cowboys,"related (member of band), name contains inductee",,9,8
Hank Williams,1987,Early Influence,extra,1d8010a0-b642-4c8f-9c8d-8dc66b7bb81a,"Hank Williams, Jr.","related (parent), name contains inductee",,112,72
Louis Jordan,1987,Early Influence,main,b8b30699-7814-4fd1-ab75-6f22f5da0fac,Louis Jordan,wikidata Q461011,,67,12
Louis Jordan,1987,Early Influence,extra,e2be7eac-60a0-4c43-bead-0e74619cba4f,Louis Jordan and His Tympany Five,"related (member of band), name contains inductee",,62,36
Louis Jordan,1987,Early Influence,extra,af7722d4-edc2-4730-a783-ab392e35f26d,Louis Jordan and His Orchestra,"related (member of band), name contains inductee",,2,2
T-Bone Walker,1987,Early Influence,main,f1a3fb4a-fff6-4556-a290-3704b109da90,T‐Bone Walker,wikidata Q358538,,101,24
T-Bone Walker,1987,Early Influence,extra,3f2d9799-7873-4205-8dd7-f8770fba8d0d,,"related (member of band), name contains inductee",,0,0
Bob Dylan,1988,Performer,main,72c536dc-7137-4477-a521-567eeb840fa8,Bob Dylan,wikidata Q392,,1108,178
Bob Dylan,1988,Performer,main,7017b003-a397-4015-8b13-76c858cef56e,,wikidata Q392,,0,0
Bob Dylan,1988,Performer,main,78e2ef88-6898-4fb2-9666-306546904cf8,,wikidata Q392,,0,0
Bob Dylan,1988,Performer,main,5bf151d7-0b3b-48cb-b6e7-a30004da1680,,wikidata Q392,,0,0
Bob Dylan,1988,Performer,extra,30069cec-7560-45e1-92d7-93e2d62f8793,Bob Dylan Tribute Band,"related (tribute), name contains inductee",,1,0
The Beach Boys,1988,Performer,main,ebfc1398-8d96-47e3-82c3-f782abcdb13d,The Beach Boys,wikidata Q183048,,465,153
The Beach Boys,1988,Performer,extra,300fa139-7c0d-454b-9b47-3f3d9150418e,,"related (tribute), name contains inductee",,0,0
The Beach Boys,1988,Performer,extra,57045bc7-7a97-4a83-91db-407d514afc9a,,"related (tribute), name contains inductee",,0,0
The Beatles,1988,Performer,main,b10bbbfc-cf9e-42e0-be17-e2c3e1d2600d,The Beatles,wikidata Q1299,,872,194
The Beatles,1988,Performer,extra,0f697bc6-6df7-41c9-b550-39981e520d70,The Beatles Revival Band,"related (tribute), name contains inductee",,19,12
The Beatles,1988,Performer,extra,5153cd90-37c6-4fa0-8da6-dbf5513b4a44,,"related (tribute), name contains inductee",,0,0
The Beatles,1988,Performer,extra,c1497b67-1ab6-44f2-b58d-66e3d8ca7b69,,"related (tribute), name contains inductee",,0,0
The Beatles,1988,Performer,extra,83830952-8352-4814-bfb4-fcd19c90f27e,,"related (tribute), name contains inductee",,0,0
The Beatles,1988,Performer,extra,f540dcbe-4ae8-45c7-817b-372241202276,,"related (tribute), name contains inductee",,0,0
The Beatles,1988,Performer,extra,31388273-6ebd-419f-82e1-dda50a733896,Rain: A Tribute to the Beatles,"related (tribute), name contains inductee",,1,1
The Beatles,1988,Performer,extra,b2f173ed-cd51-452b-b75e-7563c63a446d,,"related (tribute), name contains inductee",,0,0
The Drifters,1988,Performer,main,9e2d3f58-0653-4007-bcb7-1746fcdd9363,The Drifters,wikidata Q1060576,,203,47
The Drifters,1988,Performer,extra,bbd59058-2497-4ad7-84bd-bf4ada98a357,Clyde McPhatter & The Drifters,"related (supporting musician), name contains inductee",,2,1
The Supremes,1988,Performer,main,c1aa2ec9-53e7-4d90-8d36-bac75832e986,The Supremes,wikidata Q218837,,229,94
Lead Belly,1988,Early Influence,main,ddcfbdcf-cf8d-4776-8a69-10f39376b5a2,Lead Belly,wikidata Q314310,,152,35
Lead Belly,1988,Early Influence,main,8daeb58e-209a-476d-8c16-fe1ceb041ee9,,wikidata Q314310,,152,35
Les Paul,1988,Early Influence,main,f671ebd2-917d-466f-b7bc-07c60e4d8990,Les Paul,wikidata Q262399,,33,12
Les Paul,1988,Early Influence,extra,7ee21fe4-f337-4a74-aebf-a69fc91809c5,Les Paul & Mary Ford,"related (member of band), name contains inductee",,55,22
Les Paul,1988,Early Influence,extra,c0619c90-6b7b-4d63-b256-3a23b19bf787,Les Paul and His Trio,"related (member of band), name contains inductee",,19,14
Woody Guthrie,1988,Early Influence,main,cbd827e1-4e38-427e-a436-642683433732,Woody Guthrie,wikidata Q4061,,91,25
Dion,1989,Performer,main,89efeadd-8080-4cf9-af33-2e68a173df02,Dion,musicbrainz name search (check),,96,58
Dion,1989,Performer,extra,236459d6-f9ea-4f89-9239-21c0bedaaf25,Dion & The Belmonts,"related (member of band), name contains inductee",,55,13
Dion,1989,Performer,extra,38644649-5a30-4276-b14d-9dcd8d149d18,The Belmonts,wikidata (Dion and the Belmonts),,15,8
Otis Redding,1989,Performer,main,82b1f5fd-cd31-41a9-b5d4-7e33f0eb9751,Otis Redding,wikidata Q217839,,104,24
Otis Redding,1989,Performer,extra,44078b69-7719-4ea1-8ebf-3ccae032bea5,,"related (parent), name contains inductee",,0,0
Stevie Wonder,1989,Performer,main,1ee18fb3-18a6-4c7f-8ba0-bc41cdd0462e,Stevie Wonder,wikidata Q714,,168,93
Stevie Wonder,1989,Performer,main,85db5120-7b1d-4b18-be06-630840398fbc,,wikidata Q714,,0,0
Stevie Wonder,1989,Performer,main,3fb67500-87e2-449b-a995-c74dc8f9319c,,wikidata Q714,,0,0
The Rolling Stones,1989,Performer,main,b071f9fa-14b0-4217-8e97-eb41da73f598,The Rolling Stones,wikidata Q11036,,1798,563
The Rolling Stones,1989,Performer,extra,ea856d4b-8524-450b-b2df-7a7c2a4fc4a2,,"related (tribute), name contains inductee",,0,0
The Rolling Stones,1989,Performer,extra,199b4102-4e74-405f-b1ac-d5a154a8fe16,The Rolling Stones Revival Band,"related (tribute), name contains inductee",,1,0
The Temptations,1989,Performer,main,d8df96ae-8fcf-4997-b3e6-e5d1aaf0f69e,The Temptations,wikidata Q846373,,206,88
The Temptations,1989,Performer,extra,4a861e4a-1580-42eb-8c15-b5105d5a22bc,,"related (member of band), name contains inductee",,0,0
The Temptations,1989,Performer,extra,113e1fc8-a275-457d-9fa8-d3390a8cf220,,"related (tribute), name contains inductee",,0,0
Bessie Smith,1989,Early Influence,main,ffa28768-ecda-42c6-ac49-6ce5c7d33043,Bessie Smith,wikidata Q93349,,125,25
Bessie Smith,1989,Early Influence,extra,72cdf1c4-610a-4622-b5f4-1d7cf4fbc8a8,,"related (member of band), name contains inductee",,0,0
Bessie Smith,1989,Early Influence,extra,4dff7933-1b8c-4df8-af07-ca305d44f44a,Bessie Smith & Her Blue Boys,"related (member of band), name contains inductee",,1,1
The Ink Spots,1989,Early Influence,main,75f47650-8a52-494a-8334-c5279bc6db09,The Ink Spots,wikidata Q127140,,269,207
The Soul Stirrers,1989,Early Influence,main,5aa8b4de-5e87-40c1-b230-e29e415578ec,The Soul Stirrers,wikidata Q466840,,66,36
Bobby Darin,1990,Performer,main,1f223eed-aa38-49da-9e76-62ab3adc2e04,Bobby Darin,wikidata Q311267,,148,59
Frankie Valli,1990,Performer,main,3f64d38c-1ad4-4fb0-941e-7f4b51d4c9e6,The Four Seasons,wikidata Q687785,,124,49
Frankie Valli,1990,Performer,extra,3c714102-94d8-42f4-9005-fb8a75c2766d,Frankie Valli,"related (collaboration), name contains inductee",,55,39
Frankie Valli,1990,Performer,extra,57045bc7-7a97-4a83-91db-407d514afc9a,,"related (tribute), name contains inductee",,0,0
Hank Ballard,1990,Performer,main,dbcc2052-7085-48ba-9c00-850b61978ada,Hank Ballard,wikidata Q726369,,12,10
Hank Ballard,1990,Performer,extra,7e4032e4-b1b0-43e0-907e-8d33df230ba0,Hank Ballard and the Midnighters,"related (member of band), name contains inductee",,54,40
Hank Ballard,1990,Performer,extra,b41a403c-ed44-418a-b54f-b08a87c49fd9,Hank Ballard and the Midnight Lighters,"related (member of band), name contains inductee",,1,1
Hank Ballard,1990,Performer,extra,c6df3c8d-fdab-4944-b358-265942b5a917,,wikidata (The Midnighters),,54,40
Simon & Garfunkel,1990,Performer,main,5d02f264-e225-41ff-83f7-d9b1f0b1874a,Simon & Garfunkel,wikidata Q484918,,118,27
Simon & Garfunkel,1990,Performer,extra,bfde6d14-e8f8-4339-861e-4204fddfc39a,,"related (tribute), name contains inductee",,0,0
The Four Tops,1990,Performer,main,0d21b01f-21f2-419b-8d98-4158ba0c0aa4,Four Tops,wikidata Q653480,,141,56
The Kinks,1990,Performer,main,17b53d9f-5c63-4a09-a593-dde4608e0db9,The Kinks,wikidata Q188713,,273,97
The Platters,1990,Performer,main,3fb55c03-3ad9-4341-8d0b-7c4c49aefca0,The Platters,wikidata Q753905,,290,67
The Who,1990,Performer,main,9fdaa16b-a6c4-4831-b87c-bc9ca8ce7eaa,The Who,wikidata Q93346,,319,90
The Who,1990,Performer,extra,015dbb68-6213-457f-9897-18222dc53aa4,,"related (tribute), name contains inductee",,0,0
Charlie Christian,1990,Early Influence,main,98607588-f641-4d2b-b10b-03152c8dbc13,Charlie Christian,wikidata Q356490,,56,5
Louis Armstrong,1990,Early Influence,main,eea8a864-fcda-4602-9569-38ab446decd6,Louis Armstrong,wikidata Q1779,,1002,147
Louis Armstrong,1990,Early Influence,extra,cfedde14-91c5-46cb-b087-9f2da9bec194,Louis Armstrong and His Hot Five,"related (member of band), name contains inductee",,34,26
Louis Armstrong,1990,Early Influence,extra,49905118-45d2-4b09-9643-a40b87d0ce42,Louis Armstrong and His Hot Seven,"related (member of band), name contains inductee",,16,11
Louis Armstrong,1990,Early Influence,extra,f617ed55-7691-41cc-9671-c04a29641125,Louis Armstrong & His All-Stars,"related (member of band), name contains inductee",,60,24
Louis Armstrong,1990,Early Influence,extra,067bf834-c35f-414f-8389-a77558669cc1,Louis Armstrong & His Orchestra,"related (member of band), name contains inductee",,208,187
Louis Armstrong,1990,Early Influence,extra,494ffd32-8a2b-468b-81f2-39deff0b73f6,,"related (member of band), name contains inductee",,0,0
Louis Armstrong,1990,Early Influence,extra,93c29938-9faa-49fb-b9cb-4cf0d5da56e0,Louis Armstrong and His Savoy Ballroom Five,"related (member of band), name contains inductee",,5,5
Louis Armstrong,1990,Early Influence,extra,b64da661-c3ed-4da7-b027-951590fd7ed8,Louis Armstrong & His Sebastian New Cotton Club Orchestra,"related (member of band), name contains inductee",,2,2
Louis Armstrong,1990,Early Influence,extra,2bf9bcc5-7f53-40b0-8f06-d4bdfbe74c0b,,"related (member of band), name contains inductee",,0,0
Louis Armstrong,1990,Early Influence,extra,38ef8662-b3fa-40fa-afea-9f34331f6f2d,,"related (member of band), name contains inductee",,0,0
Louis Armstrong,1990,Early Influence,extra,80519394-2287-4404-9261-8dcf6fa67ab6,,"related (member of band), name contains inductee",,0,0
Louis Armstrong,1990,Early Influence,extra,58851c27-bc96-44d7-b273-3cee735e5191,,"related (member of band), name contains inductee",,0,0
Louis Armstrong,1990,Early Influence,extra,cb621c8e-44aa-4d55-a345-68a46c8868e0,Louis Armstrong and His Hot Six,"related (member of band), name contains inductee",,1,1
Ma Rainey,1990,Early Influence,main,e1deae56-c8f0-4e73-8264-f4b02dfc051c,Ma Rainey,wikidata Q239533,,37,16
Ma Rainey,1990,Early Influence,extra,bafc4c41-99fc-43a2-8533-c64b8977e0c2,‘Ma’ Rainey & Her Georgia Jazz Band,"related (member of band), name contains inductee",,8,8
Ma Rainey,1990,Early Influence,extra,38b8adde-b35e-46de-95d6-c213afe7b801,Ma Rainey's Tub Jug Washboard Band,"related (member of band), name contains inductee",,1,1
Ike & Tina Turner,1991,Performer,main,1c7b3786-b99a-40ab-81e4-f3056da19e13,Ike & Tina Turner,wikidata Q1165506,,239,43
Ike & Tina Turner,1991,Performer,main,9803d880-d9a6-4695-b967-b1d273847c39,,wikidata Q1165506,,0,0
Jimmy Reed,1991,Performer,main,018d8a5e-76c7-450d-a0a1-a97f8c26466f,Jimmy Reed,wikidata Q435600,,93,35
Jimmy Reed,1991,Performer,extra,744a64e9-7144-4a2b-8642-d09a226a2fb5,,"related (parent), name contains inductee",,0,0
John Lee Hooker,1991,Performer,main,b0122194-c49a-46a1-ade7-84d1d76bd8e9,John Lee Hooker,wikidata Q44570,,461,79
John Lee Hooker,1991,Performer,extra,a4ecb516-f23b-420e-af40-7c3996589087,"John Lee Hooker, Jr.","related (parent), name contains inductee",,7,6
LaVern Baker,1991,Performer,main,affa0adf-7be7-4944-b30d-a09baeb7dd28,LaVern Baker,wikidata Q463184,,37,20
The Byrds,1991,Performer,main,2819834e-4e08-47b0-a2c4-b7672318e8f0,The Byrds,wikidata Q211526,,125,28
The Byrds,1991,Performer,extra,9dae3a8c-939a-4a37-ab11-a1af855229e3,,"related (tribute), name contains inductee",,0,0
The Impressions,1991,Performer,main,8af64037-6d26-4d24-afd8-7e085abb01b1,The Impressions,wikidata Q580823,,75,39
Wilson Pickett,1991,Performer,main,fc6214b3-6d82-4803-be74-01ece1723e42,Wilson Pickett,wikidata Q312270,,74,35
Wilson Pickett,1991,Performer,extra,b5ac43ab-48dc-4072-b830-269a5648e93e,,"related (member of band), name contains inductee",,0,0
Howlin' Wolf,1991,Early Influence,main,ca5b38c2-f39d-45a4-ad3d-daf4448846ef,Howlin’ Wolf,wikidata Q44780,,198,55
Bobby Bland,1992,Performer,main,66ebc271-6a26-4fe7-848b-f217da119d92,Bobby “Blue” Bland,wikidata Q541634,,88,46
Booker T. & the M.G.'s,1992,Performer,main,377015fb-c02f-4b05-960b-e0df6a7ea99e,Booker T. & the MG’s,wikidata Q893007,,79,27
Booker T. & the M.G.'s,1992,Performer,extra,436557b7-3c62-473a-8cde-3f28fe6899fd,,"related (member of band), name contains inductee",,0,0
Jimi Hendrix,1992,Performer,main,06fb1c8b-566e-4cb2-985b-b467c90781d4,Jimi Hendrix,wikidata Q5928,,482,111
Jimi Hendrix,1992,Performer,extra,33b3c323-77c2-417c-a5b4-af7e6a111cc9,The Jimi Hendrix Experience,"related (member of band), name contains inductee",,106,22
Johnny Cash,1992,Performer,main,d43d12a1-2dc9-4257-a2fd-0a3bb1081b86,Johnny Cash,wikidata Q42775,,832,194
Johnny Cash,1992,Performer,extra,927a0e2e-5f51-462f-87a8-4ba03897e944,,"related (member of band), name contains inductee",,0,0
Johnny Cash,1992,Performer,extra,5d76ae2b-b71e-4c18-ad7d-c67ce691cca2,,"related (tribute), name contains inductee",,0,0
Johnny Cash,1992,Performer,extra,5dec0d92-b140-4cf8-84c6-6d730ae1cb49,,"related (tribute), name contains inductee",,0,0
Sam & Dave,1992,Performer,main,f1d7f1fd-8883-47e9-ad2b-e9ec9ff61aac,Sam & Dave,wikidata Q1545232,,75,25
Sam & Dave,1992,Performer,main,c3c31b03-dbe0-4608-9d3e-f86758f1c172,,wikidata Q1545232,,0,0
The Isley Brothers,1992,Performer,main,4a76400d-283f-492e-9754-18ef41755f81,The Isley Brothers,wikidata Q178134,,146,64
The Yardbirds,1992,Performer,main,191de76f-a224-445d-b041-54df16d65bf7,The Yardbirds,wikidata Q192725,,184,25
Elmore James,1992,Early Influence,main,6fbd2cfb-5f9c-497c-8e06-3c6668367681,Elmore James,wikidata Q356598,,114,23
Elmore James,1992,Early Influence,extra,b56ffb46-69ae-4acf-80ca-3f111d61e5e1,Elmore James & His Broom Dusters,"related (member of band), name contains inductee",,15,12
Elmore James,1992,Early Influence,extra,dba2f4e0-6ad1-462f-8286-8451afc46a42,"Elmore James, Jr.","related (parent), name contains inductee",,1,1
Professor Longhair,1992,Early Influence,main,c6177e77-151d-422d-bc87-57ae21d2780e,Professor Longhair,wikidata Q918447,,54,17
Professor Longhair,1992,Early Influence,extra,3fa21ad1-e660-42ab-b6f6-ead7e4c18e4f,Professor Longhair & His New Orleans Boys,"related (member of band), name contains inductee",,2,2
Professor Longhair,1992,Early Influence,extra,4ce1db24-ec89-4606-85d7-7c9e8dda7dcf,Professor Longhair & His Shuffling Hungarians,"related (member of band), name contains inductee",,2,2
Professor Longhair,1992,Early Influence,extra,1152e7a3-ae3c-4b3b-9fe7-02f28bdbecaa,,"related (member of band), name contains inductee",,0,0
Professor Longhair,1992,Early Influence,extra,7b7696fc-64da-4e37-a84c-42b4581f2a94,Professor Longhair & His Blues Scholars,"related (member of band), name contains inductee",,1,1
Cream,1993,Performer,main,04cd0cfd-bfd1-4c36-bc38-95c35e2c045f,Cream,wikidata Q203736,,91,16
Cream,1993,Performer,extra,2369e32f-2044-47a2-80ea-de5198688c34,,"related (tribute), name contains inductee",,0,0
Cream,1993,Performer,extra,3d25f4df-1545-4f54-9842-921f709fae49,,"related (tribute), name contains inductee",,0,0
Creedence Clearwater Revival,1993,Performer,main,109958eb-a335-4c5e-907e-597ff4c6af46,Creedence Clearwater Revival,wikidata Q192463,,196,34
Creedence Clearwater Revival,1993,Performer,extra,4e2f39ef-626d-4bb5-b86d-e13339553ad4,,"related (tribute), name contains inductee",,0,0
Etta James,1993,Performer,main,e22d2f66-881e-41ca-9356-544697ee5f90,Etta James,wikidata Q182725,,154,54
Etta James,1993,Performer,extra,3ee63eef-a314-451d-9e06-4b605a08841e,Etta James & The Peaches,"related (member of band), name contains inductee",,1,1
Frankie Lymon,1993,Performer,main,b3b5ceef-0d3e-4191-a621-5e97d6ed3d97,The Teenagers,wikidata Q1445090,,28,13
Frankie Lymon,1993,Performer,extra,8e4bd349-122c-4490-b33e-d556d9824124,Frankie Lymon,"related (member of band), name contains inductee",,10,7
Ruth Brown,1993,Performer,main,948137e5-783e-4386-bd7c-a56c2666d1e2,Ruth Brown,wikidata Q144669,,111,89
Ruth Brown,1993,Performer,extra,fddbabd3-4455-42d1-a350-aea3a2879661,Ruth Brown and Her Rhythmakers,"related (member of band), name contains inductee",,3,3
Sly & the Family Stone,1993,Performer,main,b7ec4c54-1f93-4bf2-957f-7b9921ab84ea,Sly & the Family Stone,wikidata Q1133807,,76,25
The Doors,1993,Performer,main,9efff43b-3b29-4082-824e-bc82f646f93d,The Doors,wikidata Q45354,,267,54
The Doors,1993,Performer,extra,d4507d3d-9630-4c81-9e20-ce8bf6f2dd4e,,"related (tribute), name contains inductee",,0,0
The Doors,1993,Performer,extra,d391ba66-d925-4310-bc38-6eba17f3afd8,The Doors of Perception,"related (tribute), name contains inductee",,1,0
The Doors,1993,Performer,extra,0c002bd7-c400-4ee3-af48-f137e0530a52,,"related (tribute), name contains inductee",,0,0
Van Morrison,1993,Performer,main,a41ac10f-0a56-4672-9161-b83f9b223559,Van Morrison,wikidata Q272203,,250,111
Dinah Washington,1993,Early Influence,main,d385947d-c00d-4311-9cf1-a032a1d4040b,Dinah Washington,wikidata Q229322,,198,58
Bob Marley,1994,Performer,main,ed2ac1e9-d51d-4eff-a2c2-85e81abd6360,Bob Marley,wikidata Q409,,72,21
Bob Marley,1994,Performer,extra,c296e10c-110a-4103-9e77-47bfebb7fb2e,Bob Marley & The Wailers,"related (member of band), name contains inductee",,731,79
Bob Marley,1994,Performer,extra,c9e99d40-4a2c-4ca7-ac5b-e842264ee271,The Wailers,"name search, related","early Wailers billing (Marley, Tosh, Bunny Wailer)",42,17
Duane Eddy,1994,Performer,main,efc0ee36-ad69-45af-8602-991b254b7529,Duane Eddy,wikidata Q455818,,100,36
Duane Eddy,1994,Performer,extra,c6dd16c0-55d4-46a2-94f9-f410fa84d897,Duane Eddy & The Rebels,"related (member of band), name contains inductee",,17,13
Duane Eddy,1994,Performer,extra,a38a55cd-faed-4701-ad06-0d06cfcde4c0,Duane Eddy & His Orchestra,"related (member of band), name contains inductee",,1,1
Duane Eddy,1994,Performer,extra,56eec504-6b8b-4689-9931-14849b57a785,Duane Eddy & The Rebelettes,"related (member of band), name contains inductee",,1,1
Duane Eddy,1994,Performer,extra,7ff5aab0-3f94-461c-8209-f4efd3f87fdb,Duane Eddy and His Rock-A-Billies,"related (member of band), name contains inductee",,1,1
Elton John,1994,Performer,main,b83bc61f-8451-4a5d-8b8e-7e9ed295e822,Elton John,wikidata Q2808,,385,221
Elton John,1994,Performer,extra,6e9199f8-208c-41f9-a176-e5b3dd5a0c76,Elton John Band,"related (member of band), name contains inductee",,2,1
Elton John,1994,Performer,extra,e3f059b1-f7ff-4720-be6b-2f78f0a7a9df,,"related (tribute), name contains inductee",,0,0
John Lennon,1994,Performer,main,4d5447d7-c61c-4120-ba1b-d7f471d385b9,John Lennon,wikidata Q1203,,241,73
John Lennon,1994,Performer,extra,e6bc5981-b065-4898-a8a8-d0def5821de1,John Lennon McCullagh,"related (named after artist), name contains inductee",,3,3
John Lennon,1994,Performer,extra,84f81b32-8b3a-4914-9cff-017a52f9d16b,Plastic Ono Band,wikidata (Plastic Ono Band),"credited to Plastic Ono Band, Lennon's band",34,16
Rod Stewart,1994,Performer,main,a35237a0-4f47-40a6-b6f3-1e786db23402,Rod Stewart,wikidata Q182655,,237,91
Rod Stewart,1994,Performer,extra,4c7688b8-3b9f-4ad2-a257-262f55de7cc2,,"related (member of band), name contains inductee",,0,0
The Animals,1994,Performer,main,4d8afa16-4018-4ca8-8b5e-ede8f9314562,The Animals,wikidata Q131422,,117,40
The Animals,1994,Performer,main,763ca800-924d-4193-93d2-0d8f0498ca1d,Animals II,wikidata Q131422,,1,1
The Animals,1994,Performer,extra,8bc09ff5-3f2f-43b8-a388-0ccc17b33ae7,Eric Burdon & The Animals,"name search, UNRELATED name match (check)",,48,15
The Band,1994,Performer,main,8c90ad8c-9150-4c51-a1eb-342232e99d06,The Band,wikidata Q600344,,110,18
The Band,1994,Performer,main,00ae8035-b8cc-48dd-8042-78d5a5bf5e78,,wikidata Q600344,,0,0
The Band,1994,Performer,main,649a6c17-9f6b-4a65-84a4-26990b6ca781,The Hawks,wikidata Q600344,,13,7
The Band,1994,Performer,main,48466d05-11b8-4b8e-b33b-8d9755c35493,,wikidata Q600344,,0,0
The Band,1994,Performer,main,023051cf-194b-4b4a-9146-69af6c3d02dc,,wikidata Q600344,,0,0
The Band,1994,Performer,extra,f33b3d7b-776d-412e-9820-b32201f07999,,"related (named after artist), name contains inductee",,0,0
The Band,1994,Performer,extra,2b1854fe-377d-41a3-adcc-d194c5e99c4e,,"related (tribute), name contains inductee",,0,0
The Band,1994,Performer,extra,54b69a1e-5065-45ff-8e38-3526377caeda,,"related (tribute), name contains inductee",,0,0
The Grateful Dead,1994,Performer,main,6faa7ca7-0d99-4a5e-bfa6-1fd5037520c6,Grateful Dead,wikidata Q212533,,1102,55
The Grateful Dead,1994,Performer,extra,e4f2a83b-c261-429f-b1a3-a81135087170,,"related (tribute), name contains inductee",,0,0
Willie Dixon,1994,Early Influence,main,ff4c8d42-4871-4778-885b-d41b01245133,Willie Dixon,wikidata Q204092,,47,17
Willie Dixon,1994,Early Influence,extra,934c3b29-d0ec-4653-9e83-97d3b14088a2,The Willie Dixon Orchestra,"related (member of band), name contains inductee",,1,1
Willie Dixon,1994,Early Influence,extra,90c182f9-1433-4a72-b4d2-8d5d8304e112,,"related (member of band), name contains inductee",,0,0
Willie Dixon,1994,Early Influence,extra,f0e44371-f2bd-4af8-8974-7fcdeea3c160,,"related (member of band), name contains inductee",,0,0
Al Green,1995,Performer,main,fb7272ba-f130-4f0a-934d-6eeea4c18c9a,Al Green,wikidata Q313260,,134,55
Al Green,1995,Performer,extra,d60ba315-adbe-42b2-a82b-b6839c5505fb,,"related (member of band), name contains inductee",,0,0
Frank Zappa,1995,Performer,main,e20747e7-55a4-452e-8766-7b985585082d,Frank Zappa,wikidata Q127330,,371,96
Frank Zappa,1995,Performer,extra,8bbc2ad5-7cf6-476e-8db3-2d8842250537,,"related (tribute), name contains inductee",,0,0
Frank Zappa,1995,Performer,extra,7c17d6ff-d157-417e-ab23-7bda514ffbfb,,"related (tribute), name contains inductee",,0,0
Janis Joplin,1995,Performer,main,76c9a186-75bd-436a-85c0-823e3efddb7f,Janis Joplin,wikidata Q1514,,113,13
Led Zeppelin,1995,Performer,main,678d88b2-87b0-403b-b63d-5da7465aecc3,Led Zeppelin,wikidata Q2331,,550,50
Led Zeppelin,1995,Performer,extra,37463bf1-d77c-4702-b4db-642af32957a9,Boot-Led-Zeppelin,"related (tribute), name contains inductee",,1,1
Led Zeppelin,1995,Performer,extra,c055204e-a3ba-48a6-bb76-7a4d0f19bd4f,,"related (tribute), name contains inductee",,0,0
Led Zeppelin,1995,Performer,extra,8feb61e0-be9c-41c9-acd8-df0196783744,,"related (tribute), name contains inductee",,0,0
Led Zeppelin,1995,Performer,extra,5b142e5a-ecbc-4e53-8b31-8411f220c23e,,"related (tribute), name contains inductee",,0,0
Led Zeppelin,1995,Performer,extra,715ab5c7-7457-45e1-acfe-453cdcca1e37,,"related (tribute), name contains inductee",,0,0
Led Zeppelin,1995,Performer,extra,ace042c4-8686-43ed-9628-1adf131e8678,,"related (tribute), name contains inductee",,0,0
Led Zeppelin,1995,Performer,extra,77c35897-2c17-4afc-8cd5-a4914063103d,,"related (tribute), name contains inductee",,0,0
Martha Reeves & the Vandellas,1995,Performer,main,9d1bc10a-24fe-4b41-8338-ea92d8101a09,Martha Reeves and the Vandellas,wikidata Q1326522,,48,22
Neil Young,1995,Performer,main,75167b8b-44e4-407b-9d35-effe87b223cf,Neil Young,wikidata Q633,,615,157
Neil Young,1995,Performer,extra,3e642e51-e95d-4f21-aa6a-629f98ae23fa,Neil Young & His Electric Band,"related (member of band), name contains inductee",,51,0
Neil Young,1995,Performer,extra,f0de4ad5-46d4-484e-8b8b-01e9df1552cc,,"related (tribute), name contains inductee",,0,0
Neil Young,1995,Performer,extra,46a782ea-4308-476b-abd1-a91b197f3037,"Crosby, Stills, Nash & Young","wikidata (Crosby, Stills, Nash & Young)",,55,9
The Allman Brothers Band,1995,Performer,main,72359492-22be-4ed9-aaa0-efa434fb2b01,The Allman Brothers Band,wikidata Q507327,,190,30
The Orioles,1995,Early Influence,main,08b6fb14-1e9a-4ea8-bbd4-3b3f969f64f3,The Orioles,wikidata Q1431711,,30,21
The Orioles,1995,Early Influence,main,65d9de2c-f2fb-4e2f-b50d-fc267d68af79,,wikidata Q1431711,,0,0
David Bowie,1996,Performer,main,5441c29d-3602-4898-b1a1-b77fa23b8e50,David Bowie,wikidata Q5383,,628,199
David Bowie,1996,Performer,extra,2010f1f2-344e-49ed-baf2-455226deb3df,,"related (member of band), name contains inductee",,0,0
David Bowie,1996,Performer,extra,2c0ac0c6-15a5-4423-bc30-b91322c869ad,,"related (member of band), name contains inductee",,0,0
David Bowie,1996,Performer,extra,e24bd35b-2eb7-48d0-938d-32cac1aca952,,"related (tribute), name contains inductee",,0,0
David Bowie,1996,Performer,extra,de84f0ca-98d8-4cb3-bbcd-87b35defdeaa,David Bowie Band,"related (tribute), name contains inductee",,1,0
David Bowie,1996,Performer,extra,4f74991f-0156-427a-88db-9b2ac293dd42,The David Bowie Knives,"related (tribute), name contains inductee",,1,1
David Bowie,1996,Performer,extra,63f52bdb-5a3b-4ff9-a066-b7e47fe7ed07,,"related (tribute), name contains inductee",,0,0
David Bowie,1996,Performer,extra,cc6fe5d1-bce1-4640-b342-0c3ea232f0a0,,"related (tribute), name contains inductee",,0,0
Gladys Knight,1996,Performer,main,ca825016-f7fd-4ccf-a523-6ee36ea88828,Gladys Knight & the Pips,wikidata Q1529105,,138,51
Gladys Knight,1996,Performer,extra,68f644b2-42ed-4d11-8bc7-633d5250721b,Gladys Knight,"related (member of band), name contains inductee",,23,15
Jefferson Airplane,1996,Performer,main,39c2a93d-9afa-4a22-9bba-c087ab056e1c,Jefferson Airplane,wikidata Q488260,,139,19
Little Willie John,1996,Performer,main,d59ce86d-2cc3-49be-be12-3eb4dde6e1ed,Little Willie John,wikidata Q1388443,,28,12
Little Willie John,1996,Performer,main,b0b88e9d-b379-49fe-a06d-6569fc920a02,,wikidata Q1388443,,0,0
Pink Floyd,1996,Performer,main,83d91898-7763-47d7-b03b-b92132375c47,Pink Floyd,wikidata Q2306,,625,81
Pink Floyd,1996,Performer,extra,b9774956-3089-4fc2-a77e-8437b9e63a57,,"related (tribute), name contains inductee",,0,0
Pink Floyd,1996,Performer,extra,3d96795c-eb12-462c-904c-48380e3e08f3,,"related (tribute), name contains inductee",,0,0
Pink Floyd,1996,Performer,extra,5e5c2ff5-5600-4b34-9a2f-20776ebc3512,,"related (tribute), name contains inductee",,0,0
Pink Floyd,1996,Performer,extra,83c9e25e-8852-4e9d-9964-b8bae1440dfe,,"related (tribute), name contains inductee",,0,0
Pink Floyd,1996,Performer,extra,7daa3dfc-f8d6-4c5a-904b-0d1eb6e7d956,,"related (tribute), name contains inductee",,0,0
Pink Floyd,1996,Performer,extra,1814cbfc-131d-473f-a6e7-7208a25a69c1,The Australian Pink Floyd Show,"related (tribute), name contains inductee",,7,0
Pink Floyd,1996,Performer,extra,8a6d31c6-9db1-4d67-9275-ded7cd07331c,,"related (tribute), name contains inductee",,0,0
Pink Floyd,1996,Performer,extra,b32609b0-d91e-4227-a7c5-998facfe8741,Celtic Pink Floyd,"related (tribute), name contains inductee",,2,2
Pink Floyd,1996,Performer,extra,af2c385c-488b-4521-96d5-9d03df564871,,"related (tribute), name contains inductee",,0,0
Pink Floyd,1996,Performer,extra,e5935797-75d3-403d-9eb4-f2126dc2d2c6,,"related (tribute), name contains inductee",,0,0
Pink Floyd,1996,Performer,extra,92a1f58d-76f2-4e83-acd8-c6fc72983d23,,"related (tribute), name contains inductee",,0,0
Pink Floyd,1996,Performer,extra,f3adefe8-b6f4-4f21-a109-81b8a1273bc6,,"related (tribute), name contains inductee",,0,0
Pink Floyd,1996,Performer,extra,736a50aa-2d24-40d7-9c59-1b764afd3036,Echoes of Pink Floyd,"related (tribute), name contains inductee",,1,0
Pink Floyd,1996,Performer,extra,28f563b1-6189-4e64-8455-12e6c0e5ae9e,,"related (tribute), name contains inductee",,0,0
Pink Floyd,1996,Performer,extra,4fa93271-b46a-4ea0-b604-3e394f65c860,,"related (tribute), name contains inductee",,0,0
Pink Floyd,1996,Performer,extra,1bcfef13-430d-406b-88b1-832daab03727,,"related (tribute), name contains inductee",,0,0
Pink Floyd,1996,Performer,extra,02095f26-8f14-4e61-8610-78828f1d0f4e,,"related (tribute), name contains inductee",,0,0
Pink Floyd,1996,Performer,extra,9ddccd52-6414-4534-965d-765a32154d78,,"related (tribute), name contains inductee",,0,0
Pink Floyd,1996,Performer,extra,bdd7f1e2-6807-468c-bce0-2a308ece87e2,,"related (tribute), name contains inductee",,0,0
Pink Floyd,1996,Performer,extra,139cb70b-0eb3-4fe1-9792-3108a937d983,,"related (tribute), name contains inductee",,0,0
Pink Floyd,1996,Performer,extra,46262e74-e167-4978-b30a-9ecfe8ff27df,,"related (tribute), name contains inductee",,0,0
Pink Floyd,1996,Performer,extra,4b5488d3-fea7-4575-87eb-93fc10c500d4,,"related (tribute), name contains inductee",,0,0
Pink Floyd,1996,Performer,extra,4c5c18fd-43b9-4cec-957d-adf7393f1afd,,"related (tribute), name contains inductee",,0,0
Pink Floyd,1996,Performer,extra,d9352cab-24c6-4e13-9bd7-1c4d3ea9f360,,"related (tribute), name contains inductee",,0,0
Pink Floyd,1996,Performer,extra,bb18344d-e9f0-441a-9984-6566a84613bc,,"related (tribute), name contains inductee",,0,0
Pink Floyd,1996,Performer,extra,29e4de23-3a55-4c69-a299-5ff3ed0c6c6a,,"related (tribute), name contains inductee",,0,0
Pink Floyd,1996,Performer,extra,9a824a85-f1ac-4b89-9bdd-04c0bed13eba,,"related (tribute), name contains inductee",,0,0
Pink Floyd,1996,Performer,extra,47dbfe88-67ec-48a4-9c7a-7921681a52a8,,"related (tribute), name contains inductee",,0,0
Pink Floyd,1996,Performer,extra,a7e5d0ad-5244-4144-9764-b7040423debe,,"related (tribute), name contains inductee",,0,0
Pink Floyd,1996,Performer,extra,06918e65-42d3-49c3-be43-09619d99eb06,,"related (tribute), name contains inductee",,0,0
Pink Floyd,1996,Performer,extra,54271f51-902b-48f7-8df2-a9506f05f624,,"related (tribute), name contains inductee",,0,0
Pink Floyd,1996,Performer,extra,8684ec45-482f-4b58-be74-d3e0fff79c51,,"related (tribute), name contains inductee",,0,0
Pink Floyd,1996,Performer,extra,9a7c71a2-d3a8-4af8-bbaf-ec6528dba734,,"related (tribute), name contains inductee",,0,0
Pink Floyd,1996,Performer,extra,a503630a-954f-475b-96fb-54c21e3fd226,,"related (tribute), name contains inductee",,0,0
Pink Floyd,1996,Performer,extra,b5b6b0b0-55ab-42e7-a0fa-102e40ff0c75,,"related (tribute), name contains inductee",,0,0
Pink Floyd,1996,Performer,extra,ee4604b7-cb2d-473a-be8b-d41b83738d2b,,"related (tribute), name contains inductee",,0,0
Pink Floyd,1996,Performer,extra,8c09ffba-a4f3-48a5-9b48-035b0c85a4c5,,"related (tribute), name contains inductee",,0,0
Pink Floyd,1996,Performer,extra,c7f22bfc-4f28-4ae4-9029-f3302e0e0eba,,"related (tribute), name contains inductee",,0,0
Pink Floyd,1996,Performer,extra,d02ca3bd-ab3a-482f-a08a-46a3d687b70c,,"related (tribute), name contains inductee",,0,0
The Shirelles,1996,Performer,main,a8540ea0-1a74-4c22-8b70-1348a77a74a0,The Shirelles,wikidata Q1353426,,95,33
The Velvet Underground,1996,Performer,main,94b0fb9d-a066-4823-b2ec-af1d324bcfcf,The Velvet Underground,wikidata Q103550,,116,28
Pete Seeger,1996,Early Influence,main,af18a9bc-e4ab-4068-9489-b64e8186fcf1,Pete Seeger,wikidata Q244441,,149,68
Bee Gees,1997,Performer,main,bf0f7e29-dfe1-416c-b5c6-f9ebc19ea810,Bee Gees,wikidata Q133405,,285,99
Bee Gees,1997,Performer,extra,b5415c6f-a2c3-48b4-a2a4-e9efbb577d10,,"related (tribute), name contains inductee",,0,0
Bee Gees,1997,Performer,extra,88447436-3a6a-4b75-8d8a-c74001a65d3c,,"related (tribute), name contains inductee",,0,0
Buffalo Springfield,1997,Performer,main,22dc19af-d085-4c9b-adfb-22ec256251f1,Buffalo Springfield,wikidata Q48992,,33,6
"Crosby, Stills & Nash",1997,Performer,main,46a782ea-4308-476b-abd1-a91b197f3037,"Crosby, Stills, Nash & Young",wikidata Q10461933,,55,9
Funkadelic,1997,Performer,main,cf042013-3edd-46c4-9b0e-a62faac98d0b,Funkadelic,wikidata Q523957,,58,30
Funkadelic,1997,Performer,extra,7a0ae10d-c51f-434a-9d5a-551d2ae93a9d,Parliament-Funkadelic,"related (collaboration), name contains inductee",,16,9
Joni Mitchell,1997,Performer,main,a6de8ef9-b1a1-4756-97aa-481bbb8a4069,Joni Mitchell,wikidata Q205721,,132,50
Parliament,1997,Performer,main,7a0ae10d-c51f-434a-9d5a-551d2ae93a9d,Parliament-Funkadelic,wikidata Q3353842,,16,9
Parliament,1997,Performer,extra,d1947987-9614-49ae-bd36-8000e6b6f7d0,Parliament,"related (collaboration), name contains inductee",,37,18
The Jackson 5,1997,Performer,main,e5257dc5-1edd-4fca-b7e6-1158e00522c8,The Jacksons,wikidata Q43267,,134,44
The Rascals,1997,Performer,main,219ce30a-0f3a-468c-9a13-55ee358ac0f0,The Rascals,wikidata Q1757318,,32,16
The Rascals,1997,Performer,main,f9868389-41df-4f29-bafa-83a9673d8763,,wikidata Q1757318,,0,0
Bill Monroe,1997,Early Influence,main,2a2be593-6984-4640-8cf1-717ec7a6e18b,Bill Monroe,wikidata Q170042,,70,23
Bill Monroe,1997,Early Influence,main,d206e5df-e9de-40ec-8982-7013f27efb73,,wikidata Q170042,,70,23
Bill Monroe,1997,Early Influence,extra,624db6ea-1afb-4a3c-8092-5acfd2cb4a33,Bill Monroe and the Bluegrass Boys,"related (member of band), name contains inductee",,93,58
Mahalia Jackson,1997,Early Influence,main,1bebb19e-9305-4da8-a3fd-5dd40a6e517e,Mahalia Jackson,wikidata Q206466,,117,45
Eagles,1998,Performer,main,f46bd570-5768-462e-b84c-c7c993bbf47e,Eagles,wikidata Q189635,,123,31
Eagles,1998,Performer,extra,de11b037-d880-40e0-8901-0397c768c457,Eagles of Death Metal,"related (named after artist), name contains inductee",,16,14
Eagles,1998,Performer,extra,cc5b30c9-9d0f-411c-9d83-91849352bfce,The Illegal Eagles,"related (tribute), name contains inductee",,1,1
Eagles,1998,Performer,extra,4b744f9d-bbcf-41f8-b982-adf4ec0c4ca1,,"related (tribute), name contains inductee",,0,0
Eagles,1998,Performer,extra,8b99bd79-f720-4914-8a23-5bd6c9106203,,"related (tribute), name contains inductee",,0,0
Eagles,1998,Performer,extra,a7401091-69c4-4831-83fe-4737955126c8,Ultimate Eagles,"related (tribute), name contains inductee",,1,1
Eagles,1998,Performer,extra,6fb118b6-d3c4-42c4-af8d-b0074234fb83,,"related (tribute), name contains inductee",,0,0
Fleetwood Mac,1998,Performer,main,bd13909f-1c29-4c27-a874-d4aaf27c5b1a,Fleetwood Mac,wikidata Q106648,,277,94
Fleetwood Mac,1998,Performer,extra,a20a7e3a-e343-4592-bc06-684b67a31241,,"related (named after artist), name contains inductee",,0,0
Fleetwood Mac,1998,Performer,extra,2d55dce1-c971-480b-bb97-895ffd7b4213,,"related (tribute), name contains inductee",,0,0
Fleetwood Mac,1998,Performer,extra,5d2cfef9-8175-45f3-bf47-54c71f55bb43,,"related (tribute), name contains inductee",,0,0
Fleetwood Mac,1998,Performer,extra,820dd10d-13b6-4c7f-883a-41e6450d414a,,"related (tribute), name contains inductee",,0,0
Fleetwood Mac,1998,Performer,extra,3c4ea375-c985-4dc2-82b9-f70f52938e81,,"related (tribute), name contains inductee",,0,0
Fleetwood Mac,1998,Performer,extra,0f7342fe-e70a-4f31-8870-c64d11d4d7aa,,"related (tribute), name contains inductee",,0,0
Fleetwood Mac,1998,Performer,extra,04330229-9741-4946-a93a-e22426cf6508,,"related (tribute), name contains inductee",,0,0
Fleetwood Mac,1998,Performer,extra,208dd6d9-f0ae-491d-be73-fe8c9d693091,,"related (tribute), name contains inductee",,0,0
Gene Vincent,1998,Performer,main,f491f5ad-0946-40a6-bab9-da319c3f3995,Gene Vincent,wikidata Q82311,,122,22
Gene Vincent,1998,Performer,extra,6facb3b2-5058-4540-a087-ffa5b3bdfd8a,Gene Vincent & His Blue Caps,"related (member of band), name contains inductee",,40,24
Gene Vincent,1998,Performer,extra,16715c32-894a-42e8-83a8-cb18679133ae,,"related (parent), name contains inductee",,0,0
Lloyd Price,1998,Performer,main,d047ee24-6fac-401a-8769-34edbda52113,Lloyd Price,wikidata Q958578,,52,27
Lloyd Price,1998,Performer,extra,97b06466-b075-43e8-9553-b982c6f20d03,Lloyd Price & His Band,"related (member of band), name contains inductee",,1,1
Lloyd Price,1998,Performer,extra,06cdc044-6cb5-4c4a-b5d5-2e8cda07c8b4,,"related (member of band), name contains inductee",,0,0
Santana,1998,Performer,main,9a3bf45c-347d-4630-894d-7cf3e8e0b632,Santana,wikidata Q873384,,355,84
Santana,1998,Performer,extra,f7fda030-0ba1-42e9-a385-3deebc939bc9,Carlos Santana,"related (member of band), name contains inductee",,46,12
Santana,1998,Performer,extra,956293fd-7b1f-44e1-a98a-6bf0c61030a3,Jorge Santana,"related (member of band), name contains inductee",,3,2
Santana,1998,Performer,extra,0a6dcf66-049d-40eb-b175-2b157f67da53,,"related (tribute), name contains inductee",,0,0
The Mamas & The Papas,1998,Performer,main,ff294730-0315-440d-a543-54005779c15b,The Mamas & the Papas,wikidata Q211277,,126,32
Jelly Roll Morton,1998,Early Influence,main,3d094919-071f-4070-95dc-e1f350e4a5f3,Jelly Roll Morton,wikidata Q317128,,137,48
Jelly Roll Morton,1998,Early Influence,extra,c249d3b3-f245-4900-8931-634c0f540a0e,Jelly Roll Morton and His Orchestra,"related (member of band), name contains inductee",,2,0
Jelly Roll Morton,1998,Early Influence,extra,4847d4bd-39f6-4ec5-b689-ece647fedee9,Jelly-Roll Morton Trio,"related (member of band), name contains inductee",,2,0
Billy Joel,1999,Performer,main,64b94289-9474-4d43-8c93-918ccc1920d1,Billy Joel,wikidata Q194333,,173,62
Billy Joel,1999,Performer,extra,c28b49c6-49dd-4070-b605-ff47edfc992c,,"related (supporting musician), name contains inductee",,0,0
Bruce Springsteen,1999,Performer,main,70248960-cb53-4ea4-943a-edb18f7d336f,Bruce Springsteen,wikidata Q1225,,2129,169
Bruce Springsteen,1999,Performer,extra,1607e961-c4a7-4602-ac22-d0d87833eee3,The Bruce Springsteen Band,"related (member of band), name contains inductee",,6,0
Bruce Springsteen,1999,Performer,extra,7abe8819-0146-4003-a87b-4bf44243f0a0,,"related (tribute), name contains inductee",,0,0
Curtis Mayfield,1999,Performer,main,4dca4bb2-23ba-4103-97e6-5810311db33a,Curtis Mayfield,wikidata Q310170,,123,45
Del Shannon,1999,Performer,main,2e885bfb-1f59-49cf-8d51-e743445e1b48,Del Shannon,wikidata Q323456,,104,33
Dusty Springfield,1999,Performer,main,b896aa8c-2761-40ce-b485-0e1fffd26167,Dusty Springfield,wikidata Q219782,,160,76
Paul McCartney,1999,Performer,main,ba550d0e-adac-4864-b88b-407cab5e76af,Paul McCartney,wikidata Q2599,,294,140
Paul McCartney,1999,Performer,extra,f6792eff-df2c-4ccc-a461-0a0e7005cf34,,"related (tribute), name contains inductee",,0,0
Paul McCartney,1999,Performer,extra,d922d727-240a-4432-9a88-05a7cf9bc403,Wings,wikidata (Wings (band)),"credited to Wings, McCartney's band",97,56
The Staple Singers,1999,Performer,main,3d49e36a-cc9e-411e-93c6-d1646ba5bd3a,The Staple Singers,wikidata Q935884,,79,37
Bob Wills,1999,Early Influence,main,c727f585-54e0-4e0d-b8ad-05f216f99244,Bob Wills,wikidata Q888326,,7,3
Bob Wills,1999,Early Influence,extra,2dae7fe4-40a4-4089-b9da-c3f1a6b4490c,Bob Wills and His Texas Playboys,"related (member of band), name contains inductee",,215,168
Charles Brown,1999,Early Influence,main,dbc9229a-6fb7-43b1-9763-df1e87112a93,Charles Brown,wikidata Q706371,,52,26
Bonnie Raitt,2000,Performer,main,0f0da09c-3940-4cb5-879f-4cea28907810,Bonnie Raitt,wikidata Q234693,,95,61
"Earth, Wind & Fire",2000,Performer,main,535afeda-2538-435d-9dd1-5e10be586774,"Earth, Wind & Fire",wikidata Q28974,,185,79
Eric Clapton,2000,Performer,main,618b6900-0618-4f1e-b835-bccb17f84294,Eric Clapton,wikidata Q48187,,562,98
Eric Clapton,2000,Performer,extra,abf42300-50a9-4bc1-aa8d-95aa0f104202,,"related (member of band), name contains inductee",,0,0
Eric Clapton,2000,Performer,extra,75fd4826-4e89-41ce-878a-9db73aa3eda7,,"related (member of band), name contains inductee",,0,0
Eric Clapton,2000,Performer,extra,fd226a1a-79ba-4f68-9795-64476e2ddf59,,"related (member of band), name contains inductee",,0,0
Eric Clapton,2000,Performer,extra,2155a81a-f0c6-417a-9b16-2f86f98bb8bc,Derek and the Dominos,wikidata (Derek and the Dominos),"credited to Derek and the Dominos, Clapton's band",41,9
James Taylor,2000,Performer,main,107d0c22-d051-4d98-8206-4e14de02132a,James Taylor,wikidata Q310300,,84,41
The Lovin' Spoonful,2000,Performer,main,abc08d4f-4e3c-4b5a-b1e8-d324cd6a2f92,The Lovin’ Spoonful,wikidata Q1053608,,81,28
The Moonglows,2000,Performer,main,957fe961-876e-452d-9991-7be85d227e22,The Moonglows,wikidata Q1969478,,18,10
Billie Holiday,2000,Early Influence,main,d59c4cda-11d9-48db-8bfe-b557ee602aed,Billie Holiday,wikidata Q104358,,692,83
Billie Holiday,2000,Early Influence,main,a17dd03a-80e6-4280-963a-e25ec9050b6f,,wikidata Q104358,,0,0
Billie Holiday,2000,Early Influence,extra,cc474f1b-1220-4e23-b0ef-73e81890df69,Billie Holiday and Her Orchestra,"related (member of band), name contains inductee",,19,12
Earl Palmer,2000,Musical Excellence,main,a4c717c6-fda3-4707-aa82-34345c85ae94,Earl Palmer,wikidata Q710357,,2,2
Hal Blaine,2000,Musical Excellence,main,b1d81a5e-6f6f-4d13-83ff-15a2559d6f8d,Hal Blaine,wikidata Q1570092,,2,2
Hal Blaine,2000,Musical Excellence,extra,96e1055c-ca71-4cbf-81c6-bd2295b4ceec,Hal Blaine and The Young Cougars,"related (member of band), name contains inductee",,2,2
James Jamerson,2000,Musical Excellence,main,2514f57f-bee5-4dc1-a2c7-589aea08cef1,James Jamerson,wikidata Q546956,,1,0
James Jamerson,2000,Musical Excellence,extra,cbb0d326-fd58-4d4b-bd9a-7bd5d73ebd2b,,"related (parent), name contains inductee",,0,0
King Curtis,2000,Musical Excellence,main,151231cb-fca6-42e0-976a-66b07193d657,King Curtis,wikidata Q1345099,,51,25
King Curtis,2000,Musical Excellence,extra,03093d2a-00af-4adb-a442-da78a96cc170,King Curtis & The Noble Knights,"related (member of band), name contains inductee",,2,1
King Curtis,2000,Musical Excellence,extra,3e834b4b-26bd-45cd-b0d9-efa898cb9ade,,"related (member of band), name contains inductee",,0,0
King Curtis,2000,Musical Excellence,extra,efd9a90a-4354-4516-88e7-b88d1daa4ba5,King Curtis and His Orchestra,"related (member of band), name contains inductee",,1,1
King Curtis,2000,Musical Excellence,extra,cc8edf97-c082-4a0b-8fd5-1dd28262ea11,King Curtis & The Kingpins,"related (member of band), name contains inductee",,3,3
Nat King Cole,2000,Early Influence,main,fbe054ec-a143-4101-9e9e-64abc5ff5ac9,Nat King Cole,wikidata Q137042,,546,101
Nat King Cole,2000,Early Influence,extra,7739b88f-8d40-4af5-b4d4-5e5e53755fd5,The Nat King Cole Trio,"related (member of band), name contains inductee",,94,41
Nat King Cole,2000,Early Influence,extra,c8e5d9bb-957d-4819-9222-67096a11ca92,,"related (member of band), name contains inductee",,0,0
Scotty Moore,2000,Musical Excellence,main,874219f5-21d4-4fca-be69-02421e638c16,Scotty Moore,wikidata Q430932,,7,6
Aerosmith,2001,Performer,main,3d2b98e5-556f-4451-a3ff-c50ea18d57cb,Aerosmith,wikidata Q126826,,223,66
Aerosmith,2001,Performer,extra,53f9c590-bc0e-402e-a7e2-4249a9f46894,,"related (tribute), name contains inductee",,0,0
Michael Jackson,2001,Performer,main,f27ec8db-af05-4f36-916e-3d57f91ecf5e,Michael Jackson,wikidata Q2831,,324,129
Michael Jackson,2001,Performer,extra,5857471e-4238-4cd4-8c2e-1d9108db79c9,,"related (parent), name contains inductee",,0,0
Michael Jackson,2001,Performer,extra,35b0e8d6-d8f3-49a0-8597-ad3680364b18,,"related (tribute), name contains inductee",,0,0
Paul Simon,2001,Performer,main,05517043-ff78-4988-9c22-88c68588ebb9,Paul Simon,wikidata Q4028,,96,43
Paul Simon,2001,Performer,main,82f75e30-e211-41a1-9b2b-f083b9dd3ba3,,wikidata Q4028,,0,0
Queen,2001,Performer,main,0383dadf-2a4e-4d10-a46a-e9e041da8eb3,Queen,wikidata Q15862,,379,115
Queen,2001,Performer,extra,7e07a487-5438-4128-b2d0-f0f18ac08384,Queen + Adam Lambert,"related (subgroup), name contains inductee",,16,1
Queen,2001,Performer,extra,9dcffd99-eca6-4a09-8dbd-c6c4ed2f20fd,Queen + Paul Rodgers,"related (subgroup), name contains inductee",,14,4
Queen,2001,Performer,extra,d96f5b63-f632-44d9-b799-34f7697c0fdb,,"related (tribute), name contains inductee",,0,0
Queen,2001,Performer,extra,317c1b67-d4f7-4aa3-a205-0781ca7ae7a8,,"related (tribute), name contains inductee",,0,0
Queen,2001,Performer,extra,f7a8e57d-6ce4-46d0-a2e4-d03b17aaaf32,,"related (tribute), name contains inductee",,0,0
Queen,2001,Performer,extra,3202d622-89f0-423c-9e17-5c505b3fa7ee,,"related (tribute), name contains inductee",,0,0
Queen,2001,Performer,extra,afd8b3e6-6e45-4ea8-8278-5f564b463fcd,,"related (tribute), name contains inductee",,0,0
Queen,2001,Performer,extra,0312a6d5-3d38-477a-93a1-32090963289b,,"related (tribute), name contains inductee",,0,0
Queen,2001,Performer,extra,83c8cf60-17b1-4f6a-a097-dbbc5b1ae6fd,,"related (tribute), name contains inductee",,0,0
Queen,2001,Performer,extra,3bbc70f2-fc8a-4ede-8184-18f7e035f7d7,,"related (tribute), name contains inductee",,0,0
Queen,2001,Performer,extra,1f87e5e1-4e9b-4e92-ae86-09e245fa73e7,,"related (tribute), name contains inductee",,0,0
Queen,2001,Performer,extra,daa16f6f-82e5-4144-8042-2e5b8888d6b6,,"related (tribute), name contains inductee",,0,0
Queen,2001,Performer,extra,fd4e7bd5-7f82-43a4-8dbd-197f448cb630,,"related (tribute), name contains inductee",,0,0
Queen,2001,Performer,extra,94568c64-543b-41f1-a3ca-069ba38b284b,,"related (tribute), name contains inductee",,0,0
Queen,2001,Performer,extra,a2f0de04-c26f-432f-9207-0db7dda858d0,,"related (tribute), name contains inductee",,0,0
Queen,2001,Performer,extra,be4d7c32-cfe5-4379-a536-85cfa68d2420,,"related (tribute), name contains inductee",,0,0
Queen,2001,Performer,extra,a59db133-c615-4950-82f5-b8a07467706d,,"related (tribute), name contains inductee",,0,0
Queen,2001,Performer,extra,c03acbf1-5d70-476a-a300-89c8ddabf352,,"related (tribute), name contains inductee",,0,0
Queen,2001,Performer,extra,9fd6f33b-c3e4-4aa8-836b-91d9bd69e25d,The Queen Kings,"related (tribute), name contains inductee",,2,0
Queen,2001,Performer,extra,b481758c-c8fa-4e69-8b24-47e99ca54130,,"related (tribute), name contains inductee",,0,0
Queen,2001,Performer,extra,262ca7ce-748d-4289-88b6-565afb643e43,,"related (tribute), name contains inductee",,0,0
Queen,2001,Performer,extra,15662090-a366-4eea-972f-8342305bffef,,"related (tribute), name contains inductee",,0,0
Queen,2001,Performer,extra,020e05a0-e719-4462-a85e-17d86099f6c3,,"related (tribute), name contains inductee",,0,0
Queen,2001,Performer,extra,f4f090f5-274a-418f-9e35-3dcd9091cf52,,"related (tribute), name contains inductee",,0,0
Queen,2001,Performer,extra,f278574c-df6f-435e-ab6e-c27b862d88b2,,"related (tribute), name contains inductee",,0,0
Queen,2001,Performer,extra,634e0bb6-121d-409f-a52d-dd10e36c850a,,"related (tribute), name contains inductee",,0,0
Queen,2001,Performer,extra,577a437c-12e0-420c-9d90-554dfe482a0c,,"related (tribute), name contains inductee",,0,0
Queen,2001,Performer,extra,c286abe6-7f06-430f-ab94-488df612fb8c,,"related (tribute), name contains inductee",,0,0
Ritchie Valens,2001,Performer,main,5222714d-21ee-4061-87f7-c749f1586790,Ritchie Valens,wikidata Q309725,,36,11
Solomon Burke,2001,Performer,main,d5c79890-36c5-4f1b-bed3-4468eee093f3,Solomon Burke,wikidata Q49888,,88,49
Solomon Burke,2001,Performer,extra,8148edba-af1b-4186-874e-ec0122697bdd,,"related (parent), name contains inductee",,0,0
Steely Dan,2001,Performer,main,e01c3376-15fa-40d7-b747-5f219bdefdd7,Steely Dan,wikidata Q852435,,121,48
Steely Dan,2001,Performer,extra,de4458d4-40dd-4bd4-bc5a-72256a6ff8b6,,"related (tribute), name contains inductee",,0,0
The Flamingos,2001,Performer,main,467c7eeb-3741-48b4-9bfb-7d6d0b2b0f83,The Flamingos,wikidata Q1241507,,47,31
James Burton,2001,Musical Excellence,main,85234d2c-599e-46a3-b3f0-a349a5a7266e,James Burton,wikidata Q326937,,4,1
Johnnie Johnson,2001,Musical Excellence,main,cc3a163c-b3dd-4913-bccc-92ad47309088,Johnnie Johnson,wikidata Q658508,,6,6
Brenda Lee,2002,Performer,main,6ca4886a-8f77-4133-b404-46fb3908e24a,Brenda Lee,wikidata Q230925,,139,72
Gene Pitney,2002,Performer,main,828b1208-2ce4-40c1-b659-11d7f540748c,Gene Pitney,wikidata Q175238,,152,44
Isaac Hayes,2002,Performer,main,a2361c7d-ddb6-41c1-a9a0-be09fbbb8d21,Isaac Hayes,wikidata Q206439,,85,47
Isaac Hayes,2002,Performer,extra,84aaa60d-bcd0-4d3a-b40d-55f125b7af02,,"related (member of band), name contains inductee",,0,0
Isaac Hayes,2002,Performer,extra,9846736d-bfaa-4c23-9278-e4fc3e33fcff,,"related (member of band), name contains inductee",,0,0
Talking Heads,2002,Performer,main,a94a7155-c79d-4409-9fcf-220cb0e4dc3a,Talking Heads,wikidata Q205001,,117,44
Talking Heads,2002,Performer,extra,4e9605ca-c623-4352-90eb-1b81ad90e7ef,,"related (tribute), name contains inductee",,0,0
Talking Heads,2002,Performer,extra,94c426c0-7e9f-4e15-9911-2ce4597e0924,,"related (tribute), name contains inductee",,0,0
The Ramones,2002,Performer,main,d6ed7887-a401-47a8-893c-34b967444d26,Ramones,wikidata Q483407,,140,56
The Ramones,2002,Performer,extra,c5103a7e-6f6f-4d37-aa22-ca0c874463f0,,"related (tribute), name contains inductee",,0,0
The Ramones,2002,Performer,extra,a17f0266-dce8-4bc3-84e7-0389a6fd5d26,,"related (tribute), name contains inductee",,0,0
Tom Petty,2002,Performer,main,f93dbc64-6f08-4033-bcc7-8a0bb4689849,Tom Petty and the Heartbreakers,wikidata Q2117272,,163,75
Tom Petty,2002,Performer,extra,5ca3f318-d028-4151-ac73-78e2b2d6cdcc,Tom Petty,"related (member of band), name contains inductee",,54,26
Tom Petty,2002,Performer,extra,bf2f4e42-2f5e-4e81-8464-c9d6885fc10e,,"related (tribute), name contains inductee",,0,0
Tom Petty,2002,Performer,extra,546119c9-a5e1-4452-955f-5e1cbe188c81,,"related (tribute), name contains inductee",,0,0
Tom Petty,2002,Performer,extra,206e4ef7-85c7-4b83-8132-5594fdb6c12e,,"related (tribute), name contains inductee",,0,0
Tom Petty,2002,Performer,extra,b49aa8bc-bdb5-4369-aeae-4b1c77afacd1,,"related (tribute), name contains inductee",,0,0
Chet Atkins,2002,Musical Excellence,main,5810667a-9db6-4fd0-abac-667cdac5d415,Chet Atkins,wikidata Q72096,,185,95
Chet Atkins,2002,Musical Excellence,extra,d13ad7e6-3ed7-4c60-b535-7047aa67a83f,Chet Atkins and His Colorado Mountain Boys,"related (member of band), name contains inductee",,1,1
AC/DC,2003,Performer,main,66c662b6-6e2f-4930-8610-912e24c63ed1,AC/DC,wikidata Q27593,,365,91
AC/DC,2003,Performer,extra,55ab8431-37fc-480a-8057-f16ced61e685,,"related (tribute), name contains inductee",,0,0
AC/DC,2003,Performer,extra,1f797a26-a418-46bb-98cf-6f2b59fd3d57,,"related (tribute), name contains inductee",,0,0
AC/DC,2003,Performer,extra,74a1057a-4e64-43c5-b882-f21debe0a323,,"related (tribute), name contains inductee",,0,0
AC/DC,2003,Performer,extra,89df5809-b1f9-425c-9c65-1169d5181d17,,"related (tribute), name contains inductee",,0,0
AC/DC,2003,Performer,extra,4b03ef16-b406-4010-8262-90240e073d61,,"related (tribute), name contains inductee",,0,0
AC/DC,2003,Performer,extra,9bf5b42a-a73b-4f9c-a50d-30d0ef34d4e4,,"related (tribute), name contains inductee",,0,0
AC/DC,2003,Performer,extra,68e770ab-859f-45a5-a24f-68151937885d,,"related (tribute), name contains inductee",,0,0
AC/DC,2003,Performer,extra,a1c53810-cd1b-4426-9f66-24a267c668b0,,"related (tribute), name contains inductee",,0,0
AC/DC,2003,Performer,extra,cb3593d4-c3e8-4356-833d-fd148931f6bd,,"related (tribute), name contains inductee",,0,0
Elvis Costello,2003,Performer,main,8a338e06-d182-46f2-bd16-30a09bc840ba,Elvis Costello,wikidata Q206939,,154,69
Elvis Costello,2003,Performer,extra,0ffb6573-a98e-412e-aa01-0a580e9d8b06,Elvis Costello & The Attractions,"related (member of band), name contains inductee",,65,47
Elvis Costello,2003,Performer,extra,a3e6fa6e-32de-4152-ae38-81291597a10c,Elvis Costello & The Imposters,"related (member of band), name contains inductee",,15,8
The Clash,2003,Performer,main,8f92558c-2baa-4758-8c38-615519e9deda,The Clash,wikidata Q125603,,178,41
The Police,2003,Performer,main,9e0e2b01-41db-4008-bd8b-988977d6019a,The Police,wikidata Q178095,,143,36
The Police,2003,Performer,extra,dce21afd-cab4-4cf0-85f6-5e9faccd2593,,"related (tribute), name contains inductee",,0,0
The Police,2003,Performer,extra,9a228d35-b8b3-45d3-948a-d8a29f944cb8,,"related (tribute), name contains inductee",,0,0
The Police,2003,Performer,extra,4ca91dc4-7df0-420e-98f1-962d8b935d5c,,"related (tribute), name contains inductee",,0,0
The Police,2003,Performer,extra,6ac2bb4a-00eb-48ec-ad15-b831c133cf3c,,"related (tribute), name contains inductee",,0,0
The Righteous Brothers,2003,Performer,main,1ac3366a-a0e9-4a55-8f6e-796fce32a3b2,The Righteous Brothers,wikidata Q610228,,76,28
Benny Benjamin,2003,Musical Excellence,main,473d40f4-6c89-477a-a4b8-869282412cfd,,wikidata Q818041,,0,0
Floyd Cramer,2003,Musical Excellence,main,a7921b29-671a-4378-8a61-539cf73d7588,Floyd Cramer,wikidata Q969629,,68,43
Floyd Cramer,2003,Musical Excellence,extra,72e2f33b-5d7b-43f6-93d7-873640ec6731,,"related (member of band), name contains inductee",,0,0
Steve Douglas,2003,Musical Excellence,main,53f24c2d-76d5-4b2c-ba82-f1830e9caf62,Steve Douglas,wikidata Q2346940,,1,1
Steve Douglas,2003,Musical Excellence,extra,206979c2-8e01-4409-97c1-aabc757cb8f4,,"related (member of band), name contains inductee",,0,0
Bob Seger,2004,Performer,main,4382b934-64c3-47ac-98db-65f26d845c48,Bob Seger,wikidata Q364131,,34,14
Bob Seger,2004,Performer,extra,9fc49c4a-36aa-4a31-afc4-5af368da9949,Bob Seger & The Last Heard,"related (member of band), name contains inductee",,7,5
Bob Seger,2004,Performer,extra,aeea3060-05ba-4dda-8c92-3dc899e24ce8,Bob Seger & the Silver Bullet Band,"related (member of band), name contains inductee",,45,22
Bob Seger,2004,Performer,extra,c96237ac-9319-4cd7-83eb-a2c14e819c6c,The Bob Seger System,"related (member of band), name contains inductee",,8,7
George Harrison,2004,Performer,main,42a8f507-8412-4611-854f-926571049fa0,George Harrison,wikidata Q2643,,131,41
Jackson Browne,2004,Performer,main,88527d26-7496-47c5-8358-ebdb1868a90f,Jackson Browne,wikidata Q355009,,95,59
Prince,2004,Performer,main,070d193a-845c-479f-980e-bef15710653e,Prince,wikidata Q7542,,636,205
Prince,2004,Performer,main,d651d80e-6137-4440-81da-fff5a27a79c4,,wikidata Q7542,,636,205
Prince,2004,Performer,main,d90f9497-deac-4ce3-9cd2-e2c4f4d345db,,wikidata Q7542,,636,205
Prince,2004,Performer,extra,7f28fe45-234e-4f3c-a082-9be1e0042fba,,"related (tribute), name contains inductee",,0,0
Prince,2004,Performer,extra,43e2d3e1-cbf9-4513-8a6c-5e2610ec4436,,"related (tribute), name contains inductee",,0,0
The Dells,2004,Performer,main,f6794ca6-cbd2-4e3d-a860-85a5ce8c6dbe,The Dells,wikidata Q1759086,,60,47
Traffic,2004,Performer,main,9fadfba9-ecae-4383-a4d8-47b043cea19a,Traffic,wikidata Q1048439,,60,19
ZZ Top,2004,Performer,main,a81259a0-a2f5-464b-866e-71220f2739f1,ZZ Top,wikidata Q136591,,149,85
Buddy Guy,2005,Performer,main,4336a134-d091-4e54-9967-c7c433db6d4e,Buddy Guy,wikidata Q314208,,154,45
Buddy Guy,2005,Performer,extra,f4974cef-e353-4e4e-8d2b-60fc369ec42e,Buddy Guy & His Band,"related (member of band), name contains inductee",,1,1
Percy Sledge,2005,Performer,main,c2f37fdf-5e8f-4d9c-9a03-219a8239cf5f,Percy Sledge,wikidata Q445862,,106,29
The O'Jays,2005,Performer,main,8153c6ef-026c-481f-b081-974f2c948d9f,The O’Jays,wikidata Q1749011,,92,48
The Pretenders,2005,Performer,main,e9c832b0-384b-4ee6-aec0-111372784aac,Pretenders,wikidata Q667389,,83,54
The Pretenders,2005,Performer,extra,8151eae4-afbc-4608-8311-2a7b34fa6b71,,"related (tribute), name contains inductee",,0,0
The Pretenders,2005,Performer,extra,dae4fcff-7bdd-4dea-91a0-028ff751588a,,"related (tribute), name contains inductee",,0,0
U2,2005,Performer,main,a3cb23fc-acd3-4ce0-8f36-1e5aa6a18432,U2,wikidata Q396,,1188,160
Black Sabbath,2006,Performer,main,5182c1d9-c7d2-4dad-afa0-ccfeada921a8,Black Sabbath,wikidata Q47670,,217,59
Black Sabbath,2006,Performer,extra,e8db4b2d-df36-4a68-b37d-aa31bd8079ca,,"related (tribute), name contains inductee",,0,0
Black Sabbath,2006,Performer,extra,f2c62e97-42a3-4cec-8351-afac199f472a,,"related (tribute), name contains inductee",,0,0
Black Sabbath,2006,Performer,extra,58436d6d-af28-4794-af66-0f5042463c2d,Black Sabbath Cover Band Rehearsal,"related (tribute), name contains inductee",,1,1
Black Sabbath,2006,Performer,extra,0cd0cf56-a008-43a3-b9be-74445f643ea3,,"related (tribute), name contains inductee",,0,0
Blondie,2006,Performer,main,4d2956d1-a3f7-44bb-9a41-67563e1a0c94,Blondie,wikidata Q202741,,155,67
Blondie,2006,Performer,extra,7a84f00a-e874-4d2e-ac7c-ac4e23e95d13,,"related (tribute), name contains inductee",,0,0
Blondie,2006,Performer,extra,ce584c80-5684-490f-8db9-1b3b8f7d217b,,"related (tribute), name contains inductee",,0,0
Lynyrd Skynyrd,2006,Performer,main,c544ed4d-2390-4442-a83e-1ea2883b09c8,Lynyrd Skynyrd,wikidata Q158462,,153,35
Lynyrd Skynyrd,2006,Performer,extra,01f30da5-c344-494a-97de-30021d5b07c2,Guitar Tribute to Lynyrd Skynyrd,"related (tribute), name contains inductee",,1,1
Miles Davis,2006,Performer,main,561d854a-6a28-4aa7-8c99-323e6ce46c2a,Miles Davis,wikidata Q93341,,780,194
Miles Davis,2006,Performer,extra,55920730-831f-431f-80f7-539a2bf83f98,,"related (founder), name contains inductee",,0,0
Miles Davis,2006,Performer,extra,fe7245e7-d734-4ca1-8e26-691883f58201,Miles Davis Quintet,"related (member of band), name contains inductee",,92,31
Miles Davis,2006,Performer,extra,f137837b-fa55-48d1-8c85-f13961b3ac77,Miles Davis Sextet,"related (member of band), name contains inductee",,9,3
Miles Davis,2006,Performer,extra,03606dee-b333-48fe-b9af-d671c837d40f,Miles Davis Quartet,"related (member of band), name contains inductee",,9,9
Miles Davis,2006,Performer,extra,88130878-7ee9-4ce2-b24b-1dd9da898030,Miles Davis Septet,"related (member of band), name contains inductee",,1,0
Miles Davis,2006,Performer,extra,16d2b8e6-8930-4c9e-856f-e6d096479350,,"related (member of band), name contains inductee",,0,0
Miles Davis,2006,Performer,extra,c52ff92e-b338-4815-bd63-4e9b89795e84,Miles Davis and His Orchestra,"related (member of band), name contains inductee",,5,3
Miles Davis,2006,Performer,extra,607d7275-2b92-49e5-a7ee-32f9cc29b076,Miles Davis All Stars,"related (member of band), name contains inductee",,7,5
Miles Davis,2006,Performer,extra,5464e03d-32be-4e9a-bf74-2567f560df6f,,"related (member of band), name contains inductee",,0,0
Miles Davis,2006,Performer,extra,10e59749-62bb-4aec-b18c-6b7a25714ec9,,"related (tribute), name contains inductee",,0,0
Sex Pistols,2006,Performer,main,e5db18cb-4b1f-496d-a308-548b611090d3,Sex Pistols,wikidata Q82545,,120,27
Sex Pistols,2006,Performer,extra,94d516bd-a1ea-431f-abe1-d3dc0a639d02,Sex Pistols feat. Frank Carter,"related (member of band), name contains inductee",,1,0
Grandmaster Flash,2007,Performer,main,1390d663-2f56-4b41-9f75-f45ba489250b,Grandmaster Flash & The Furious Five,wikidata Q765409,,26,16
Grandmaster Flash,2007,Performer,main,3c9b5ce5-be16-4925-a3f4-4968fb9423ca,Grandmaster Melle Mel & The Furious Five,wikidata Q765409,,15,10
Grandmaster Flash,2007,Performer,extra,7db590cd-d7e6-4b36-b4e7-e8209426b02d,Grandmaster Flash,"related (member of band), name contains inductee",,32,14
Patti Smith,2007,Performer,main,d135874d-9cae-4fef-97e3-36acbd9f5a26,Patti Smith,wikidata Q557,,86,36
Patti Smith,2007,Performer,extra,26638df8-ef34-40d1-8d93-616836b72878,Patti Smith Group,"related (member of band), name contains inductee",,11,7
R.E.M.,2007,Performer,main,ea4dfa26-f633-4da6-a52a-f49ea4897b58,R.E.M.,wikidata Q134969,,385,123
The Ronettes,2007,Performer,main,393e5448-896f-43e9-b80b-4ee58e1e71a4,The Ronettes,wikidata Q530886,,37,19
Van Halen,2007,Performer,main,b665b768-0d83-4363-950c-31ed39317c15,Van Halen,wikidata Q190155,,190,66
Van Halen,2007,Performer,extra,e90678bc-3c05-477a-b171-dd349f320d55,,"related (member of band), name contains inductee",,0,0
Van Halen,2007,Performer,extra,2a66baa5-9832-4fbc-8365-c9f607a89e47,,"related (member of band), name contains inductee",,0,0
Van Halen,2007,Performer,extra,71eb374b-d9a2-4516-999c-6bff4ad05f3b,,"related (member of band), name contains inductee",,0,0
Van Halen,2007,Performer,extra,6954106e-d643-4283-9280-c0508f250881,,"related (tribute), name contains inductee",,0,0
Van Halen,2007,Performer,extra,6fc4b726-8e88-4ff6-a6a3-a694a6f71fc5,,"related (tribute), name contains inductee",,0,0
Van Halen,2007,Performer,extra,ede772e3-9256-420b-8f59-729082096940,JUMP – America’s Van Halen Experience,"related (tribute), name contains inductee",,2,2
Van Halen,2007,Performer,extra,91a75cd2-b10f-4837-b43b-64e6aa677d5f,,"related (tribute), name contains inductee",,0,0
John Mellencamp,2008,Performer,main,0aad6b52-fd93-4ea4-9c5d-1f66e1bc9f0a,John Mellencamp,wikidata Q345431,,118,73
Leonard Cohen,2008,Performer,main,65314b12-0e08-43fa-ba33-baaa7b874c15,Leonard Cohen,wikidata Q1276,,130,41
Madonna,2008,Performer,main,79239441-bfd5-4981-a70c-55c3f15c1287,Madonna,wikidata Q1744,,406,176
The Dave Clark Five,2008,Performer,main,6da6a053-618f-4f17-aea1-c8075bd8cc2d,The Dave Clark Five,wikidata Q1141454,,56,38
The Ventures,2008,Performer,main,b2cc8903-0077-4bef-8454-ac5cef53d126,The Ventures,wikidata Q770732,,256,88
Little Walter,2008,Musical Excellence,main,5545a012-0977-46ff-9d69-39bf5952616f,Little Walter,wikidata Q380261,,65,31
Little Walter,2008,Musical Excellence,extra,d47b6607-df52-45cd-8951-57c13f7343ba,,"related (member of band), name contains inductee",,0,0
Bobby Womack,2009,Performer,main,48e78462-2f0b-4a1a-9fa4-0585e2991e80,Bobby Womack,wikidata Q388286,,107,42
Jeff Beck,2009,Performer,main,14a4bc78-1c2d-4ca7-8d1b-9b58076a2a17,Jeff Beck,wikidata Q192474,,89,31
Jeff Beck,2009,Performer,extra,a6339659-c879-4f88-9908-206d47963e29,Jeff Beck Group,"related (member of band), name contains inductee",,28,8
Little Anthony and the Imperials,2009,Performer,main,bcb77c0a-0faa-4f10-bfd5-fd8583f4bfba,Little Anthony & the Imperials,wikidata Q1364795,,27,16
Metallica,2009,Performer,main,65f4f0c5-ef9e-490c-aee3-909e7ae6b2ab,Metallica,wikidata Q15920,,1098,89
Metallica,2009,Performer,extra,3cc58f89-767e-4926-9ac4-160b8e280cd4,Metallica 2,"related (named after artist), name contains inductee",,1,1
Metallica,2009,Performer,extra,a0b13500-2634-4572-9e66-1afc71319be4,,"related (tribute), name contains inductee",,0,0
Metallica,2009,Performer,extra,d79d0275-89c2-4223-b52b-3d47379ab9ca,,"related (tribute), name contains inductee",,0,0
Metallica,2009,Performer,extra,f55b4371-a3ef-4d95-8b5f-0f1bc02a3d10,,"related (tribute), name contains inductee",,0,0
Metallica,2009,Performer,extra,85433f60-b91f-439c-b52d-7de99cf9831d,,"related (tribute), name contains inductee",,0,0
Metallica,2009,Performer,extra,4b34e494-bbdf-49db-b035-ea2729c1ea2f,,"related (tribute), name contains inductee",,0,0
Metallica,2009,Performer,extra,2e30b0c3-907e-427b-b433-b906ca78c8f0,,"related (tribute), name contains inductee",,0,0
Metallica,2009,Performer,extra,9e8e7fd5-9d42-4474-bc39-bb4a3811e278,,"related (tribute), name contains inductee",,0,0
Metallica,2009,Performer,extra,27822378-da1e-4525-89c2-9624a91a9c7d,,"related (tribute), name contains inductee",,0,0
Metallica,2009,Performer,extra,f835c7a5-b15e-4eb9-bb4e-bb6aacc72f68,,"related (tribute), name contains inductee",,0,0
Metallica,2009,Performer,extra,f17b572e-2485-41c2-936a-97839e4676cd,,"related (tribute), name contains inductee",,0,0
Run-DMC,2009,Performer,main,5ecc3f72-20a6-47a0-8dc5-fb0b3dadeea0,Run‐D.M.C.,wikidata Q159351,,69,42
Bill Black,2009,Musical Excellence,main,83247072-1bc7-44d4-a11a-4fc649ddab13,Bill Black,wikidata Q861962,,2,1
D.J. Fontana,2009,Musical Excellence,main,cb914df3-0925-4078-bc0e-c23c864898af,D.J. Fontana,wikidata Q944786,,1,1
Spooner Oldham,2009,Musical Excellence,main,ba170eca-541b-4ee5-b332-54ff954b75ea,Spooner Oldham,wikidata Q561873,,9,6
Wanda Jackson,2009,Early Influence,main,550fbe01-42e9-4006-bcd0-6a1854dceb8f,Wanda Jackson,wikidata Q235223,,106,47
Wanda Jackson,2009,Early Influence,extra,3e9d622f-15d5-41a3-933e-2e899a04d12f,,"related (member of band), name contains inductee",,0,0
ABBA,2010,Performer,main,d87e52c5-bb8d-4da8-b941-9f4928627dc8,ABBA,wikidata Q18233,,213,74
ABBA,2010,Performer,extra,fe37990a-b5df-48eb-8f3f-29e1aa8a432f,,"related (tribute), name contains inductee",,0,0
ABBA,2010,Performer,extra,a74065b8-1f23-471a-aaf9-f7edc24ff6e2,,"related (tribute), name contains inductee",,0,0
ABBA,2010,Performer,extra,a3c634e7-b5a8-4d94-a147-b5e59007f0f5,,"related (tribute), name contains inductee",,0,0
ABBA,2010,Performer,extra,2297c526-8921-4266-bbe3-7237983e1517,,"related (tribute), name contains inductee",,0,0
ABBA,2010,Performer,extra,c04514d8-8641-4f24-a0f1-db1999993f0a,ABBA Dance,"related (tribute), name contains inductee",,2,0
ABBA,2010,Performer,extra,230ba495-2648-4202-9ef2-da72ed8ba117,,"related (tribute), name contains inductee",,0,0
ABBA,2010,Performer,extra,917750b3-6cb7-4049-906c-4535eceeb37f,,"related (tribute), name contains inductee",,0,0
ABBA,2010,Performer,extra,a91acfa6-7dbd-4f57-9bc0-e2eacf3aa29b,,"related (tribute), name contains inductee",,0,0
ABBA,2010,Performer,extra,47cb8987-6f64-498b-88cb-0f3ae987cc2b,,"related (tribute), name contains inductee",,0,0
ABBA,2010,Performer,extra,89987a11-5c89-4deb-944f-8fe7d7c1ad1b,,"related (tribute), name contains inductee",,0,0
ABBA,2010,Performer,extra,c9008e45-ded3-4b21-a747-ef8c760f555f,,"related (tribute), name contains inductee",,0,0
ABBA,2010,Performer,extra,c192b2a3-c66e-49a8-8f1c-f5c80f084eb8,,"related (tribute), name contains inductee",,0,0
ABBA,2010,Performer,extra,b606b059-d999-499c-833f-29e41e8dd3b8,ABBA Revival Band,"related (tribute), name contains inductee",,3,2
ABBA,2010,Performer,extra,97cf8e39-c4ee-4aa5-87c0-b8f3c6dfb9c9,,"related (tribute), name contains inductee",,0,0
ABBA,2010,Performer,extra,eea69cf6-aab9-47c6-81eb-49f774d17413,,"related (tribute), name contains inductee",,0,0
ABBA,2010,Performer,extra,9c1da6fa-6f12-4fb7-8e35-2ae492d08a58,,"related (tribute), name contains inductee",,0,0
ABBA,2010,Performer,extra,c9f55003-2c63-45c2-973b-876d9a1204cd,,"related (tribute), name contains inductee",,0,0
ABBA,2010,Performer,extra,a8692a79-2f34-49fe-a3d3-54e15e13511d,,"related (tribute), name contains inductee",,0,0
ABBA,2010,Performer,extra,7a4d0e93-6c1e-4f53-b60d-df46d0986b48,,"related (tribute), name contains inductee",,0,0
ABBA,2010,Performer,extra,09839d5f-a068-489e-aee1-2baa8893382c,,"related (tribute), name contains inductee",,0,0
ABBA,2010,Performer,extra,b76d85a5-c4a8-41db-a189-0065a23fe938,Bootleg ABBA,"related (tribute), name contains inductee",,1,0
ABBA,2010,Performer,extra,693e3a52-f33d-4c73-878b-32fb8698d499,,"related (tribute), name contains inductee",,0,0
ABBA,2010,Performer,extra,5b6b6df6-4ef3-4c2a-84e2-96f8b358d076,,"related (tribute), name contains inductee",,0,0
ABBA,2010,Performer,extra,d6ed63f0-6ca9-407c-8895-2ec3e26a8b1e,,"related (tribute), name contains inductee",,0,0
ABBA,2010,Performer,extra,c79541f3-0720-4b6e-b248-e9a3a755b728,,"related (tribute), name contains inductee",,0,0
ABBA,2010,Performer,extra,9ba59411-8472-43e4-b783-7e7021440fa6,,"related (tribute), name contains inductee",,0,0
ABBA,2010,Performer,extra,98f96a88-2839-44ab-95b9-26a540f34589,The Real ABBA Gold,"related (tribute), name contains inductee",,5,3
ABBA,2010,Performer,extra,2f0d3453-b18f-45f1-9122-6cc64b02be26,,"related (tribute), name contains inductee",,0,0
ABBA,2010,Performer,extra,9d38ae0c-c1ee-4cc4-95e8-a7ed91b42d60,,"related (tribute), name contains inductee",,0,0
ABBA,2010,Performer,extra,ec1c6ae6-153c-46bf-bc27-4ef277acae82,,"related (tribute), name contains inductee",,0,0
ABBA,2010,Performer,extra,3cacc1b3-20d6-4a18-b5f6-a4dc8a4b11cb,,"related (tribute), name contains inductee",,0,0
Genesis,2010,Performer,main,8e3fcd7d-bda1-4ca0-b987-b8528d2ee74e,Genesis,wikidata Q151012,,379,79
Genesis,2010,Performer,extra,eeb747d9-fc78-4eb6-9768-0b248d0a0ba1,After Genesis,"related (tribute), name contains inductee",,1,1
Genesis,2010,Performer,extra,40b212e4-2ff2-4ea5-8fd4-ce4d38a6d3ec,,"related (tribute), name contains inductee",,0,0
Genesis,2010,Performer,extra,4ff521ac-936d-4cc5-b3d7-4a9fa8ced683,,"related (tribute), name contains inductee",,0,0
Genesis,2010,Performer,extra,d6b221e8-2f49-4b39-93b5-9f877a04c52c,,"related (tribute), name contains inductee",,0,0
Genesis,2010,Performer,extra,e70a10a9-65c0-4773-99e4-f3ffb4427143,The Path of Genesis,"related (tribute), name contains inductee",,1,1
Genesis,2010,Performer,extra,e60d2b0e-99bf-41a7-bc11-8ffffd9ea6fd,,"related (tribute), name contains inductee",,0,0
Jimmy Cliff,2010,Performer,main,2caa54a7-b08c-41da-b892-3a41abe778be,Jimmy Cliff,wikidata Q109063,,125,55
The Hollies,2010,Performer,main,d4305549-6b4e-4a57-b24d-8af0743fe191,The Hollies,wikidata Q282925,,175,62
The Stooges,2010,Performer,main,794c6bf2-3241-416f-9b8f-24e2d84a1c4b,The Stooges,wikidata Q208767,,37,9
The Stooges,2010,Performer,main,1253e5e9-eaa7-4ce6-81b8-09725e8cee43,Iggy and The Stooges,wikidata Q208767,,53,13
Alice Cooper,2011,Performer,main,ee58c59f-8e7f-4430-b8ca-236c4d3745ae,Alice Cooper,wikidata Q332032,,200,96
Alice Cooper,2011,Performer,extra,4d7928cd-7ed2-4282-8c29-c0c9f966f1bd,Alice Cooper,"related (member of band), name contains inductee",,81,42
Alice Cooper,2011,Performer,extra,316ab08c-7c5d-4edf-9667-ebd28cf519e2,,"related (tribute), name contains inductee",,0,0
Darlene Love,2011,Performer,main,af953ba2-283b-41ef-93bc-b4cfc5feeebc,Darlene Love,wikidata Q270762,,20,12
Dr. John,2011,Performer,main,a40b46f7-7b40-4a28-9dec-a1e3cb440a8b,,wikidata Q511074,,131,49
Dr. John,2011,Performer,main,fe0e1895-aa84-47d9-8e5b-7930fc20709b,Dr. John,wikidata Q511074,,131,49
Dr. John,2011,Performer,extra,aaa6d636-01ed-43ec-87fb-e2e485afa14b,Dr. John and The Nite Trippers,"related (member of band), name contains inductee",,1,0
Dr. John,2011,Performer,extra,82a65a41-b465-48e7-becd-a545a805f419,"Bloomfield, Hammond, Dr.John","related (member of band), name contains inductee",,1,1
Dr. John,2011,Performer,extra,ecaca7ba-dd5c-4684-9c54-a267364a1034,Dr. John and the Lower 911,"related (member of band), name contains inductee",,4,4
Neil Diamond,2011,Performer,main,a42d3fd5-55de-4206-86c3-4fbb5404018f,Neil Diamond,wikidata Q294531,,169,64
Neil Diamond,2011,Performer,extra,db3c550c-8106-4e11-8328-ed01872e073e,,"related (member of band), name contains inductee",,0,0
Tom Waits,2011,Performer,main,c3aeb863-7b26-4388-94e8-5a240f2be21b,Tom Waits,wikidata Q184805,,197,45
Leon Russell,2011,Musical Excellence,main,d4cc0ed5-0f76-4188-9e14-2a23ca12188a,Leon Russell,wikidata Q319374,,75,40
Beastie Boys,2012,Performer,main,9beb62b2-88db-4cea-801e-162cd344ee53,Beastie Boys,wikidata Q214039,,155,64
Bill Haley's Comets,2012,Performer,main,4458d70d-c215-4f06-beea-ebd448dad6ac,Bill Haley and His Comets,wikidata Q2914477,,162,48
Donovan,2012,Performer,main,72d7d717-0837-4f2a-9641-d0f9fdd3acf7,Donovan,wikidata Q317427,,166,72
Donovan,2012,Performer,extra,377f4044-c745-4267-8f21-c858f497bd3a,,"related (parent), name contains inductee",,0,0
Faces,2012,Performer,main,8c7a8406-f15a-408d-b0f6-23be813bdddc,Faces,wikidata Q1136388,,39,12
Guns N' Roses,2012,Performer,main,eeb1195b-f213-4ce1-b28c-8565211f8e43,Guns N’ Roses,wikidata Q11895,,300,52
Guns N' Roses,2012,Performer,extra,7e042aab-e8dc-476e-8b67-c366337857a5,,"related (tribute), name contains inductee",,0,0
Laura Nyro,2012,Performer,main,bb0a1e95-9444-4a05-a1bb-22b8d7ed7844,Laura Nyro,wikidata Q234861,,32,12
Red Hot Chili Peppers,2012,Performer,main,8bfac288-ccc5-448d-9573-c33ea2aa5c30,Red Hot Chili Peppers,wikidata Q10708,,302,90
Red Hot Chili Peppers,2012,Performer,extra,d3cf4f16-a137-4ec6-856b-b14a0f3ebaaa,,"related (tribute), name contains inductee",,0,0
Small Faces,2012,Performer,main,7771a68c-ef6a-400f-978d-64050d45a54c,Small Faces,wikidata Q222628,,114,24
The Blue Caps,2012,Performer,main,2d8d9a9f-bd73-430b-be6c-f038c11e8b9a,The Blue Caps,wikidata Q12376800,,2,1
The Crickets,2012,Performer,main,de9a19b3-531b-4df3-ae90-4763fe282946,The Crickets,wikidata Q2143703,,58,31
The Famous Flames,2012,Performer,main,,,NOT FOUND,,0,0
The Midnighters,2012,Performer,main,c6df3c8d-fdab-4944-b358-265942b5a917,,wikidata Q2412837,,54,40
The Miracles,2012,Performer,main,6a4c2d34-7f7f-4f87-b17f-b5540aa840db,The Miracles,wikidata Q1761222,,97,40
Cosimo Matassa,2012,Musical Excellence,main,457d986d-e9d6-4631-a093-81874cf6e202,,wikidata Q1136060,,0,0
Freddie King,2012,Early Influence,main,d6ae4b23-965f-485a-b2c2-66c43ffaef20,Freddie King,wikidata Q436209,,75,30
Glyn Johns,2012,Musical Excellence,main,9bea300f-ad94-4c0b-b0e2-f41776b53af0,,wikidata Q956126,,0,0
Tom Dowd,2012,Musical Excellence,main,44823452-ad02-4854-8929-7753f71e1c09,,wikidata Q1341906,,0,0
Albert King,2013,Performer,main,10f89195-3af1-46f5-aa36-504aa3309f5a,Albert King,wikidata Q44809,,108,34
Donna Summer,2013,Performer,main,b60527cc-54f3-4bbe-a01b-dcf34c95ae14,Donna Summer,wikidata Q908933,,181,99
Heart,2013,Performer,main,bdbd48f5-abf3-4a4f-9a21-4551dbc3fde9,Heart,wikidata Q941662,,121,58
Heart,2013,Performer,extra,a27009f3-e69d-418f-8e84-c19f26c491ec,,"related (named after artist), name contains inductee",,0,0
Heart,2013,Performer,extra,19871607-e40a-4b3b-9558-b142a4702d98,,"related (tribute), name contains inductee",,0,0
Heart,2013,Performer,extra,fbb6099b-8ff2-49b2-abe8-5dff91598838,,"related (tribute), name contains inductee",,0,0
Heart,2013,Performer,extra,513ff9fc-5bf7-449c-a1ee-9f646a854f37,,"related (tribute), name contains inductee",,0,0
Heart,2013,Performer,extra,c55cea18-30a3-4316-9218-b19b76a4021c,Heart by Heart,"related (tribute), name contains inductee",,1,1
Heart,2013,Performer,extra,4173b58d-57fa-4dd8-a4ae-fe9dc29b88bc,,"related (tribute), name contains inductee",,0,0
Public Enemy,2013,Performer,main,bf2e15d0-4b77-469e-bfb4-f8414415baca,Public Enemy,wikidata Q209182,,92,57
Randy Newman,2013,Performer,main,da7bb7d8-557d-4635-9ca1-e6e985525bd5,Randy Newman,wikidata Q318475,,124,103
Rush,2013,Performer,main,534ee493-bfac-4575-a44a-0ae41e2c3fe4,Rush,wikidata Q203871,,291,64
Rush,2013,Performer,extra,4ccadded-925d-4f03-91e2-b424124b6ce4,,"related (tribute), name contains inductee",,0,0
Rush,2013,Performer,extra,9c296120-9699-45b3-81ad-0bedf445671a,,"related (tribute), name contains inductee",,0,0
Cat Stevens,2014,Performer,main,bf27c046-38b4-4b0f-ad65-358ed588cddf,Yusuf Islam,wikidata Q154216,,38,29
Cat Stevens,2014,Performer,main,e2345fdf-2be7-47c5-a6dd-be64353ad134,Cat Stevens,wikidata Q154216,,102,35
Hall & Oates,2014,Performer,main,debabff3-2559-46e5-862d-ef2a906d7010,Daryl Hall & John Oates,wikidata Q733182,,161,61
Hall & Oates,2014,Performer,extra,95455343-efe9-4c1a-a54f-ab4835c59ea2,,"related (tribute), name contains inductee",,0,0
Kiss,2014,Performer,main,e1f1e33e-2e4c-4d43-b91b-7064068d3283,KISS,wikidata Q124179,,416,116
Kiss,2014,Performer,extra,ce8f1b41-4333-4765-9a5d-0321e951aa60,Kiss Forever Band,"related (tribute), name contains inductee",,3,2
Kiss,2014,Performer,extra,b7157b9d-a2f0-4411-a8d3-2c09746fa124,,"related (tribute), name contains inductee",,0,0
Kiss,2014,Performer,extra,5f7a3c79-5512-4873-a562-2bab6f1b8c6c,,"related (tribute), name contains inductee",,0,0
Kiss,2014,Performer,extra,646d1506-37e9-4703-afe6-7977a4266269,,"related (tribute), name contains inductee",,0,0
Kiss,2014,Performer,extra,b6bdb847-ccd8-4222-a787-3c2859f26a0f,,"related (tribute), name contains inductee",,0,0
Kiss,2014,Performer,extra,b9c2f7d3-687c-4b2a-bfa4-51c7b8dc8fc7,,"related (tribute), name contains inductee",,0,0
Kiss,2014,Performer,extra,2cc21092-95da-45b8-8115-a16dc6e49295,,"related (tribute), name contains inductee",,0,0
Kiss,2014,Performer,extra,a3b93c8a-af88-4f74-bbce-e53b4ca25ce2,Reggae KISS,"related (tribute), name contains inductee",,1,1
Kiss,2014,Performer,extra,b8386b39-d74a-43cf-b8e3-b288c31b4b40,,"related (tribute), name contains inductee",,0,0
Kiss,2014,Performer,extra,58335341-1d5b-47a6-b557-768076e71c49,,"related (tribute), name contains inductee",,0,0
Linda Ronstadt,2014,Performer,main,498f2581-be21-4eef-8756-fbb89d79b1c0,Linda Ronstadt,wikidata Q229375,,111,58
Linda Ronstadt,2014,Performer,extra,b92be0cb-cbc0-451b-974e-17ae9a31e6ea,,"related (tribute), name contains inductee",,0,0
Nirvana,2014,Performer,main,5b11f4ce-a62d-471e-81fc-a69a8278c7da,Nirvana,wikidata Q11649,,493,43
Nirvana,2014,Performer,extra,e5a4c61b-1613-4841-8706-33d99b1e7ba5,,"related (tribute), name contains inductee",,0,0
Nirvana,2014,Performer,extra,1d7c7a00-a650-47a3-8073-9b33cafbed5c,,"related (tribute), name contains inductee",,0,0
Nirvana,2014,Performer,extra,cd2a35bb-e454-4f9e-b384-580505890aef,,"related (tribute), name contains inductee",,0,0
Nirvana,2014,Performer,extra,8f32371e-4bac-4090-ba13-2c1cd1aeab0d,,"related (tribute), name contains inductee",,0,0
Nirvana,2014,Performer,extra,e43ad11b-5d29-45ae-90f7-73ac47fb815d,,"related (tribute), name contains inductee",,0,0
Nirvana,2014,Performer,extra,c00c1f94-55b6-4306-8457-1d46fc823ec1,,"related (tribute), name contains inductee",,0,0
Peter Gabriel,2014,Performer,main,8e66ea2b-b57b-47d9-8df0-df4630aeb8e5,Peter Gabriel,wikidata Q175195,,353,154
E Street Band,2014,Musical Excellence,main,d6652e7b-33fe-49ef-8336-4c863b4f996f,The E Street Band,wikidata Q1276681,,1102,3
E Street Band,2014,Musical Excellence,extra,7abe8819-0146-4003-a87b-4bf44243f0a0,,"related (tribute), name contains inductee",,0,0
Bill Withers,2015,Performer,main,fd1a2d9d-9bb6-44de-83a3-41560658aba9,Bill Withers,wikidata Q346565,,63,21
Green Day,2015,Performer,main,084308bd-1654-436f-ba03-df6697104e19,Green Day,wikidata Q47871,,221,101
Green Day,2015,Performer,extra,2d19b4bd-6169-4634-bd22-06a297dd04a9,,"related (tribute), name contains inductee",,0,0
Joan Jett,2015,Performer,main,46e63d3b-d91b-4791-bb73-e9f638a45ea0,Joan Jett & The Blackhearts,wikidata Q5931437,,55,32
Joan Jett,2015,Performer,extra,f376828a-b438-4fda-bb2e-dcd5fbe81f83,Joan Jett,"related (member of band), name contains inductee",,10,8
Lou Reed,2015,Performer,main,9d1ebcfe-4c15-4d18-95d3-d919898638a1,Lou Reed,wikidata Q189080,,232,52
Paul Butterfield Blues Band,2015,Performer,main,20dcf3aa-c313-4f24-acd4-461327a76a73,The Paul Butterfield Blues Band,wikidata Q1018071,,22,9
Stevie Ray Vaughan,2015,Performer,main,f5426431-f490-4678-ad44-a75c71097bb4,Stevie Ray Vaughan,wikidata Q202937,,94,17
Stevie Ray Vaughan,2015,Performer,extra,e3c8b0c8-3fa0-464b-b1f5-119cb52d3817,Stevie Ray Vaughan and Double Trouble,"related (member of band), name contains inductee",,84,11
Stevie Ray Vaughan,2015,Performer,extra,3b02f333-cc16-4d61-a31b-a1cf8b2c171d,,"related (tribute), name contains inductee",,0,0
Ringo Starr,2015,Musical Excellence,main,300c4c73-33ac-4255-9d57-4e32627f5e13,Ringo Starr,wikidata Q2632,,80,59
Ringo Starr,2015,Musical Excellence,extra,f03600eb-88b2-4cbc-858f-20535f03ca0c,Ringo Starr & His All Starr Band,"related (member of band), name contains inductee",,11,0
"The ""5"" Royales",2015,Early Influence,main,bcf6bbb0-72cb-4963-851c-6e6851dc700d,The “5” Royales,wikidata Q1710161,,43,25
Cheap Trick,2016,Performer,main,9f870653-72b0-4c6d-8c59-439a95963e09,Cheap Trick,wikidata Q1068713,,181,108
Chicago,2016,Performer,main,3f5be744-e867-42fb-8913-5fd69e4099b5,Chicago,wikidata Q371938,,200,80
Chicago,2016,Performer,extra,2b0863f5-fffb-4261-80d4-98bd06a5982b,,"related (tribute), name contains inductee",,0,0
Deep Purple,2016,Performer,main,79491354-3d83-40e3-9d8e-7592d58d790a,Deep Purple,wikidata Q101505,,606,205
Deep Purple,2016,Performer,extra,ef3738cf-1871-46fa-81ba-4ed617f22119,,"related (tribute), name contains inductee",,0,0
N.W.A,2016,Performer,main,3a54bffa-2314-44a2-927b-60144119c780,N.W.A,wikidata Q216856,,17,7
Steve Miller,2016,Performer,main,e57f0cac-4f56-473c-8d7e-d93f753fd586,Steve Miller Band,wikidata Q750927,,84,35
Steve Miller,2016,Performer,extra,a54d9cd2-1359-4ea3-98a1-fe068fc66814,Steve Miller,"related (member of band), name contains inductee",,5,5
2Pac,2017,Performer,main,e263a1d8-8228-4ede-9e17-7acf8470165a,Makaveli,wikidata Q6107,,16,10
2Pac,2017,Performer,main,382f1005-e9ab-4684-afd4-0bdae4ee37f2,2Pac,wikidata Q6107,,205,73
2Pac,2017,Performer,main,98b5a1d4-3f58-412f-950c-ee9d82743705,Tupac Shakur,wikidata Q6107,,3,1
Electric Light Orchestra,2017,Performer,main,0c502791-4ee9-4c5f-9696-0602b721ff3b,Electric Light Orchestra,wikidata Q218255,,148,55
Electric Light Orchestra,2017,Performer,extra,14f388de-2532-469d-ae92-1c6453e9f39d,Electric Light Orchestra Part II,"related (founder), name contains inductee",,10,5
Electric Light Orchestra,2017,Performer,extra,d58d7af0-794f-44ee-b633-411a7b6a3617,,"related (tribute), name contains inductee",,0,0
Joan Baez,2017,Performer,main,92d37892-6186-4459-9cc1-f0dde57652d0,Joan Baez,wikidata Q131725,,158,42
Journey,2017,Performer,main,abd506e1-6f2b-4d6f-b937-92c267f6f88b,Journey,wikidata Q464749,,143,57
Journey,2017,Performer,extra,542c9812-b615-4179-92d2-ae7f9a33c5f5,,"related (tribute), name contains inductee",,0,0
Journey,2017,Performer,extra,07f0d8e5-c6bc-4df1-8cd4-8c4ce975e471,,"related (tribute), name contains inductee",,0,0
Journey,2017,Performer,extra,d6381b35-06ff-49ea-b4df-64724ec809bc,,"related (tribute), name contains inductee",,0,0
Journey,2017,Performer,extra,5d9e5c38-36af-405e-9b24-b97737d61ff6,,"related (tribute), name contains inductee",,0,0
Journey,2017,Performer,extra,4173b58d-57fa-4dd8-a4ae-fe9dc29b88bc,,"related (tribute), name contains inductee",,0,0
Journey,2017,Performer,extra,97b06c60-3ca9-4e5f-9b79-3cb8f086b24c,,"related (tribute), name contains inductee",,0,0
Journey,2017,Performer,extra,e89ffbc5-ca8b-49b8-b8d4-ab966c1e133f,,"related (tribute), name contains inductee",,0,0
Journey,2017,Performer,extra,ca7e2fd2-08e9-4e09-ab6c-4211e1e35220,,"related (tribute), name contains inductee",,0,0
Pearl Jam,2017,Performer,main,83b9cbe7-9857-49e2-ab8e-b57b01038103,Pearl Jam,wikidata Q142701,,1153,135
Pearl Jam,2017,Performer,extra,e307e42a-4e1b-4f5b-a9d5-172deb303687,,"related (tribute), name contains inductee",,0,0
Pearl Jam,2017,Performer,extra,1a91c2aa-7f4a-43f6-b52f-8c29c08fc6c8,,"related (tribute), name contains inductee",,0,0
Pearl Jam,2017,Performer,extra,095c3e15-7289-4782-984a-97ecad4ff34f,,"related (tribute), name contains inductee",,0,0
Pearl Jam,2017,Performer,extra,b064ded0-bdc6-4c8b-8270-03948b14c006,,"related (tribute), name contains inductee",,0,0
Pearl Jam,2017,Performer,extra,57276583-bcfe-4d5d-ba6c-3fefd9f23029,,"related (tribute), name contains inductee",,0,0
Pearl Jam,2017,Performer,extra,649a0fa9-4430-4221-a69e-fcc0823e9ee0,,"related (tribute), name contains inductee",,0,0
Pearl Jam,2017,Performer,extra,882572f6-dcf0-4852-86eb-d28826f9ed1b,Singles Plays Pearl Jam,"related (tribute), name contains inductee",,1,0
Pearl Jam,2017,Performer,extra,77d99389-a664-40a8-9346-0e8bb26d0fe0,,"related (tribute), name contains inductee",,0,0
Yes,2017,Performer,main,c1d4f2ba-cf39-460c-9528-6b827d3417a1,Yes,wikidata Q184386,,272,65
Yes,2017,Performer,extra,eb72422b-d287-404f-acb1-b32fa2330efd,,"related (tribute), name contains inductee",,0,0
Yes,2017,Performer,extra,c0eeb790-f7a7-480f-b6df-cea28906146d,,"related (tribute), name contains inductee",,0,0
Nile Rodgers,2017,Musical Excellence,main,c6d571dd-c0ae-4ac8-9500-780b1b9b25e5,Nile Rodgers,wikidata Q497759,,87,62
Nile Rodgers,2017,Musical Excellence,extra,f29d1be6-f4c5-4829-a429-f45b081203cd,,"related (member of band), name contains inductee",,0,0
Bon Jovi,2018,Performer,main,5dcdb5eb-cb72-4e6e-9e63-b7bace604965,Bon Jovi,wikidata Q259254,,301,102
Bon Jovi,2018,Performer,extra,5ace9b0c-cc21-4d8f-8e08-a70234439f2a,Jon Bon Jovi,"related (member of band), name contains inductee",,21,14
Bon Jovi,2018,Performer,extra,44d6f596-a73f-4906-a71f-fbff59e8649d,,"related (tribute), name contains inductee",,0,0
Bon Jovi,2018,Performer,extra,839c47b5-b19c-41e1-ac64-207af56e4f71,,"related (tribute), name contains inductee",,0,0
Bon Jovi,2018,Performer,extra,f996b250-f6e5-43b8-a11c-dd9de16c3cdf,,"related (tribute), name contains inductee",,0,0
Bon Jovi,2018,Performer,extra,1b2749a2-48f7-4674-930d-76a8459923f2,,"related (tribute), name contains inductee",,0,0
Dire Straits,2018,Performer,main,614e3804-7d34-41ba-857f-811bad7c2b7a,Dire Straits,wikidata Q50040,,182,33
Dire Straits,2018,Performer,extra,bba07b9b-30a8-419a-9496-65fb3d6b5cd9,Dire Straits Experience,"related (tribute), name contains inductee",,1,0
Dire Straits,2018,Performer,extra,eaba7b36-f4e7-4c98-98ff-a657d3eb7141,Dire Straits Legacy,"related (tribute), name contains inductee",,1,1
Dire Straits,2018,Performer,extra,966b5581-84fd-4944-960f-06c41cf41f62,,"related (tribute), name contains inductee",,0,0
Dire Straits,2018,Performer,extra,616202d4-1c3f-4a24-82f9-78f0897007fb,,"related (tribute), name contains inductee",,0,0
Dire Straits,2018,Performer,extra,f64f940a-350c-4797-9e8b-12815cee42fe,,"related (tribute), name contains inductee",,0,0
Dire Straits,2018,Performer,extra,cbbd90c4-2dea-49bb-a1ff-652272b9647e,,"related (tribute), name contains inductee",,0,0
Nina Simone,2018,Performer,main,2944824d-4c26-476f-a981-be849081942f,Nina Simone,wikidata Q174957,,377,51
The Cars,2018,Performer,main,092b603f-eb4c-4958-b10e-02420de5885b,The Cars,musicbrainz name search (check),,53,27
The Cars,2018,Performer,extra,8c916db7-6a8b-4238-ba72-d196be7ae69e,,"related (tribute), name contains inductee",,0,0
The Cars,2018,Performer,extra,7a19d8c7-ad2e-4acd-ab77-5a86a17885f5,,"related (tribute), name contains inductee",,0,0
The Moody Blues,2018,Performer,main,774666d2-2064-4d6c-856c-f8cda0aaf9f0,The Moody Blues,wikidata Q211965,,133,47
Sister Rosetta Tharpe,2018,Early Influence,main,f5625c87-5a62-4b3b-a375-fe08a71acddc,Sister Rosetta Tharpe,wikidata Q438106,,161,106
Def Leppard,2019,Performer,main,7249b899-8db8-43e7-9e6e-22f1e736024e,Def Leppard,wikidata Q182890,,174,88
Janet Jackson,2019,Performer,main,6be2828f-6c0d-4059-99d4-fa18acf1a296,Janet Jackson,wikidata Q131324,,114,93
Radiohead,2019,Performer,main,a74b1b7f-71a5-4011-9441-d0b5e4122711,Radiohead,wikidata Q44190,,508,91
Radiohead,2019,Performer,main,c74f4726-2671-4011-81b6-f70da905c05a,On a Friday,wikidata Q44190,,10,4
Radiohead,2019,Performer,extra,1545e981-65ca-4123-9223-ae8efd72cf54,,"related (tribute), name contains inductee",,0,0
Radiohead,2019,Performer,extra,e48fc8b3-e8ab-4dd4-9dc8-6b0f06ef07d6,,"related (tribute), name contains inductee",,0,0
Roxy Music,2019,Performer,main,331ce348-1b08-40b9-8ed7-0763b92bd003,Roxy Music,wikidata Q334648,,97,26
Stevie Nicks,2019,Performer,main,b7f2cca2-72c6-41fb-ae33-53370fc62fe7,Stevie Nicks,wikidata Q234691,,92,49
The Cure,2019,Performer,main,69ee3720-a7cb-4402-b48d-a02c366f2bcf,The Cure,wikidata Q484427,,407,82
The Cure,2019,Performer,extra,11bbc73b-3217-4408-9a82-2ea8d4d457f3,,"related (tribute), name contains inductee",,0,0
The Zombies,2019,Performer,main,230ca093-1d00-4c57-9235-147942f66930,The Zombies,wikidata Q1163207,,90,38
Depeche Mode,2020,Performer,main,8538e728-ca0b-4321-b7e5-cff6565dd4c0,Depeche Mode,wikidata Q482964,,638,94
Depeche Mode,2020,Performer,extra,dc198318-bce7-4a33-acd4-e0ae7a8b9b3d,,"related (tribute), name contains inductee",,0,0
Depeche Mode,2020,Performer,extra,dbc22c3d-ed99-4267-a1e4-990d5c405d79,,"related (tribute), name contains inductee",,0,0
Nine Inch Nails,2020,Performer,main,b7ffd2af-418f-4be2-bdd1-22f8b48613da,Nine Inch Nails,wikidata Q11647,,299,55
Nine Inch Nails,2020,Performer,extra,52474f36-5caa-45a5-89a6-ca25daa81195,,"related (tribute), name contains inductee",,0,0
T. Rex,2020,Performer,main,c842d29f-a297-48cd-bb71-4f77fd672b16,T. Rex,wikidata Q211770,,220,48
The Doobie Brothers,2020,Performer,main,588dea29-eea3-456b-a815-3ee04f75c8e7,The Doobie Brothers,wikidata Q506670,,130,82
The Notorious B.I.G.,2020,Performer,main,d5d97b2b-b83b-4976-814a-056d9076c8c3,The Notorious B.I.G.,wikidata Q179157,,90,54
Whitney Houston,2020,Performer,main,0307edfc-437c-4b48-8700-80680e66a228,Whitney Houston,wikidata Q34389,,143,76
Carole King,2021,Performer,main,bf6c29f5-b69f-4842-9031-37f9645d365d,Carole King,wikidata Q217787,,120,63
Carole King,2021,Performer,extra,7f6d1cb0-59d9-4b69-aff5-1096d951235c,,"related (tribute), name contains inductee",,0,0
Foo Fighters,2021,Performer,main,67f66c07-6e61-4026-ade5-7e782fad3a5d,Foo Fighters,wikidata Q483718,,310,96
Foo Fighters,2021,Performer,extra,627b5464-88f5-474c-ad31-aad4b973fd9a,,"related (tribute), name contains inductee",,0,0
Jay-Z,2021,Performer,main,f82bcf78-5b69-4622-a5ef-73800768d9ac,JAŸ-Z,wikidata Q62766,,205,119
The Go-Go's,2021,Performer,main,eec163e4-a013-4af0-9641-c5b2df41fff7,Go‐Go’s,wikidata Q1533339,,25,16
Tina Turner,2021,Performer,main,9072df14-b61e-42e2-b4f4-6bbb7fdb5586,Tina Turner,wikidata Q131814,,146,66
Tina Turner,2021,Performer,extra,1c7b3786-b99a-40ab-81e4-f3056da19e13,Ike & Tina Turner,"related (member of band), name contains inductee",,239,43
Todd Rundgren,2021,Performer,main,1a9a8ca0-ea8e-4e9e-96aa-288155bb2c5d,Todd Rundgren,wikidata Q364875,,105,47
Billy Preston,2021,Musical Excellence,main,8a7cf497-dc5c-4523-932d-3fcbc9a69d38,Billy Preston,wikidata Q311450,,63,46
Charley Patton,2021,Early Influence,main,c71b4f57-29da-4bf2-bccb-9dc81cd2d905,Charley Patton,wikidata Q354519,,49,12
Charley Patton,2021,Early Influence,main,b740ea39-cb29-4207-aedf-afe8fc5c1a1a,,wikidata Q354519,,0,0
Gil Scott-Heron,2021,Early Influence,main,b5b89643-c488-4f39-a302-25cab31084a5,Gil Scott‐Heron,wikidata Q378858,,59,34
Kraftwerk,2021,Early Influence,main,5700dcd4-c139-4f31-aa3e-6382b9af9032,Kraftwerk,wikidata Q44892,,157,52
LL Cool J,2021,Musical Excellence,main,a4dd0e77-83b8-4e92-89b7-effb0e47fd8c,LL Cool J,wikidata Q52440,,75,64
Randy Rhoads,2021,Musical Excellence,main,19dccaac-efa8-413f-9042-28006792e0f2,Randy Rhoads,wikidata Q312276,,3,1
Carly Simon,2022,Performer,main,c4df30f5-5487-4806-9189-b69c9f27532c,Carly Simon,wikidata Q181683,,95,76
Dolly Parton,2022,Performer,main,1d543e07-d0d2-4834-a8db-d65c50c2a856,Dolly Parton,wikidata Q180453,,508,320
Duran Duran,2022,Performer,main,1a1cd7f3-e5df-4eca-bae2-2757c9e656b5,Duran Duran,wikidata Q58381,,187,92
Eminem,2022,Performer,main,b95ce3ff-3d05-4e87-9e01-c97b66af13d4,Eminem,wikidata Q5608,,299,152
Eminem,2022,Performer,extra,012fc5b7-6fa1-4047-84e9-c9ee9dfbe152,Eminem Godzilla,"related (named after artist), name contains inductee",,7,7
Eurythmics,2022,Performer,main,b4d32cff-f19e-455f-86c4-f347d824ca61,Eurythmics,wikidata Q207706,,90,53
Lionel Richie,2022,Performer,main,3cb25fb2-5547-4b05-adec-1a5e37830d46,Lionel Richie,wikidata Q26695,,66,44
Pat Benatar,2022,Performer,main,6bc658ea-005f-486b-8f94-33a2e40f7a72,Pat Benatar,wikidata Q235252,,93,48
Elizabeth Cotten,2022,Early Influence,main,907f53c2-f7d1-406a-8071-30262ba472ca,Elizabeth Cotten,wikidata Q454320,,5,3
Harry Belafonte,2022,Early Influence,main,49c48b7f-1ff1-4f02-a1aa-ca1254b46ef2,Harry Belafonte,wikidata Q214959,,214,64
Jimmy Jam & Terry Lewis,2022,Musical Excellence,main,4d632e24-4fef-46b2-b33d-4ece0e3f6a5e,Jam & Lewis,wikidata Q1063111,,5,5
Judas Priest,2022,Musical Excellence,main,6b335658-22c8-485d-93de-0bc29a1d0349,Judas Priest,wikidata Q83468,,243,102
Judas Priest,2022,Musical Excellence,extra,4d2040ce-abcb-43f1-aa0a-90a22ad417d6,,"related (tribute), name contains inductee",,0,0
Judas Priest,2022,Musical Excellence,extra,9e90901f-494f-4cb9-b70d-6ed34e9e6c37,,"related (tribute), name contains inductee",,0,0
George Michael,2023,Performer,main,ccb8f30e-4d71-40c4-8b1d-846dafe73e2c,George Michael,wikidata Q130311,,93,62
Kate Bush,2023,Performer,main,4b585938-f271-45e2-b19a-91c634b5e396,Kate Bush,wikidata Q636,,114,53
Kate Bush,2023,Performer,extra,ab18d11a-a5c6-4e30-a9dd-1b56d0620245,,"related (tribute), name contains inductee",,0,0
Kate Bush,2023,Performer,extra,0a9e7eba-8e55-46b6-9964-0f9de236f144,,"related (tribute), name contains inductee",,0,0
Kate Bush,2023,Performer,extra,2524dffa-a519-431b-a76d-6d1a1e3d8c11,,"related (tribute), name contains inductee",,0,0
Missy Elliott,2023,Performer,main,a0b8cb9e-7532-45fe-a74c-30e7c4009a39,Missy Elliott,wikidata Q155079,,107,81
Rage Against the Machine,2023,Performer,main,3798b104-01cb-484c-a3b0-56adc6399b80,Rage Against the Machine,wikidata Q72092,,132,26
Sheryl Crow,2023,Performer,main,80ccfede-c258-4575-a7ad-c982e9932e0f,Sheryl Crow,wikidata Q200586,,148,90
The Spinners,2023,Performer,main,fd2b6371-5b61-4068-8baa-9c333c97dfd7,The Spinners,wikidata Q2030958,,68,39
Willie Nelson,2023,Performer,main,668fd73c-bf54-4310-a139-305517f05311,Willie Nelson,wikidata Q206112,,487,200
Willie Nelson,2023,Performer,extra,321b53a6-9aa0-4414-9669-57d5a8862f89,Willie Nelson and The Family,"related (member of band), name contains inductee",,2,2
Willie Nelson,2023,Performer,extra,45716fc0-8e06-4143-a47b-327a7906ffb4,Waylon Jennings & Willie Nelson,"related (member of band), name contains inductee",,13,9
Al Kooper,2023,Musical Excellence,main,d6bee229-1957-4891-8d44-c56ac7ea259e,Al Kooper,wikidata Q455605,,27,14
Bernie Taupin,2023,Musical Excellence,main,9a0d0b2d-a727-44a6-a172-53766f186834,Bernie Taupin,wikidata Q353788,,4,4
Bernie Taupin,2023,Musical Excellence,main,f9659b3b-bdfa-4bf1-a219-52bc95a3cab6,,wikidata Q353788,,0,0
Chaka Khan,2023,Musical Excellence,main,900e9144-019d-4043-86cb-ec0e127c39d0,Chaka Khan,wikidata Q229498,,102,76
Chaka Khan,2023,Musical Excellence,extra,ec6b11b5-d6a6-4c77-af55-8076a160cc94,Rufus,wikidata (Rufus (band)),"credited to Rufus, Chaka Khan's band",21,17
DJ Kool Herc,2023,Early Influence,main,8ecc4c7e-9482-4557-bf0f-d74783a9e670,DJ Kool Herc,wikidata Q458787,,1,0
Link Wray,2023,Early Influence,main,1c1c86a2-7850-47ac-8771-ae6359bae2b7,Link Wray,wikidata Q252248,,57,25
Link Wray,2023,Early Influence,extra,211099c8-8e2b-4e96-aa5c-343939754176,Link Wray & His Raymen,"related (member of band), name contains inductee",,24,16
A Tribe Called Quest,2024,Performer,main,9689aa5a-4471-4fb4-9721-07cecda0fa9f,A Tribe Called Quest,wikidata Q300602,,51,34
Cher,2024,Performer,main,bfcc6d75-a6a5-4bc6-8282-47aec8531818,Cher,wikidata Q12003,,207,115
Cher,2024,Performer,extra,3d6e4b6d-2700-458c-9722-9021965a8164,Sonny & Cher,"related (member of band), name contains inductee",,41,14
Cher,2024,Performer,extra,115e693a-20c9-4e07-bc52-9f2655d98961,,"related (tribute), name contains inductee",,0,0
Dave Matthews Band,2024,Performer,main,07e748f1-075e-428d-85dc-ce3be434e906,Dave Matthews Band,wikidata Q832086,,328,57
Dionne Warwick,2024,Performer,main,6784ee31-6d79-4a37-9e1f-01d6ef31940e,Dionne Warwick,wikidata Q234695,,248,106
Foreigner,2024,Performer,main,160629ab-ec18-4931-8c95-02cb92d06186,Foreigner,wikidata Q275059,,113,34
Foreigner,2024,Performer,extra,9026d245-002f-4513-872b-02ec991ba2a1,,"related (tribute), name contains inductee",,0,0
Foreigner,2024,Performer,extra,8ff3fdd4-a791-4c90-9b72-a88dc8c8cf79,,"related (tribute), name contains inductee",,0,0
Kool & the Gang,2024,Performer,main,2469950a-f0ca-425a-bfbc-baf55ea3afde,Kool & the Gang,wikidata Q850290,,187,73
Mary J. Blige,2024,Performer,main,db76c5ca-d555-4f09-b1db-baa1b713d875,Mary J. Blige,wikidata Q228909,,107,88
Ozzy Osbourne,2024,Performer,main,8aa5b65a-5b3c-4029-92bf-47a544356934,Ozzy Osbourne,wikidata Q133151,,153,68
Peter Frampton,2024,Performer,main,638206ee-0e3d-47cf-9769-d73330b15a87,Peter Frampton,wikidata Q337089,,59,27
Peter Frampton,2024,Performer,extra,2b9e5ce3-0f44-41b0-8e7d-595d62a1b067,Peter Frampton Band,"related (member of band), name contains inductee",,1,1
Alexis Korner,2024,Early Influence,main,4d8a7964-df16-4db5-a892-e5bda99d84d2,Alexis Korner,wikidata Q455236,,33,14
Alexis Korner,2024,Early Influence,extra,d6a56832-d11a-4fe6-9455-fca779d494a4,Alexis Korner and Friends,"related (member of band), name contains inductee",,2,0
Alexis Korner,2024,Early Influence,extra,7126675a-5bb1-4290-81bc-f1b1f9060ca2,Alexis Korner's Breakdown Group,"related (member of band), name contains inductee",,1,1
Alexis Korner,2024,Early Influence,extra,8222573f-d1c8-435e-a371-6183c9bdcb15,,"related (member of band), name contains inductee",,0,0
Big Mama Thornton,2024,Early Influence,main,2993f855-403f-4c6a-bea9-088cd5d354dc,Big Mama Thornton,wikidata Q237527,,47,21
Jimmy Buffett,2024,Musical Excellence,main,16fdd9af-467f-47ce-bd29-3413b445b90f,Jimmy Buffett,wikidata Q726071,,105,50
John Mayall,2024,Early Influence,main,18c1e06b-fe76-4802-b070-53a2f6b707bd,John Mayall,wikidata Q316282,,103,47
John Mayall,2024,Early Influence,extra,4756395c-57ed-4a63-afb2-01117f14dff6,John Mayall & the Bluesbreakers,"related (member of band), name contains inductee",,54,22
John Mayall,2024,Early Influence,extra,faedb6ad-bc8b-429b-98cc-e785447d20c3,John Mayall & Friends,"related (member of band), name contains inductee",,1,0
MC5,2024,Musical Excellence,main,08b736bb-1c82-40b4-8b0b-49e2182a067a,MC5,wikidata Q830316,,47,12
Norman Whitfield,2024,Musical Excellence,main,01a7069c-882d-40f5-9575-c59d5bddcd61,,wikidata Q1386948,,0,0
Norman Whitfield,2024,Musical Excellence,extra,2e032268-d09e-4d4f-b65d-ed0d77146475,,"related (parent), name contains inductee",,0,0
Bad Company,2025,Performer,main,0053dbd9-bfbc-4e38-9f08-66a27d914c38,Bad Company,wikidata Q745517,,57,24
Chubby Checker,2025,Performer,main,920febb2-ea05-4339-8a08-17294e60c736,Chubby Checker,wikidata Q317254,,106,52
Cyndi Lauper,2025,Performer,main,7bd9e20e-74b9-446a-a2ed-a223f82a36e7,Cyndi Lauper,wikidata Q1545,,109,64
Joe Cocker,2025,Performer,main,32f2d6bd-c22b-42cf-a7bc-0c4b48cd2bcb,Joe Cocker,wikidata Q190076,,182,68
Joe Cocker,2025,Performer,extra,b8d3b00f-0c60-49e3-9e87-bd703d6639ac,,"related (tribute), name contains inductee",,0,0
Outkast,2025,Performer,main,73fdb566-a9b1-494c-9f32-51768ec9fd27,OutKast,wikidata Q472595,,52,36
Soundgarden,2025,Performer,main,153c9281-268f-4cf3-8938-f5a4593e5df4,Soundgarden,wikidata Q174817,,136,46
The White Stripes,2025,Performer,main,11ae9fbb-f3d7-4a47-936f-4c0a04d3b3b5,The White Stripes,wikidata Q268160,,173,50
Carol Kaye,2025,Musical Excellence,main,c0386e58-15e8-43a8-8cf2-642e2361de5c,Carol Kaye,wikidata Q433273,,3,3
Nicky Hopkins,2025,Musical Excellence,main,6cbe7f39-d487-42e2-8722-23dc2332ea95,Nicky Hopkins,wikidata Q28348,,5,4
Nicky Hopkins,2025,Musical Excellence,extra,9cd282ab-256f-40e1-84e8-e9ed1cec6426,,"related (is person), name contains inductee",,0,0
Salt-N-Pepa,2025,Early Influence,main,26bcd35d-56a3-4e4d-8ad7-7bc5787c3af1,Salt‐N‐Pepa,wikidata Q1545961,,41,33
Thom Bell,2025,Musical Excellence,main,96b63688-fb86-4aff-b682-85f0165bece1,Thom Bell,wikidata Q371348,,2,0
Warren Zevon,2025,Early Influence,main,970fb29f-e288-403e-a388-d2a7889bfa47,Warren Zevon,wikidata Q375792,,51,18
Billy Idol,2026,Performer,main,47c8f88b-987a-4b64-9175-2b1b57809727,Billy Idol,wikidata Q73437,,93,49
Iron Maiden,2026,Performer,main,ca891d65-d9b0-4258-89f7-e6ba29d83767,Iron Maiden,wikidata Q42482,,322,117
Joy Division,2026,Performer,main,9a58fda3-f4ed-4080-a3a5-f457aac9fcdd,Joy Division,wikidata Q172763,,124,13
Joy Division,2026,Performer,main,bb4adc50-5455-45c1-8600-6fb22e202f83,Warsaw,wikidata Q172763,,5,2
Joy Division,2026,Performer,extra,a6be5abb-0a9a-4f8a-a5b9-7743c751c2dc,,"related (tribute), name contains inductee",,0,0
Joy Division,2026,Performer,extra,7cbdc9c2-b7cf-48b3-be8b-9ef46d982259,,"related (tribute), name contains inductee",,0,0
Luther Vandross,2026,Performer,main,816d9b5d-eaf9-4a97-b5f7-6e82cd01aafe,Luther Vandross,wikidata Q311306,,129,67
New Order,2026,Performer,main,f1106b17-dcbb-45f6-b938-199ccfab50cc,New Order,wikidata Q214990,,205,84
Oasis,2026,Performer,main,39ab1aed-75e0-4140-bd47-540276886b60,Oasis,wikidata Q382890,,312,61
Oasis,2026,Performer,extra,fb09ce10-2db3-449c-90df-0721878cbd19,,"related (tribute), name contains inductee",,0,0
Oasis,2026,Performer,extra,515246b6-9f21-487b-aab8-4eca519f9848,,"related (tribute), name contains inductee",,0,0
Oasis,2026,Performer,extra,81390903-6fdf-4458-b60c-720c11f8bc3f,,"related (tribute), name contains inductee",,0,0
Oasis,2026,Performer,extra,51ff8d0a-b6c0-427a-97e4-4d59fe8e9415,,"related (tribute), name contains inductee",,0,0
Oasis,2026,Performer,extra,1ac74553-ae72-4adf-b436-5cb138edebe0,,"related (tribute), name contains inductee",,0,0
Oasis,2026,Performer,extra,011d59ea-ae6c-4a76-95e8-d73b396910fe,,"related (tribute), name contains inductee",,0,0
Oasis,2026,Performer,extra,326abe79-4ce7-4d8a-b155-d4a527f356e9,,"related (tribute), name contains inductee",,0,0
Oasis,2026,Performer,extra,2f4f6703-d638-45be-9224-d63b9a5350f6,,"related (tribute), name contains inductee",,0,0
Oasis,2026,Performer,extra,492b563b-7ed7-43cd-8f58-18031cc47814,,"related (tribute), name contains inductee",,0,0
Oasis,2026,Performer,extra,42e9eb6d-d321-4079-8e13-6aab68781b98,,"related (tribute), name contains inductee",,0,0
Oasis,2026,Performer,extra,4a19e616-2ccb-4d6e-9506-da5d77c6a509,,"related (tribute), name contains inductee",,0,0
Oasis,2026,Performer,extra,f051c547-262d-4331-be04-08736e053138,,"related (tribute), name contains inductee",,0,0
Phil Collins,2026,Performer,main,401c3991-b76b-499d-8082-9f2df958ef78,Phil Collins,wikidata Q144622,,155,83
Phil Collins,2026,Performer,extra,db2553f8-3b4f-4415-a268-fdf8e600fa0b,The Phil Collins Big Band,"related (member of band), name contains inductee",,2,0
Phil Collins,2026,Performer,extra,caf21b73-bba5-4da4-82fe-b05139b8fbe9,,"related (member of band), name contains inductee",,0,0
Sade,2026,Performer,main,67930b3e-e00b-469f-8c74-fd69f20522ec,Sade,wikidata Q658182,,73,36
Sade,2026,Performer,extra,3c6a1239-9858-4ec6-8bf2-208fd2659c68,,"related (member of band), name contains inductee",,0,0
Wu-Tang Clan,2026,Performer,main,0febdcf7-4e1f-4661-9493-b40427de2c13,Wu‐Tang Clan,wikidata Q52463,,100,49
Arif Mardin,2026,Musical Excellence,main,0fc2b542-ecff-48a1-9802-f789a147c1e0,Arif Mardin,wikidata Q660545,,4,4
Celia Cruz,2026,Early Influence,main,7b8e1188-9ca4-4aa5-8393-172de6fa04de,Celia Cruz,wikidata Q474045,,222,96
Fela Kuti,2026,Early Influence,main,6514cffa-fbe0-4965-ad88-e998ead8a82a,Fela Kuti,wikidata Q313868,,117,55
Gram Parsons,2026,Early Influence,main,cbc83fb1-2c23-4ad1-9187-594b30da3f21,Gram Parsons,wikidata Q438124,,22,7
Gram Parsons,2026,Early Influence,extra,865c5076-e863-4b49-a15e-822165cf2f1c,Gram Parsons and the Fallen Angels,"related (member of band), name contains inductee",,5,3
Jimmy Miller,2026,Musical Excellence,main,88f58114-ee4c-4b75-a483-470447dc9009,,wikidata Q59477,,0,0
Linda Creed,2026,Musical Excellence,main,523af0eb-badf-4d80-bf5c-cf102f846ef1,,wikidata Q452483,,0,0
MC Lyte,2026,Early Influence,main,fac552dc-55e5-498c-818a-c278f1e02a75,MC Lyte,wikidata Q455292,,33,29
Queen Latifah,2026,Early Influence,main,7a305f29-539a-456e-93b7-61b0e2ba3ef2,Queen Latifah,wikidata Q1112005,,31,28
Rick Rubin,2026,Musical Excellence,main,07aebfa0-55d6-47e0-a284-12330e3eae0d,Rick Rubin,wikidata Q587361,,1,1
